ISO-10303-21;
HEADER;
FILE_DESCRIPTION(('KiCad electronic assembly'),'2;1');
FILE_NAME('514-Schematic-D.step','2026-02-20T11:40:25',('Pcbnew'),(
    'Kicad'),'Open CASCADE STEP processor 7.8','KiCad to STEP converter'
  ,'Unknown');
FILE_SCHEMA(('AUTOMOTIVE_DESIGN { 1 0 10303 214 1 1 1 1 }'));
ENDSEC;
DATA;
#1 = APPLICATION_PROTOCOL_DEFINITION('international standard',
  'automotive_design',2000,#2);
#2 = APPLICATION_CONTEXT(
  'core data for automotive mechanical design processes');
#3 = SHAPE_DEFINITION_REPRESENTATION(#4,#10);
#4 = PRODUCT_DEFINITION_SHAPE('','',#5);
#5 = PRODUCT_DEFINITION('design','',#6,#9);
#6 = PRODUCT_DEFINITION_FORMATION('','',#7);
#7 = PRODUCT('514-Schematic-D 1','514-Schematic-D 1','',(#8));
#8 = PRODUCT_CONTEXT('',#2,'mechanical');
#9 = PRODUCT_DEFINITION_CONTEXT('part definition',#2,'design');
#10 = SHAPE_REPRESENTATION('',(#11,#15,#19,#23,#27,#31,#35),#39);
#11 = AXIS2_PLACEMENT_3D('',#12,#13,#14);
#12 = CARTESIAN_POINT('',(0.,0.,0.));
#13 = DIRECTION('',(0.,0.,1.));
#14 = DIRECTION('',(1.,0.,-0.));
#15 = AXIS2_PLACEMENT_3D('',#16,#17,#18);
#16 = CARTESIAN_POINT('',(164.06,-94.435,1.595));
#17 = DIRECTION('',(-0.,0.,1.));
#18 = DIRECTION('',(1.110223024625E-16,-1.,0.));
#19 = AXIS2_PLACEMENT_3D('',#20,#21,#22);
#20 = CARTESIAN_POINT('',(168.56,-98.2225,1.595));
#21 = DIRECTION('',(0.,-0.,1.));
#22 = DIRECTION('',(1.110223024625E-16,1.,0.));
#23 = AXIS2_PLACEMENT_3D('',#24,#25,#26);
#24 = CARTESIAN_POINT('',(207.11,-104.81,1.595));
#25 = DIRECTION('',(0.,0.,1.));
#26 = DIRECTION('',(1.,0.,0.));
#27 = AXIS2_PLACEMENT_3D('',#28,#29,#30);
#28 = CARTESIAN_POINT('',(211.6975,-104.81,1.595));
#29 = DIRECTION('',(0.,0.,1.));
#30 = DIRECTION('',(1.,0.,0.));
#31 = AXIS2_PLACEMENT_3D('',#32,#33,#34);
#32 = CARTESIAN_POINT('',(195.5775,-85.61,1.595));
#33 = DIRECTION('',(0.,0.,1.));
#34 = DIRECTION('',(1.,0.,0.));
#35 = AXIS2_PLACEMENT_3D('',#36,#37,#38);
#36 = CARTESIAN_POINT('',(0.,0.,0.));
#37 = DIRECTION('',(0.,0.,1.));
#38 = DIRECTION('',(1.,0.,-0.));
#39 = ( GEOMETRIC_REPRESENTATION_CONTEXT(3) 
GLOBAL_UNCERTAINTY_ASSIGNED_CONTEXT((#43)) GLOBAL_UNIT_ASSIGNED_CONTEXT(
(#40,#41,#42)) REPRESENTATION_CONTEXT('Context #1',
  '3D Context with UNIT and UNCERTAINTY') );
#40 = ( LENGTH_UNIT() NAMED_UNIT(*) SI_UNIT(.MILLI.,.METRE.) );
#41 = ( NAMED_UNIT(*) PLANE_ANGLE_UNIT() SI_UNIT($,.RADIAN.) );
#42 = ( NAMED_UNIT(*) SI_UNIT($,.STERADIAN.) SOLID_ANGLE_UNIT() );
#43 = UNCERTAINTY_MEASURE_WITH_UNIT(LENGTH_MEASURE(2.E-06),#40,
  'distance_accuracy_value','confusion accuracy');
#44 = PRODUCT_RELATED_PRODUCT_CATEGORY('part',$,(#7));
#45 = SHAPE_DEFINITION_REPRESENTATION(#46,#52);
#46 = PRODUCT_DEFINITION_SHAPE('','',#47);
#47 = PRODUCT_DEFINITION('design','',#48,#51);
#48 = PRODUCT_DEFINITION_FORMATION('','',#49);
#49 = PRODUCT('LED_0603_1608Metric','LED_0603_1608Metric','',(#50));
#50 = PRODUCT_CONTEXT('',#2,'mechanical');
#51 = PRODUCT_DEFINITION_CONTEXT('part definition',#2,'design');
#52 = ADVANCED_BREP_SHAPE_REPRESENTATION('',(#11,#53),#1576);
#53 = MANIFOLD_SOLID_BREP('',#54);
#54 = CLOSED_SHELL('',(#55,#95,#142,#221,#245,#285,#316,#333,#366,#390,
    #457,#578,#645,#669,#700,#733,#789,#813,#837,#861,#894,#906,#969,
    #994,#1011,#1035,#1053,#1071,#1089,#1106,#1123,#1154,#1179,#1204,
    #1228,#1245,#1276,#1300,#1317,#1345,#1370,#1394,#1419,#1466,#1483,
    #1495,#1517,#1529,#1547,#1565));
#55 = ADVANCED_FACE('',(#56),#90,.F.);
#56 = FACE_BOUND('',#57,.F.);
#57 = EDGE_LOOP('',(#58,#68,#76,#84));
#58 = ORIENTED_EDGE('',*,*,#59,.T.);
#59 = EDGE_CURVE('',#60,#62,#64,.T.);
#60 = VERTEX_POINT('',#61);
#61 = CARTESIAN_POINT('',(-0.5,-0.4,0.47));
#62 = VERTEX_POINT('',#63);
#63 = CARTESIAN_POINT('',(-0.45,-0.4,1.1));
#64 = LINE('',#65,#66);
#65 = CARTESIAN_POINT('',(-0.5,-0.4,0.47));
#66 = VECTOR('',#67,1.);
#67 = DIRECTION('',(7.911630099815E-02,0.,0.996865392576));
#68 = ORIENTED_EDGE('',*,*,#69,.T.);
#69 = EDGE_CURVE('',#62,#70,#72,.T.);
#70 = VERTEX_POINT('',#71);
#71 = CARTESIAN_POINT('',(0.45,-0.4,1.1));
#72 = LINE('',#73,#74);
#73 = CARTESIAN_POINT('',(-0.45,-0.4,1.1));
#74 = VECTOR('',#75,1.);
#75 = DIRECTION('',(1.,0.,0.));
#76 = ORIENTED_EDGE('',*,*,#77,.T.);
#77 = EDGE_CURVE('',#70,#78,#80,.T.);
#78 = VERTEX_POINT('',#79);
#79 = CARTESIAN_POINT('',(0.5,-0.4,0.47));
#80 = LINE('',#81,#82);
#81 = CARTESIAN_POINT('',(0.45,-0.4,1.1));
#82 = VECTOR('',#83,1.);
#83 = DIRECTION('',(7.911630099815E-02,0.,-0.996865392576));
#84 = ORIENTED_EDGE('',*,*,#85,.T.);
#85 = EDGE_CURVE('',#78,#60,#86,.T.);
#86 = LINE('',#87,#88);
#87 = CARTESIAN_POINT('',(0.5,-0.4,0.47));
#88 = VECTOR('',#89,1.);
#89 = DIRECTION('',(-1.,0.,0.));
#90 = PLANE('',#91);
#91 = AXIS2_PLACEMENT_3D('',#92,#93,#94);
#92 = CARTESIAN_POINT('',(-8.772411109409E-18,-0.4,0.775044128294));
#93 = DIRECTION('',(0.,1.,0.));
#94 = DIRECTION('',(0.,-0.,1.));
#95 = ADVANCED_FACE('',(#96),#137,.T.);
#96 = FACE_BOUND('',#97,.T.);
#97 = EDGE_LOOP('',(#98,#108,#116,#122,#123,#131));
#98 = ORIENTED_EDGE('',*,*,#99,.T.);
#99 = EDGE_CURVE('',#100,#102,#104,.T.);
#100 = VERTEX_POINT('',#101);
#101 = CARTESIAN_POINT('',(-0.5,0.4,0.47));
#102 = VERTEX_POINT('',#103);
#103 = CARTESIAN_POINT('',(-0.5,0.3,0.47));
#104 = LINE('',#105,#106);
#105 = CARTESIAN_POINT('',(-0.5,0.4,0.47));
#106 = VECTOR('',#107,1.);
#107 = DIRECTION('',(0.,-1.,0.));
#108 = ORIENTED_EDGE('',*,*,#109,.F.);
#109 = EDGE_CURVE('',#110,#102,#112,.T.);
#110 = VERTEX_POINT('',#111);
#111 = CARTESIAN_POINT('',(-0.5,-0.3,0.47));
#112 = LINE('',#113,#114);
#113 = CARTESIAN_POINT('',(-0.5,-0.4,0.47));
#114 = VECTOR('',#115,1.);
#115 = DIRECTION('',(0.,1.,0.));
#116 = ORIENTED_EDGE('',*,*,#117,.T.);
#117 = EDGE_CURVE('',#110,#60,#118,.T.);
#118 = LINE('',#119,#120);
#119 = CARTESIAN_POINT('',(-0.5,0.4,0.47));
#120 = VECTOR('',#121,1.);
#121 = DIRECTION('',(0.,-1.,0.));
#122 = ORIENTED_EDGE('',*,*,#59,.T.);
#123 = ORIENTED_EDGE('',*,*,#124,.F.);
#124 = EDGE_CURVE('',#125,#62,#127,.T.);
#125 = VERTEX_POINT('',#126);
#126 = CARTESIAN_POINT('',(-0.45,0.4,1.1));
#127 = LINE('',#128,#129);
#128 = CARTESIAN_POINT('',(-0.45,0.4,1.1));
#129 = VECTOR('',#130,1.);
#130 = DIRECTION('',(0.,-1.,0.));
#131 = ORIENTED_EDGE('',*,*,#132,.F.);
#132 = EDGE_CURVE('',#100,#125,#133,.T.);
#133 = LINE('',#134,#135);
#134 = CARTESIAN_POINT('',(-0.5,0.4,0.47));
#135 = VECTOR('',#136,1.);
#136 = DIRECTION('',(7.911630099815E-02,0.,0.996865392576));
#137 = PLANE('',#138);
#138 = AXIS2_PLACEMENT_3D('',#139,#140,#141);
#139 = CARTESIAN_POINT('',(-0.5,0.4,0.47));
#140 = DIRECTION('',(-0.996865392576,0.,7.911630099815E-02));
#141 = DIRECTION('',(7.911630099815E-02,0.,0.996865392576));
#142 = ADVANCED_FACE('',(#143),#216,.F.);
#143 = FACE_BOUND('',#144,.F.);
#144 = EDGE_LOOP('',(#145,#155,#163,#171,#177,#178,#186,#194,#202,#210)
  );
#145 = ORIENTED_EDGE('',*,*,#146,.F.);
#146 = EDGE_CURVE('',#147,#149,#151,.T.);
#147 = VERTEX_POINT('',#148);
#148 = CARTESIAN_POINT('',(-0.77,-0.4,3.E-02));
#149 = VERTEX_POINT('',#150);
#150 = CARTESIAN_POINT('',(-0.725,-0.4,3.E-02));
#151 = LINE('',#152,#153);
#152 = CARTESIAN_POINT('',(-0.77,-0.4,3.E-02));
#153 = VECTOR('',#154,1.);
#154 = DIRECTION('',(1.,0.,0.));
#155 = ORIENTED_EDGE('',*,*,#156,.T.);
#156 = EDGE_CURVE('',#147,#157,#159,.T.);
#157 = VERTEX_POINT('',#158);
#158 = CARTESIAN_POINT('',(-0.77,-0.4,0.47));
#159 = LINE('',#160,#161);
#160 = CARTESIAN_POINT('',(-0.77,-0.4,3.E-02));
#161 = VECTOR('',#162,1.);
#162 = DIRECTION('',(0.,0.,1.));
#163 = ORIENTED_EDGE('',*,*,#164,.T.);
#164 = EDGE_CURVE('',#157,#165,#167,.T.);
#165 = VERTEX_POINT('',#166);
#166 = CARTESIAN_POINT('',(-0.725,-0.4,0.47));
#167 = LINE('',#168,#169);
#168 = CARTESIAN_POINT('',(-0.77,-0.4,0.47));
#169 = VECTOR('',#170,1.);
#170 = DIRECTION('',(1.,0.,0.));
#171 = ORIENTED_EDGE('',*,*,#172,.T.);
#172 = EDGE_CURVE('',#165,#60,#173,.T.);
#173 = LINE('',#174,#175);
#174 = CARTESIAN_POINT('',(-0.77,-0.4,0.47));
#175 = VECTOR('',#176,1.);
#176 = DIRECTION('',(1.,0.,0.));
#177 = ORIENTED_EDGE('',*,*,#85,.F.);
#178 = ORIENTED_EDGE('',*,*,#179,.T.);
#179 = EDGE_CURVE('',#78,#180,#182,.T.);
#180 = VERTEX_POINT('',#181);
#181 = CARTESIAN_POINT('',(0.725,-0.4,0.47));
#182 = LINE('',#183,#184);
#183 = CARTESIAN_POINT('',(-0.77,-0.4,0.47));
#184 = VECTOR('',#185,1.);
#185 = DIRECTION('',(1.,0.,0.));
#186 = ORIENTED_EDGE('',*,*,#187,.T.);
#187 = EDGE_CURVE('',#180,#188,#190,.T.);
#188 = VERTEX_POINT('',#189);
#189 = CARTESIAN_POINT('',(0.77,-0.4,0.47));
#190 = LINE('',#191,#192);
#191 = CARTESIAN_POINT('',(-0.77,-0.4,0.47));
#192 = VECTOR('',#193,1.);
#193 = DIRECTION('',(1.,0.,0.));
#194 = ORIENTED_EDGE('',*,*,#195,.F.);
#195 = EDGE_CURVE('',#196,#188,#198,.T.);
#196 = VERTEX_POINT('',#197);
#197 = CARTESIAN_POINT('',(0.77,-0.4,3.E-02));
#198 = LINE('',#199,#200);
#199 = CARTESIAN_POINT('',(0.77,-0.4,3.E-02));
#200 = VECTOR('',#201,1.);
#201 = DIRECTION('',(0.,0.,1.));
#202 = ORIENTED_EDGE('',*,*,#203,.F.);
#203 = EDGE_CURVE('',#204,#196,#206,.T.);
#204 = VERTEX_POINT('',#205);
#205 = CARTESIAN_POINT('',(0.725,-0.4,3.E-02));
#206 = LINE('',#207,#208);
#207 = CARTESIAN_POINT('',(-0.77,-0.4,3.E-02));
#208 = VECTOR('',#209,1.);
#209 = DIRECTION('',(1.,0.,0.));
#210 = ORIENTED_EDGE('',*,*,#211,.F.);
#211 = EDGE_CURVE('',#149,#204,#212,.T.);
#212 = LINE('',#213,#214);
#213 = CARTESIAN_POINT('',(-0.77,-0.4,3.E-02));
#214 = VECTOR('',#215,1.);
#215 = DIRECTION('',(1.,0.,0.));
#216 = PLANE('',#217);
#217 = AXIS2_PLACEMENT_3D('',#218,#219,#220);
#218 = CARTESIAN_POINT('',(-0.77,-0.4,3.E-02));
#219 = DIRECTION('',(0.,1.,0.));
#220 = DIRECTION('',(0.,-0.,1.));
#221 = ADVANCED_FACE('',(#222),#240,.T.);
#222 = FACE_BOUND('',#223,.T.);
#223 = EDGE_LOOP('',(#224,#225,#226,#234));
#224 = ORIENTED_EDGE('',*,*,#124,.T.);
#225 = ORIENTED_EDGE('',*,*,#69,.T.);
#226 = ORIENTED_EDGE('',*,*,#227,.F.);
#227 = EDGE_CURVE('',#228,#70,#230,.T.);
#228 = VERTEX_POINT('',#229);
#229 = CARTESIAN_POINT('',(0.45,0.4,1.1));
#230 = LINE('',#231,#232);
#231 = CARTESIAN_POINT('',(0.45,0.4,1.1));
#232 = VECTOR('',#233,1.);
#233 = DIRECTION('',(0.,-1.,0.));
#234 = ORIENTED_EDGE('',*,*,#235,.F.);
#235 = EDGE_CURVE('',#125,#228,#236,.T.);
#236 = LINE('',#237,#238);
#237 = CARTESIAN_POINT('',(-0.45,0.4,1.1));
#238 = VECTOR('',#239,1.);
#239 = DIRECTION('',(1.,0.,0.));
#240 = PLANE('',#241);
#241 = AXIS2_PLACEMENT_3D('',#242,#243,#244);
#242 = CARTESIAN_POINT('',(-0.45,0.4,1.1));
#243 = DIRECTION('',(0.,0.,1.));
#244 = DIRECTION('',(1.,0.,-0.));
#245 = ADVANCED_FACE('',(#246),#280,.T.);
#246 = FACE_BOUND('',#247,.T.);
#247 = EDGE_LOOP('',(#248,#249,#250,#258,#266,#274));
#248 = ORIENTED_EDGE('',*,*,#227,.T.);
#249 = ORIENTED_EDGE('',*,*,#77,.T.);
#250 = ORIENTED_EDGE('',*,*,#251,.F.);
#251 = EDGE_CURVE('',#252,#78,#254,.T.);
#252 = VERTEX_POINT('',#253);
#253 = CARTESIAN_POINT('',(0.5,-0.3,0.47));
#254 = LINE('',#255,#256);
#255 = CARTESIAN_POINT('',(0.5,0.4,0.47));
#256 = VECTOR('',#257,1.);
#257 = DIRECTION('',(0.,-1.,0.));
#258 = ORIENTED_EDGE('',*,*,#259,.T.);
#259 = EDGE_CURVE('',#252,#260,#262,.T.);
#260 = VERTEX_POINT('',#261);
#261 = CARTESIAN_POINT('',(0.5,0.3,0.47));
#262 = LINE('',#263,#264);
#263 = CARTESIAN_POINT('',(0.5,-0.4,0.47));
#264 = VECTOR('',#265,1.);
#265 = DIRECTION('',(0.,1.,0.));
#266 = ORIENTED_EDGE('',*,*,#267,.F.);
#267 = EDGE_CURVE('',#268,#260,#270,.T.);
#268 = VERTEX_POINT('',#269);
#269 = CARTESIAN_POINT('',(0.5,0.4,0.47));
#270 = LINE('',#271,#272);
#271 = CARTESIAN_POINT('',(0.5,0.4,0.47));
#272 = VECTOR('',#273,1.);
#273 = DIRECTION('',(0.,-1.,0.));
#274 = ORIENTED_EDGE('',*,*,#275,.F.);
#275 = EDGE_CURVE('',#228,#268,#276,.T.);
#276 = LINE('',#277,#278);
#277 = CARTESIAN_POINT('',(0.45,0.4,1.1));
#278 = VECTOR('',#279,1.);
#279 = DIRECTION('',(7.911630099815E-02,0.,-0.996865392576));
#280 = PLANE('',#281);
#281 = AXIS2_PLACEMENT_3D('',#282,#283,#284);
#282 = CARTESIAN_POINT('',(0.45,0.4,1.1));
#283 = DIRECTION('',(0.996865392576,0.,7.911630099815E-02));
#284 = DIRECTION('',(7.911630099815E-02,0.,-0.996865392576));
#285 = ADVANCED_FACE('',(#286),#311,.T.);
#286 = FACE_BOUND('',#287,.T.);
#287 = EDGE_LOOP('',(#288,#296,#304,#310));
#288 = ORIENTED_EDGE('',*,*,#289,.F.);
#289 = EDGE_CURVE('',#290,#100,#292,.T.);
#290 = VERTEX_POINT('',#291);
#291 = CARTESIAN_POINT('',(-0.725,0.4,0.47));
#292 = LINE('',#293,#294);
#293 = CARTESIAN_POINT('',(-0.77,0.4,0.47));
#294 = VECTOR('',#295,1.);
#295 = DIRECTION('',(1.,0.,0.));
#296 = ORIENTED_EDGE('',*,*,#297,.F.);
#297 = EDGE_CURVE('',#298,#290,#300,.T.);
#298 = VERTEX_POINT('',#299);
#299 = CARTESIAN_POINT('',(-0.725,0.3,0.47));
#300 = LINE('',#301,#302);
#301 = CARTESIAN_POINT('',(-0.725,5.E-02,0.47));
#302 = VECTOR('',#303,1.);
#303 = DIRECTION('',(0.,1.,0.));
#304 = ORIENTED_EDGE('',*,*,#305,.F.);
#305 = EDGE_CURVE('',#102,#298,#306,.T.);
#306 = LINE('',#307,#308);
#307 = CARTESIAN_POINT('',(-0.7475,0.3,0.47));
#308 = VECTOR('',#309,1.);
#309 = DIRECTION('',(-1.,0.,0.));
#310 = ORIENTED_EDGE('',*,*,#99,.F.);
#311 = PLANE('',#312);
#312 = AXIS2_PLACEMENT_3D('',#313,#314,#315);
#313 = CARTESIAN_POINT('',(-0.77,-0.4,0.47));
#314 = DIRECTION('',(0.,0.,1.));
#315 = DIRECTION('',(1.,0.,-0.));
#316 = ADVANCED_FACE('',(#317),#328,.T.);
#317 = FACE_BOUND('',#318,.T.);
#318 = EDGE_LOOP('',(#319,#320,#321,#322));
#319 = ORIENTED_EDGE('',*,*,#132,.T.);
#320 = ORIENTED_EDGE('',*,*,#235,.T.);
#321 = ORIENTED_EDGE('',*,*,#275,.T.);
#322 = ORIENTED_EDGE('',*,*,#323,.T.);
#323 = EDGE_CURVE('',#268,#100,#324,.T.);
#324 = LINE('',#325,#326);
#325 = CARTESIAN_POINT('',(0.5,0.4,0.47));
#326 = VECTOR('',#327,1.);
#327 = DIRECTION('',(-1.,0.,0.));
#328 = PLANE('',#329);
#329 = AXIS2_PLACEMENT_3D('',#330,#331,#332);
#330 = CARTESIAN_POINT('',(-8.772411109409E-18,0.4,0.775044128294));
#331 = DIRECTION('',(0.,1.,0.));
#332 = DIRECTION('',(0.,-0.,1.));
#333 = ADVANCED_FACE('',(#334),#361,.T.);
#334 = FACE_BOUND('',#335,.T.);
#335 = EDGE_LOOP('',(#336,#345,#353,#360));
#336 = ORIENTED_EDGE('',*,*,#337,.F.);
#337 = EDGE_CURVE('',#338,#102,#340,.T.);
#338 = VERTEX_POINT('',#339);
#339 = CARTESIAN_POINT('',(-0.53,0.3,0.5));
#340 = CIRCLE('',#341,3.E-02);
#341 = AXIS2_PLACEMENT_3D('',#342,#343,#344);
#342 = CARTESIAN_POINT('',(-0.53,0.3,0.47));
#343 = DIRECTION('',(-0.,1.,0.));
#344 = DIRECTION('',(1.,0.,0.));
#345 = ORIENTED_EDGE('',*,*,#346,.F.);
#346 = EDGE_CURVE('',#347,#338,#349,.T.);
#347 = VERTEX_POINT('',#348);
#348 = CARTESIAN_POINT('',(-0.53,-0.3,0.5));
#349 = LINE('',#350,#351);
#350 = CARTESIAN_POINT('',(-0.53,-0.4,0.5));
#351 = VECTOR('',#352,1.);
#352 = DIRECTION('',(0.,1.,0.));
#353 = ORIENTED_EDGE('',*,*,#354,.T.);
#354 = EDGE_CURVE('',#347,#110,#355,.T.);
#355 = CIRCLE('',#356,3.E-02);
#356 = AXIS2_PLACEMENT_3D('',#357,#358,#359);
#357 = CARTESIAN_POINT('',(-0.53,-0.3,0.47));
#358 = DIRECTION('',(-0.,1.,0.));
#359 = DIRECTION('',(1.,0.,0.));
#360 = ORIENTED_EDGE('',*,*,#109,.T.);
#361 = CYLINDRICAL_SURFACE('',#362,3.E-02);
#362 = AXIS2_PLACEMENT_3D('',#363,#364,#365);
#363 = CARTESIAN_POINT('',(-0.53,-0.4,0.47));
#364 = DIRECTION('',(0.,1.,0.));
#365 = DIRECTION('',(1.,0.,0.));
#366 = ADVANCED_FACE('',(#367),#385,.T.);
#367 = FACE_BOUND('',#368,.T.);
#368 = EDGE_LOOP('',(#369,#377,#378,#379));
#369 = ORIENTED_EDGE('',*,*,#370,.F.);
#370 = EDGE_CURVE('',#165,#371,#373,.T.);
#371 = VERTEX_POINT('',#372);
#372 = CARTESIAN_POINT('',(-0.725,-0.3,0.47));
#373 = LINE('',#374,#375);
#374 = CARTESIAN_POINT('',(-0.725,-0.35,0.47));
#375 = VECTOR('',#376,1.);
#376 = DIRECTION('',(0.,1.,0.));
#377 = ORIENTED_EDGE('',*,*,#172,.T.);
#378 = ORIENTED_EDGE('',*,*,#117,.F.);
#379 = ORIENTED_EDGE('',*,*,#380,.F.);
#380 = EDGE_CURVE('',#371,#110,#381,.T.);
#381 = LINE('',#382,#383);
#382 = CARTESIAN_POINT('',(-2.25E-02,-0.3,0.47));
#383 = VECTOR('',#384,1.);
#384 = DIRECTION('',(1.,0.,0.));
#385 = PLANE('',#386);
#386 = AXIS2_PLACEMENT_3D('',#387,#388,#389);
#387 = CARTESIAN_POINT('',(-0.77,-0.4,0.47));
#388 = DIRECTION('',(0.,0.,1.));
#389 = DIRECTION('',(1.,0.,-0.));
#390 = ADVANCED_FACE('',(#391),#452,.F.);
#391 = FACE_BOUND('',#392,.F.);
#392 = EDGE_LOOP('',(#393,#403,#412,#420,#429,#437,#443,#444,#445,#446)
  );
#393 = ORIENTED_EDGE('',*,*,#394,.F.);
#394 = EDGE_CURVE('',#395,#397,#399,.T.);
#395 = VERTEX_POINT('',#396);
#396 = CARTESIAN_POINT('',(-0.77,-0.4,-3.469446951954E-18));
#397 = VERTEX_POINT('',#398);
#398 = CARTESIAN_POINT('',(-0.725,-0.4,0.));
#399 = LINE('',#400,#401);
#400 = CARTESIAN_POINT('',(-0.8,-0.4,0.));
#401 = VECTOR('',#402,1.);
#402 = DIRECTION('',(1.,0.,0.));
#403 = ORIENTED_EDGE('',*,*,#404,.F.);
#404 = EDGE_CURVE('',#405,#395,#407,.T.);
#405 = VERTEX_POINT('',#406);
#406 = CARTESIAN_POINT('',(-0.8,-0.4,3.E-02));
#407 = CIRCLE('',#408,3.E-02);
#408 = AXIS2_PLACEMENT_3D('',#409,#410,#411);
#409 = CARTESIAN_POINT('',(-0.77,-0.4,3.E-02));
#410 = DIRECTION('',(0.,-1.,0.));
#411 = DIRECTION('',(0.,0.,1.));
#412 = ORIENTED_EDGE('',*,*,#413,.T.);
#413 = EDGE_CURVE('',#405,#414,#416,.T.);
#414 = VERTEX_POINT('',#415);
#415 = CARTESIAN_POINT('',(-0.8,-0.4,0.47));
#416 = LINE('',#417,#418);
#417 = CARTESIAN_POINT('',(-0.8,-0.4,0.));
#418 = VECTOR('',#419,1.);
#419 = DIRECTION('',(0.,0.,1.));
#420 = ORIENTED_EDGE('',*,*,#421,.T.);
#421 = EDGE_CURVE('',#414,#422,#424,.T.);
#422 = VERTEX_POINT('',#423);
#423 = CARTESIAN_POINT('',(-0.77,-0.4,0.5));
#424 = CIRCLE('',#425,3.E-02);
#425 = AXIS2_PLACEMENT_3D('',#426,#427,#428);
#426 = CARTESIAN_POINT('',(-0.77,-0.4,0.47));
#427 = DIRECTION('',(0.,1.,0.));
#428 = DIRECTION('',(0.,-0.,1.));
#429 = ORIENTED_EDGE('',*,*,#430,.T.);
#430 = EDGE_CURVE('',#422,#431,#433,.T.);
#431 = VERTEX_POINT('',#432);
#432 = CARTESIAN_POINT('',(-0.725,-0.4,0.5));
#433 = LINE('',#434,#435);
#434 = CARTESIAN_POINT('',(-0.8,-0.4,0.5));
#435 = VECTOR('',#436,1.);
#436 = DIRECTION('',(1.,0.,0.));
#437 = ORIENTED_EDGE('',*,*,#438,.F.);
#438 = EDGE_CURVE('',#165,#431,#439,.T.);
#439 = LINE('',#440,#441);
#440 = CARTESIAN_POINT('',(-0.725,-0.4,0.375));
#441 = VECTOR('',#442,1.);
#442 = DIRECTION('',(0.,0.,1.));
#443 = ORIENTED_EDGE('',*,*,#164,.F.);
#444 = ORIENTED_EDGE('',*,*,#156,.F.);
#445 = ORIENTED_EDGE('',*,*,#146,.T.);
#446 = ORIENTED_EDGE('',*,*,#447,.F.);
#447 = EDGE_CURVE('',#397,#149,#448,.T.);
#448 = LINE('',#449,#450);
#449 = CARTESIAN_POINT('',(-0.725,-0.4,0.375));
#450 = VECTOR('',#451,1.);
#451 = DIRECTION('',(0.,0.,1.));
#452 = PLANE('',#453);
#453 = AXIS2_PLACEMENT_3D('',#454,#455,#456);
#454 = CARTESIAN_POINT('',(-0.8,-0.4,0.));
#455 = DIRECTION('',(0.,1.,0.));
#456 = DIRECTION('',(0.,-0.,1.));
#457 = ADVANCED_FACE('',(#458,#547),#573,.F.);
#458 = FACE_BOUND('',#459,.F.);
#459 = EDGE_LOOP('',(#460,#468,#469,#477,#485,#493,#501,#509,#517,#525,
    #533,#541));
#460 = ORIENTED_EDGE('',*,*,#461,.F.);
#461 = EDGE_CURVE('',#149,#462,#464,.T.);
#462 = VERTEX_POINT('',#463);
#463 = CARTESIAN_POINT('',(-0.725,-0.3,3.E-02));
#464 = LINE('',#465,#466);
#465 = CARTESIAN_POINT('',(-0.725,-0.35,3.E-02));
#466 = VECTOR('',#467,1.);
#467 = DIRECTION('',(0.,1.,0.));
#468 = ORIENTED_EDGE('',*,*,#211,.T.);
#469 = ORIENTED_EDGE('',*,*,#470,.F.);
#470 = EDGE_CURVE('',#471,#204,#473,.T.);
#471 = VERTEX_POINT('',#472);
#472 = CARTESIAN_POINT('',(0.725,-0.3,3.E-02));
#473 = LINE('',#474,#475);
#474 = CARTESIAN_POINT('',(0.725,-0.45,3.E-02));
#475 = VECTOR('',#476,1.);
#476 = DIRECTION('',(0.,-1.,0.));
#477 = ORIENTED_EDGE('',*,*,#478,.F.);
#478 = EDGE_CURVE('',#479,#471,#481,.T.);
#479 = VERTEX_POINT('',#480);
#480 = CARTESIAN_POINT('',(0.5,-0.3,3.E-02));
#481 = LINE('',#482,#483);
#482 = CARTESIAN_POINT('',(-2.25E-02,-0.3,3.E-02));
#483 = VECTOR('',#484,1.);
#484 = DIRECTION('',(1.,0.,0.));
#485 = ORIENTED_EDGE('',*,*,#486,.T.);
#486 = EDGE_CURVE('',#479,#487,#489,.T.);
#487 = VERTEX_POINT('',#488);
#488 = CARTESIAN_POINT('',(0.5,0.3,3.E-02));
#489 = LINE('',#490,#491);
#490 = CARTESIAN_POINT('',(0.5,-0.4,3.E-02));
#491 = VECTOR('',#492,1.);
#492 = DIRECTION('',(0.,1.,0.));
#493 = ORIENTED_EDGE('',*,*,#494,.F.);
#494 = EDGE_CURVE('',#495,#487,#497,.T.);
#495 = VERTEX_POINT('',#496);
#496 = CARTESIAN_POINT('',(0.725,0.3,3.E-02));
#497 = LINE('',#498,#499);
#498 = CARTESIAN_POINT('',(-0.7475,0.3,3.E-02));
#499 = VECTOR('',#500,1.);
#500 = DIRECTION('',(-1.,0.,0.));
#501 = ORIENTED_EDGE('',*,*,#502,.F.);
#502 = EDGE_CURVE('',#503,#495,#505,.T.);
#503 = VERTEX_POINT('',#504);
#504 = CARTESIAN_POINT('',(0.725,0.4,3.E-02));
#505 = LINE('',#506,#507);
#506 = CARTESIAN_POINT('',(0.725,-5.E-02,3.E-02));
#507 = VECTOR('',#508,1.);
#508 = DIRECTION('',(0.,-1.,0.));
#509 = ORIENTED_EDGE('',*,*,#510,.F.);
#510 = EDGE_CURVE('',#511,#503,#513,.T.);
#511 = VERTEX_POINT('',#512);
#512 = CARTESIAN_POINT('',(-0.725,0.4,3.E-02));
#513 = LINE('',#514,#515);
#514 = CARTESIAN_POINT('',(-0.77,0.4,3.E-02));
#515 = VECTOR('',#516,1.);
#516 = DIRECTION('',(1.,0.,0.));
#517 = ORIENTED_EDGE('',*,*,#518,.F.);
#518 = EDGE_CURVE('',#519,#511,#521,.T.);
#519 = VERTEX_POINT('',#520);
#520 = CARTESIAN_POINT('',(-0.725,0.3,3.E-02));
#521 = LINE('',#522,#523);
#522 = CARTESIAN_POINT('',(-0.725,5.E-02,3.E-02));
#523 = VECTOR('',#524,1.);
#524 = DIRECTION('',(0.,1.,0.));
#525 = ORIENTED_EDGE('',*,*,#526,.F.);
#526 = EDGE_CURVE('',#527,#519,#529,.T.);
#527 = VERTEX_POINT('',#528);
#528 = CARTESIAN_POINT('',(-0.5,0.3,3.E-02));
#529 = LINE('',#530,#531);
#530 = CARTESIAN_POINT('',(-0.7475,0.3,3.E-02));
#531 = VECTOR('',#532,1.);
#532 = DIRECTION('',(-1.,0.,0.));
#533 = ORIENTED_EDGE('',*,*,#534,.F.);
#534 = EDGE_CURVE('',#535,#527,#537,.T.);
#535 = VERTEX_POINT('',#536);
#536 = CARTESIAN_POINT('',(-0.5,-0.3,3.E-02));
#537 = LINE('',#538,#539);
#538 = CARTESIAN_POINT('',(-0.5,-0.4,3.E-02));
#539 = VECTOR('',#540,1.);
#540 = DIRECTION('',(0.,1.,0.));
#541 = ORIENTED_EDGE('',*,*,#542,.F.);
#542 = EDGE_CURVE('',#462,#535,#543,.T.);
#543 = LINE('',#544,#545);
#544 = CARTESIAN_POINT('',(-2.25E-02,-0.3,3.E-02));
#545 = VECTOR('',#546,1.);
#546 = DIRECTION('',(1.,0.,0.));
#547 = FACE_BOUND('',#548,.F.);
#548 = EDGE_LOOP('',(#549,#559,#567));
#549 = ORIENTED_EDGE('',*,*,#550,.T.);
#550 = EDGE_CURVE('',#551,#553,#555,.T.);
#551 = VERTEX_POINT('',#552);
#552 = CARTESIAN_POINT('',(0.277128129211,0.32,3.E-02));
#553 = VERTEX_POINT('',#554);
#554 = CARTESIAN_POINT('',(0.277128129211,-0.32,3.E-02));
#555 = LINE('',#556,#557);
#556 = CARTESIAN_POINT('',(0.277128129211,0.32,3.E-02));
#557 = VECTOR('',#558,1.);
#558 = DIRECTION('',(0.,-1.,0.));
#559 = ORIENTED_EDGE('',*,*,#560,.T.);
#560 = EDGE_CURVE('',#553,#561,#563,.T.);
#561 = VERTEX_POINT('',#562);
#562 = CARTESIAN_POINT('',(-0.277128129211,0.,3.E-02));
#563 = LINE('',#564,#565);
#564 = CARTESIAN_POINT('',(0.277128129211,-0.32,3.E-02));
#565 = VECTOR('',#566,1.);
#566 = DIRECTION('',(-0.866025403784,0.5,0.));
#567 = ORIENTED_EDGE('',*,*,#568,.T.);
#568 = EDGE_CURVE('',#561,#551,#569,.T.);
#569 = LINE('',#570,#571);
#570 = CARTESIAN_POINT('',(-0.277128129211,0.,3.E-02));
#571 = VECTOR('',#572,1.);
#572 = DIRECTION('',(0.866025403784,0.5,0.));
#573 = PLANE('',#574);
#574 = AXIS2_PLACEMENT_3D('',#575,#576,#577);
#575 = CARTESIAN_POINT('',(-0.77,-0.4,3.E-02));
#576 = DIRECTION('',(0.,0.,1.));
#577 = DIRECTION('',(1.,0.,-0.));
#578 = ADVANCED_FACE('',(#579),#640,.F.);
#579 = FACE_BOUND('',#580,.F.);
#580 = EDGE_LOOP('',(#581,#591,#597,#598,#599,#600,#608,#616,#625,#633)
  );
#581 = ORIENTED_EDGE('',*,*,#582,.F.);
#582 = EDGE_CURVE('',#583,#585,#587,.T.);
#583 = VERTEX_POINT('',#584);
#584 = CARTESIAN_POINT('',(0.725,-0.4,0.));
#585 = VERTEX_POINT('',#586);
#586 = CARTESIAN_POINT('',(0.77,-0.4,-3.469446951954E-18));
#587 = LINE('',#588,#589);
#588 = CARTESIAN_POINT('',(0.5,-0.4,0.));
#589 = VECTOR('',#590,1.);
#590 = DIRECTION('',(1.,0.,0.));
#591 = ORIENTED_EDGE('',*,*,#592,.F.);
#592 = EDGE_CURVE('',#204,#583,#593,.T.);
#593 = LINE('',#594,#595);
#594 = CARTESIAN_POINT('',(0.725,-0.4,0.375));
#595 = VECTOR('',#596,1.);
#596 = DIRECTION('',(0.,0.,-1.));
#597 = ORIENTED_EDGE('',*,*,#203,.T.);
#598 = ORIENTED_EDGE('',*,*,#195,.T.);
#599 = ORIENTED_EDGE('',*,*,#187,.F.);
#600 = ORIENTED_EDGE('',*,*,#601,.F.);
#601 = EDGE_CURVE('',#602,#180,#604,.T.);
#602 = VERTEX_POINT('',#603);
#603 = CARTESIAN_POINT('',(0.725,-0.4,0.5));
#604 = LINE('',#605,#606);
#605 = CARTESIAN_POINT('',(0.725,-0.4,0.375));
#606 = VECTOR('',#607,1.);
#607 = DIRECTION('',(0.,0.,-1.));
#608 = ORIENTED_EDGE('',*,*,#609,.T.);
#609 = EDGE_CURVE('',#602,#610,#612,.T.);
#610 = VERTEX_POINT('',#611);
#611 = CARTESIAN_POINT('',(0.77,-0.4,0.5));
#612 = LINE('',#613,#614);
#613 = CARTESIAN_POINT('',(0.5,-0.4,0.5));
#614 = VECTOR('',#615,1.);
#615 = DIRECTION('',(1.,0.,0.));
#616 = ORIENTED_EDGE('',*,*,#617,.F.);
#617 = EDGE_CURVE('',#618,#610,#620,.T.);
#618 = VERTEX_POINT('',#619);
#619 = CARTESIAN_POINT('',(0.8,-0.4,0.47));
#620 = CIRCLE('',#621,3.E-02);
#621 = AXIS2_PLACEMENT_3D('',#622,#623,#624);
#622 = CARTESIAN_POINT('',(0.77,-0.4,0.47));
#623 = DIRECTION('',(0.,-1.,0.));
#624 = DIRECTION('',(0.,0.,1.));
#625 = ORIENTED_EDGE('',*,*,#626,.F.);
#626 = EDGE_CURVE('',#627,#618,#629,.T.);
#627 = VERTEX_POINT('',#628);
#628 = CARTESIAN_POINT('',(0.8,-0.4,3.E-02));
#629 = LINE('',#630,#631);
#630 = CARTESIAN_POINT('',(0.8,-0.4,0.));
#631 = VECTOR('',#632,1.);
#632 = DIRECTION('',(0.,0.,1.));
#633 = ORIENTED_EDGE('',*,*,#634,.T.);
#634 = EDGE_CURVE('',#627,#585,#635,.T.);
#635 = CIRCLE('',#636,3.E-02);
#636 = AXIS2_PLACEMENT_3D('',#637,#638,#639);
#637 = CARTESIAN_POINT('',(0.77,-0.4,3.E-02));
#638 = DIRECTION('',(0.,1.,0.));
#639 = DIRECTION('',(0.,-0.,1.));
#640 = PLANE('',#641);
#641 = AXIS2_PLACEMENT_3D('',#642,#643,#644);
#642 = CARTESIAN_POINT('',(0.5,-0.4,0.));
#643 = DIRECTION('',(0.,1.,0.));
#644 = DIRECTION('',(0.,-0.,1.));
#645 = ADVANCED_FACE('',(#646),#664,.T.);
#646 = FACE_BOUND('',#647,.T.);
#647 = EDGE_LOOP('',(#648,#656,#657,#658));
#648 = ORIENTED_EDGE('',*,*,#649,.F.);
#649 = EDGE_CURVE('',#252,#650,#652,.T.);
#650 = VERTEX_POINT('',#651);
#651 = CARTESIAN_POINT('',(0.725,-0.3,0.47));
#652 = LINE('',#653,#654);
#653 = CARTESIAN_POINT('',(-2.25E-02,-0.3,0.47));
#654 = VECTOR('',#655,1.);
#655 = DIRECTION('',(1.,0.,0.));
#656 = ORIENTED_EDGE('',*,*,#251,.T.);
#657 = ORIENTED_EDGE('',*,*,#179,.T.);
#658 = ORIENTED_EDGE('',*,*,#659,.F.);
#659 = EDGE_CURVE('',#650,#180,#660,.T.);
#660 = LINE('',#661,#662);
#661 = CARTESIAN_POINT('',(0.725,-0.45,0.47));
#662 = VECTOR('',#663,1.);
#663 = DIRECTION('',(0.,-1.,0.));
#664 = PLANE('',#665);
#665 = AXIS2_PLACEMENT_3D('',#666,#667,#668);
#666 = CARTESIAN_POINT('',(-0.77,-0.4,0.47));
#667 = DIRECTION('',(0.,0.,1.));
#668 = DIRECTION('',(1.,0.,-0.));
#669 = ADVANCED_FACE('',(#670),#695,.T.);
#670 = FACE_BOUND('',#671,.T.);
#671 = EDGE_LOOP('',(#672,#680,#681,#689));
#672 = ORIENTED_EDGE('',*,*,#673,.F.);
#673 = EDGE_CURVE('',#268,#674,#676,.T.);
#674 = VERTEX_POINT('',#675);
#675 = CARTESIAN_POINT('',(0.725,0.4,0.47));
#676 = LINE('',#677,#678);
#677 = CARTESIAN_POINT('',(-0.77,0.4,0.47));
#678 = VECTOR('',#679,1.);
#679 = DIRECTION('',(1.,0.,0.));
#680 = ORIENTED_EDGE('',*,*,#267,.T.);
#681 = ORIENTED_EDGE('',*,*,#682,.F.);
#682 = EDGE_CURVE('',#683,#260,#685,.T.);
#683 = VERTEX_POINT('',#684);
#684 = CARTESIAN_POINT('',(0.725,0.3,0.47));
#685 = LINE('',#686,#687);
#686 = CARTESIAN_POINT('',(-0.7475,0.3,0.47));
#687 = VECTOR('',#688,1.);
#688 = DIRECTION('',(-1.,0.,0.));
#689 = ORIENTED_EDGE('',*,*,#690,.F.);
#690 = EDGE_CURVE('',#674,#683,#691,.T.);
#691 = LINE('',#692,#693);
#692 = CARTESIAN_POINT('',(0.725,-5.E-02,0.47));
#693 = VECTOR('',#694,1.);
#694 = DIRECTION('',(0.,-1.,0.));
#695 = PLANE('',#696);
#696 = AXIS2_PLACEMENT_3D('',#697,#698,#699);
#697 = CARTESIAN_POINT('',(-0.77,-0.4,0.47));
#698 = DIRECTION('',(0.,0.,1.));
#699 = DIRECTION('',(1.,0.,-0.));
#700 = ADVANCED_FACE('',(#701),#728,.T.);
#701 = FACE_BOUND('',#702,.T.);
#702 = EDGE_LOOP('',(#703,#704,#713,#721));
#703 = ORIENTED_EDGE('',*,*,#259,.F.);
#704 = ORIENTED_EDGE('',*,*,#705,.T.);
#705 = EDGE_CURVE('',#252,#706,#708,.T.);
#706 = VERTEX_POINT('',#707);
#707 = CARTESIAN_POINT('',(0.53,-0.3,0.5));
#708 = CIRCLE('',#709,3.E-02);
#709 = AXIS2_PLACEMENT_3D('',#710,#711,#712);
#710 = CARTESIAN_POINT('',(0.53,-0.3,0.47));
#711 = DIRECTION('',(0.,1.,-0.));
#712 = DIRECTION('',(-1.,0.,0.));
#713 = ORIENTED_EDGE('',*,*,#714,.T.);
#714 = EDGE_CURVE('',#706,#715,#717,.T.);
#715 = VERTEX_POINT('',#716);
#716 = CARTESIAN_POINT('',(0.53,0.3,0.5));
#717 = LINE('',#718,#719);
#718 = CARTESIAN_POINT('',(0.53,-0.4,0.5));
#719 = VECTOR('',#720,1.);
#720 = DIRECTION('',(0.,1.,0.));
#721 = ORIENTED_EDGE('',*,*,#722,.F.);
#722 = EDGE_CURVE('',#260,#715,#723,.T.);
#723 = CIRCLE('',#724,3.E-02);
#724 = AXIS2_PLACEMENT_3D('',#725,#726,#727);
#725 = CARTESIAN_POINT('',(0.53,0.3,0.47));
#726 = DIRECTION('',(0.,1.,-0.));
#727 = DIRECTION('',(-1.,0.,0.));
#728 = CYLINDRICAL_SURFACE('',#729,3.E-02);
#729 = AXIS2_PLACEMENT_3D('',#730,#731,#732);
#730 = CARTESIAN_POINT('',(0.53,-0.4,0.47));
#731 = DIRECTION('',(0.,1.,0.));
#732 = DIRECTION('',(-1.,0.,0.));
#733 = ADVANCED_FACE('',(#734),#784,.T.);
#734 = FACE_BOUND('',#735,.T.);
#735 = EDGE_LOOP('',(#736,#744,#752,#758,#759,#760,#761,#769,#777,#783)
  );
#736 = ORIENTED_EDGE('',*,*,#737,.F.);
#737 = EDGE_CURVE('',#738,#511,#740,.T.);
#738 = VERTEX_POINT('',#739);
#739 = CARTESIAN_POINT('',(-0.77,0.4,3.E-02));
#740 = LINE('',#741,#742);
#741 = CARTESIAN_POINT('',(-0.77,0.4,3.E-02));
#742 = VECTOR('',#743,1.);
#743 = DIRECTION('',(1.,0.,0.));
#744 = ORIENTED_EDGE('',*,*,#745,.T.);
#745 = EDGE_CURVE('',#738,#746,#748,.T.);
#746 = VERTEX_POINT('',#747);
#747 = CARTESIAN_POINT('',(-0.77,0.4,0.47));
#748 = LINE('',#749,#750);
#749 = CARTESIAN_POINT('',(-0.77,0.4,3.E-02));
#750 = VECTOR('',#751,1.);
#751 = DIRECTION('',(0.,0.,1.));
#752 = ORIENTED_EDGE('',*,*,#753,.T.);
#753 = EDGE_CURVE('',#746,#290,#754,.T.);
#754 = LINE('',#755,#756);
#755 = CARTESIAN_POINT('',(-0.77,0.4,0.47));
#756 = VECTOR('',#757,1.);
#757 = DIRECTION('',(1.,0.,0.));
#758 = ORIENTED_EDGE('',*,*,#289,.T.);
#759 = ORIENTED_EDGE('',*,*,#323,.F.);
#760 = ORIENTED_EDGE('',*,*,#673,.T.);
#761 = ORIENTED_EDGE('',*,*,#762,.T.);
#762 = EDGE_CURVE('',#674,#763,#765,.T.);
#763 = VERTEX_POINT('',#764);
#764 = CARTESIAN_POINT('',(0.77,0.4,0.47));
#765 = LINE('',#766,#767);
#766 = CARTESIAN_POINT('',(-0.77,0.4,0.47));
#767 = VECTOR('',#768,1.);
#768 = DIRECTION('',(1.,0.,0.));
#769 = ORIENTED_EDGE('',*,*,#770,.F.);
#770 = EDGE_CURVE('',#771,#763,#773,.T.);
#771 = VERTEX_POINT('',#772);
#772 = CARTESIAN_POINT('',(0.77,0.4,3.E-02));
#773 = LINE('',#774,#775);
#774 = CARTESIAN_POINT('',(0.77,0.4,3.E-02));
#775 = VECTOR('',#776,1.);
#776 = DIRECTION('',(0.,0.,1.));
#777 = ORIENTED_EDGE('',*,*,#778,.F.);
#778 = EDGE_CURVE('',#503,#771,#779,.T.);
#779 = LINE('',#780,#781);
#780 = CARTESIAN_POINT('',(-0.77,0.4,3.E-02));
#781 = VECTOR('',#782,1.);
#782 = DIRECTION('',(1.,0.,0.));
#783 = ORIENTED_EDGE('',*,*,#510,.F.);
#784 = PLANE('',#785);
#785 = AXIS2_PLACEMENT_3D('',#786,#787,#788);
#786 = CARTESIAN_POINT('',(-0.77,0.4,3.E-02));
#787 = DIRECTION('',(0.,1.,0.));
#788 = DIRECTION('',(0.,-0.,1.));
#789 = ADVANCED_FACE('',(#790),#808,.F.);
#790 = FACE_BOUND('',#791,.F.);
#791 = EDGE_LOOP('',(#792,#800,#806,#807));
#792 = ORIENTED_EDGE('',*,*,#793,.F.);
#793 = EDGE_CURVE('',#794,#338,#796,.T.);
#794 = VERTEX_POINT('',#795);
#795 = CARTESIAN_POINT('',(-0.725,0.3,0.5));
#796 = LINE('',#797,#798);
#797 = CARTESIAN_POINT('',(-0.7625,0.3,0.5));
#798 = VECTOR('',#799,1.);
#799 = DIRECTION('',(1.,0.,0.));
#800 = ORIENTED_EDGE('',*,*,#801,.T.);
#801 = EDGE_CURVE('',#794,#298,#802,.T.);
#802 = LINE('',#803,#804);
#803 = CARTESIAN_POINT('',(-0.725,0.3,0.75));
#804 = VECTOR('',#805,1.);
#805 = DIRECTION('',(-0.,-0.,-1.));
#806 = ORIENTED_EDGE('',*,*,#305,.F.);
#807 = ORIENTED_EDGE('',*,*,#337,.F.);
#808 = PLANE('',#809);
#809 = AXIS2_PLACEMENT_3D('',#810,#811,#812);
#810 = CARTESIAN_POINT('',(-0.725,0.3,0.75));
#811 = DIRECTION('',(0.,-1.,0.));
#812 = DIRECTION('',(1.,0.,0.));
#813 = ADVANCED_FACE('',(#814),#832,.F.);
#814 = FACE_BOUND('',#815,.F.);
#815 = EDGE_LOOP('',(#816,#817,#825,#831));
#816 = ORIENTED_EDGE('',*,*,#801,.F.);
#817 = ORIENTED_EDGE('',*,*,#818,.F.);
#818 = EDGE_CURVE('',#819,#794,#821,.T.);
#819 = VERTEX_POINT('',#820);
#820 = CARTESIAN_POINT('',(-0.725,0.4,0.5));
#821 = LINE('',#822,#823);
#822 = CARTESIAN_POINT('',(-0.725,5.E-02,0.5));
#823 = VECTOR('',#824,1.);
#824 = DIRECTION('',(0.,-1.,0.));
#825 = ORIENTED_EDGE('',*,*,#826,.F.);
#826 = EDGE_CURVE('',#290,#819,#827,.T.);
#827 = LINE('',#828,#829);
#828 = CARTESIAN_POINT('',(-0.725,0.4,0.375));
#829 = VECTOR('',#830,1.);
#830 = DIRECTION('',(0.,0.,1.));
#831 = ORIENTED_EDGE('',*,*,#297,.F.);
#832 = PLANE('',#833);
#833 = AXIS2_PLACEMENT_3D('',#834,#835,#836);
#834 = CARTESIAN_POINT('',(-0.725,0.5,0.75));
#835 = DIRECTION('',(-1.,0.,0.));
#836 = DIRECTION('',(0.,-1.,0.));
#837 = ADVANCED_FACE('',(#838),#856,.F.);
#838 = FACE_BOUND('',#839,.F.);
#839 = EDGE_LOOP('',(#840,#848,#854,#855));
#840 = ORIENTED_EDGE('',*,*,#841,.F.);
#841 = EDGE_CURVE('',#842,#371,#844,.T.);
#842 = VERTEX_POINT('',#843);
#843 = CARTESIAN_POINT('',(-0.725,-0.3,0.5));
#844 = LINE('',#845,#846);
#845 = CARTESIAN_POINT('',(-0.725,-0.3,0.75));
#846 = VECTOR('',#847,1.);
#847 = DIRECTION('',(-0.,-0.,-1.));
#848 = ORIENTED_EDGE('',*,*,#849,.F.);
#849 = EDGE_CURVE('',#347,#842,#850,.T.);
#850 = LINE('',#851,#852);
#851 = CARTESIAN_POINT('',(-3.75E-02,-0.3,0.5));
#852 = VECTOR('',#853,1.);
#853 = DIRECTION('',(-1.,0.,0.));
#854 = ORIENTED_EDGE('',*,*,#354,.T.);
#855 = ORIENTED_EDGE('',*,*,#380,.F.);
#856 = PLANE('',#857);
#857 = AXIS2_PLACEMENT_3D('',#858,#859,#860);
#858 = CARTESIAN_POINT('',(0.725,-0.3,0.75));
#859 = DIRECTION('',(0.,1.,0.));
#860 = DIRECTION('',(-1.,0.,0.));
#861 = ADVANCED_FACE('',(#862),#889,.T.);
#862 = FACE_BOUND('',#863,.T.);
#863 = EDGE_LOOP('',(#864,#872,#878,#879,#885,#886,#887,#888));
#864 = ORIENTED_EDGE('',*,*,#865,.F.);
#865 = EDGE_CURVE('',#866,#819,#868,.T.);
#866 = VERTEX_POINT('',#867);
#867 = CARTESIAN_POINT('',(-0.77,0.4,0.5));
#868 = LINE('',#869,#870);
#869 = CARTESIAN_POINT('',(-0.8,0.4,0.5));
#870 = VECTOR('',#871,1.);
#871 = DIRECTION('',(1.,0.,0.));
#872 = ORIENTED_EDGE('',*,*,#873,.F.);
#873 = EDGE_CURVE('',#422,#866,#874,.T.);
#874 = LINE('',#875,#876);
#875 = CARTESIAN_POINT('',(-0.77,-0.4,0.5));
#876 = VECTOR('',#877,1.);
#877 = DIRECTION('',(0.,1.,0.));
#878 = ORIENTED_EDGE('',*,*,#430,.T.);
#879 = ORIENTED_EDGE('',*,*,#880,.F.);
#880 = EDGE_CURVE('',#842,#431,#881,.T.);
#881 = LINE('',#882,#883);
#882 = CARTESIAN_POINT('',(-0.725,-0.35,0.5));
#883 = VECTOR('',#884,1.);
#884 = DIRECTION('',(0.,-1.,0.));
#885 = ORIENTED_EDGE('',*,*,#849,.F.);
#886 = ORIENTED_EDGE('',*,*,#346,.T.);
#887 = ORIENTED_EDGE('',*,*,#793,.F.);
#888 = ORIENTED_EDGE('',*,*,#818,.F.);
#889 = PLANE('',#890);
#890 = AXIS2_PLACEMENT_3D('',#891,#892,#893);
#891 = CARTESIAN_POINT('',(-0.8,-0.4,0.5));
#892 = DIRECTION('',(0.,0.,1.));
#893 = DIRECTION('',(1.,0.,-0.));
#894 = ADVANCED_FACE('',(#895),#901,.F.);
#895 = FACE_BOUND('',#896,.F.);
#896 = EDGE_LOOP('',(#897,#898,#899,#900));
#897 = ORIENTED_EDGE('',*,*,#880,.F.);
#898 = ORIENTED_EDGE('',*,*,#841,.T.);
#899 = ORIENTED_EDGE('',*,*,#370,.F.);
#900 = ORIENTED_EDGE('',*,*,#438,.T.);
#901 = PLANE('',#902);
#902 = AXIS2_PLACEMENT_3D('',#903,#904,#905);
#903 = CARTESIAN_POINT('',(-0.725,-0.3,0.75));
#904 = DIRECTION('',(-1.,0.,0.));
#905 = DIRECTION('',(0.,-1.,0.));
#906 = ADVANCED_FACE('',(#907),#964,.F.);
#907 = FACE_BOUND('',#908,.F.);
#908 = EDGE_LOOP('',(#909,#919,#925,#926,#934,#942,#950,#958));
#909 = ORIENTED_EDGE('',*,*,#910,.F.);
#910 = EDGE_CURVE('',#911,#913,#915,.T.);
#911 = VERTEX_POINT('',#912);
#912 = CARTESIAN_POINT('',(-0.77,0.4,-3.469446951954E-18));
#913 = VERTEX_POINT('',#914);
#914 = CARTESIAN_POINT('',(-0.725,0.4,0.));
#915 = LINE('',#916,#917);
#916 = CARTESIAN_POINT('',(-0.8,0.4,0.));
#917 = VECTOR('',#918,1.);
#918 = DIRECTION('',(1.,0.,0.));
#919 = ORIENTED_EDGE('',*,*,#920,.F.);
#920 = EDGE_CURVE('',#395,#911,#921,.T.);
#921 = LINE('',#922,#923);
#922 = CARTESIAN_POINT('',(-0.77,-0.4,-3.469446951954E-18));
#923 = VECTOR('',#924,1.);
#924 = DIRECTION('',(0.,1.,0.));
#925 = ORIENTED_EDGE('',*,*,#394,.T.);
#926 = ORIENTED_EDGE('',*,*,#927,.F.);
#927 = EDGE_CURVE('',#928,#397,#930,.T.);
#928 = VERTEX_POINT('',#929);
#929 = CARTESIAN_POINT('',(-0.725,-0.3,0.));
#930 = LINE('',#931,#932);
#931 = CARTESIAN_POINT('',(-0.725,-0.35,0.));
#932 = VECTOR('',#933,1.);
#933 = DIRECTION('',(0.,-1.,0.));
#934 = ORIENTED_EDGE('',*,*,#935,.F.);
#935 = EDGE_CURVE('',#936,#928,#938,.T.);
#936 = VERTEX_POINT('',#937);
#937 = CARTESIAN_POINT('',(-0.53,-0.3,-3.469446951954E-18));
#938 = LINE('',#939,#940);
#939 = CARTESIAN_POINT('',(-3.75E-02,-0.3,0.));
#940 = VECTOR('',#941,1.);
#941 = DIRECTION('',(-1.,0.,0.));
#942 = ORIENTED_EDGE('',*,*,#943,.T.);
#943 = EDGE_CURVE('',#936,#944,#946,.T.);
#944 = VERTEX_POINT('',#945);
#945 = CARTESIAN_POINT('',(-0.53,0.3,-3.469446951954E-18));
#946 = LINE('',#947,#948);
#947 = CARTESIAN_POINT('',(-0.53,-0.4,-3.469446951954E-18));
#948 = VECTOR('',#949,1.);
#949 = DIRECTION('',(0.,1.,0.));
#950 = ORIENTED_EDGE('',*,*,#951,.F.);
#951 = EDGE_CURVE('',#952,#944,#954,.T.);
#952 = VERTEX_POINT('',#953);
#953 = CARTESIAN_POINT('',(-0.725,0.3,0.));
#954 = LINE('',#955,#956);
#955 = CARTESIAN_POINT('',(-0.7625,0.3,0.));
#956 = VECTOR('',#957,1.);
#957 = DIRECTION('',(1.,0.,0.));
#958 = ORIENTED_EDGE('',*,*,#959,.F.);
#959 = EDGE_CURVE('',#913,#952,#960,.T.);
#960 = LINE('',#961,#962);
#961 = CARTESIAN_POINT('',(-0.725,5.E-02,0.));
#962 = VECTOR('',#963,1.);
#963 = DIRECTION('',(0.,-1.,0.));
#964 = PLANE('',#965);
#965 = AXIS2_PLACEMENT_3D('',#966,#967,#968);
#966 = CARTESIAN_POINT('',(-0.8,-0.4,0.));
#967 = DIRECTION('',(0.,0.,1.));
#968 = DIRECTION('',(1.,0.,-0.));
#969 = ADVANCED_FACE('',(#970),#989,.T.);
#970 = FACE_BOUND('',#971,.T.);
#971 = EDGE_LOOP('',(#972,#980,#987,#988));
#972 = ORIENTED_EDGE('',*,*,#973,.T.);
#973 = EDGE_CURVE('',#405,#974,#976,.T.);
#974 = VERTEX_POINT('',#975);
#975 = CARTESIAN_POINT('',(-0.8,0.4,3.E-02));
#976 = LINE('',#977,#978);
#977 = CARTESIAN_POINT('',(-0.8,-0.4,3.E-02));
#978 = VECTOR('',#979,1.);
#979 = DIRECTION('',(0.,1.,0.));
#980 = ORIENTED_EDGE('',*,*,#981,.T.);
#981 = EDGE_CURVE('',#974,#911,#982,.T.);
#982 = CIRCLE('',#983,3.E-02);
#983 = AXIS2_PLACEMENT_3D('',#984,#985,#986);
#984 = CARTESIAN_POINT('',(-0.77,0.4,3.E-02));
#985 = DIRECTION('',(0.,-1.,0.));
#986 = DIRECTION('',(0.,0.,1.));
#987 = ORIENTED_EDGE('',*,*,#920,.F.);
#988 = ORIENTED_EDGE('',*,*,#404,.F.);
#989 = CYLINDRICAL_SURFACE('',#990,3.E-02);
#990 = AXIS2_PLACEMENT_3D('',#991,#992,#993);
#991 = CARTESIAN_POINT('',(-0.77,-0.4,3.E-02));
#992 = DIRECTION('',(0.,1.,0.));
#993 = DIRECTION('',(-1.,0.,0.));
#994 = ADVANCED_FACE('',(#995),#1006,.F.);
#995 = FACE_BOUND('',#996,.F.);
#996 = EDGE_LOOP('',(#997,#998,#1004,#1005));
#997 = ORIENTED_EDGE('',*,*,#461,.T.);
#998 = ORIENTED_EDGE('',*,*,#999,.T.);
#999 = EDGE_CURVE('',#462,#928,#1000,.T.);
#1000 = LINE('',#1001,#1002);
#1001 = CARTESIAN_POINT('',(-0.725,-0.3,0.75));
#1002 = VECTOR('',#1003,1.);
#1003 = DIRECTION('',(-0.,-0.,-1.));
#1004 = ORIENTED_EDGE('',*,*,#927,.T.);
#1005 = ORIENTED_EDGE('',*,*,#447,.T.);
#1006 = PLANE('',#1007);
#1007 = AXIS2_PLACEMENT_3D('',#1008,#1009,#1010);
#1008 = CARTESIAN_POINT('',(-0.725,-0.3,0.75));
#1009 = DIRECTION('',(-1.,0.,0.));
#1010 = DIRECTION('',(0.,-1.,0.));
#1011 = ADVANCED_FACE('',(#1012),#1030,.F.);
#1012 = FACE_BOUND('',#1013,.F.);
#1013 = EDGE_LOOP('',(#1014,#1015,#1016,#1024));
#1014 = ORIENTED_EDGE('',*,*,#413,.F.);
#1015 = ORIENTED_EDGE('',*,*,#973,.T.);
#1016 = ORIENTED_EDGE('',*,*,#1017,.T.);
#1017 = EDGE_CURVE('',#974,#1018,#1020,.T.);
#1018 = VERTEX_POINT('',#1019);
#1019 = CARTESIAN_POINT('',(-0.8,0.4,0.47));
#1020 = LINE('',#1021,#1022);
#1021 = CARTESIAN_POINT('',(-0.8,0.4,0.));
#1022 = VECTOR('',#1023,1.);
#1023 = DIRECTION('',(0.,0.,1.));
#1024 = ORIENTED_EDGE('',*,*,#1025,.F.);
#1025 = EDGE_CURVE('',#414,#1018,#1026,.T.);
#1026 = LINE('',#1027,#1028);
#1027 = CARTESIAN_POINT('',(-0.8,-0.4,0.47));
#1028 = VECTOR('',#1029,1.);
#1029 = DIRECTION('',(0.,1.,0.));
#1030 = PLANE('',#1031);
#1031 = AXIS2_PLACEMENT_3D('',#1032,#1033,#1034);
#1032 = CARTESIAN_POINT('',(-0.8,-0.4,0.));
#1033 = DIRECTION('',(1.,0.,0.));
#1034 = DIRECTION('',(0.,0.,1.));
#1035 = ADVANCED_FACE('',(#1036),#1048,.T.);
#1036 = FACE_BOUND('',#1037,.T.);
#1037 = EDGE_LOOP('',(#1038,#1039,#1040,#1047));
#1038 = ORIENTED_EDGE('',*,*,#421,.T.);
#1039 = ORIENTED_EDGE('',*,*,#873,.T.);
#1040 = ORIENTED_EDGE('',*,*,#1041,.F.);
#1041 = EDGE_CURVE('',#1018,#866,#1042,.T.);
#1042 = CIRCLE('',#1043,3.E-02);
#1043 = AXIS2_PLACEMENT_3D('',#1044,#1045,#1046);
#1044 = CARTESIAN_POINT('',(-0.77,0.4,0.47));
#1045 = DIRECTION('',(0.,1.,0.));
#1046 = DIRECTION('',(0.,-0.,1.));
#1047 = ORIENTED_EDGE('',*,*,#1025,.F.);
#1048 = CYLINDRICAL_SURFACE('',#1049,3.E-02);
#1049 = AXIS2_PLACEMENT_3D('',#1050,#1051,#1052);
#1050 = CARTESIAN_POINT('',(-0.77,-0.4,0.47));
#1051 = DIRECTION('',(0.,1.,0.));
#1052 = DIRECTION('',(-1.,0.,0.));
#1053 = ADVANCED_FACE('',(#1054),#1066,.F.);
#1054 = FACE_BOUND('',#1055,.F.);
#1055 = EDGE_LOOP('',(#1056,#1057,#1058,#1065));
#1056 = ORIENTED_EDGE('',*,*,#999,.F.);
#1057 = ORIENTED_EDGE('',*,*,#542,.T.);
#1058 = ORIENTED_EDGE('',*,*,#1059,.T.);
#1059 = EDGE_CURVE('',#535,#936,#1060,.T.);
#1060 = CIRCLE('',#1061,3.E-02);
#1061 = AXIS2_PLACEMENT_3D('',#1062,#1063,#1064);
#1062 = CARTESIAN_POINT('',(-0.53,-0.3,3.E-02));
#1063 = DIRECTION('',(-0.,1.,0.));
#1064 = DIRECTION('',(1.,0.,0.));
#1065 = ORIENTED_EDGE('',*,*,#935,.T.);
#1066 = PLANE('',#1067);
#1067 = AXIS2_PLACEMENT_3D('',#1068,#1069,#1070);
#1068 = CARTESIAN_POINT('',(0.725,-0.3,0.75));
#1069 = DIRECTION('',(0.,1.,0.));
#1070 = DIRECTION('',(-1.,0.,0.));
#1071 = ADVANCED_FACE('',(#1072),#1084,.T.);
#1072 = FACE_BOUND('',#1073,.T.);
#1073 = EDGE_LOOP('',(#1074,#1075,#1076,#1077));
#1074 = ORIENTED_EDGE('',*,*,#534,.F.);
#1075 = ORIENTED_EDGE('',*,*,#1059,.T.);
#1076 = ORIENTED_EDGE('',*,*,#943,.T.);
#1077 = ORIENTED_EDGE('',*,*,#1078,.F.);
#1078 = EDGE_CURVE('',#527,#944,#1079,.T.);
#1079 = CIRCLE('',#1080,3.E-02);
#1080 = AXIS2_PLACEMENT_3D('',#1081,#1082,#1083);
#1081 = CARTESIAN_POINT('',(-0.53,0.3,3.E-02));
#1082 = DIRECTION('',(-0.,1.,0.));
#1083 = DIRECTION('',(1.,0.,0.));
#1084 = CYLINDRICAL_SURFACE('',#1085,3.E-02);
#1085 = AXIS2_PLACEMENT_3D('',#1086,#1087,#1088);
#1086 = CARTESIAN_POINT('',(-0.53,-0.4,3.E-02));
#1087 = DIRECTION('',(0.,1.,0.));
#1088 = DIRECTION('',(1.,0.,0.));
#1089 = ADVANCED_FACE('',(#1090),#1101,.F.);
#1090 = FACE_BOUND('',#1091,.F.);
#1091 = EDGE_LOOP('',(#1092,#1093,#1099,#1100));
#1092 = ORIENTED_EDGE('',*,*,#526,.T.);
#1093 = ORIENTED_EDGE('',*,*,#1094,.T.);
#1094 = EDGE_CURVE('',#519,#952,#1095,.T.);
#1095 = LINE('',#1096,#1097);
#1096 = CARTESIAN_POINT('',(-0.725,0.3,0.75));
#1097 = VECTOR('',#1098,1.);
#1098 = DIRECTION('',(-0.,-0.,-1.));
#1099 = ORIENTED_EDGE('',*,*,#951,.T.);
#1100 = ORIENTED_EDGE('',*,*,#1078,.F.);
#1101 = PLANE('',#1102);
#1102 = AXIS2_PLACEMENT_3D('',#1103,#1104,#1105);
#1103 = CARTESIAN_POINT('',(-0.725,0.3,0.75));
#1104 = DIRECTION('',(0.,-1.,0.));
#1105 = DIRECTION('',(1.,0.,0.));
#1106 = ADVANCED_FACE('',(#1107),#1118,.F.);
#1107 = FACE_BOUND('',#1108,.F.);
#1108 = EDGE_LOOP('',(#1109,#1110,#1111,#1117));
#1109 = ORIENTED_EDGE('',*,*,#1094,.F.);
#1110 = ORIENTED_EDGE('',*,*,#518,.T.);
#1111 = ORIENTED_EDGE('',*,*,#1112,.F.);
#1112 = EDGE_CURVE('',#913,#511,#1113,.T.);
#1113 = LINE('',#1114,#1115);
#1114 = CARTESIAN_POINT('',(-0.725,0.4,0.375));
#1115 = VECTOR('',#1116,1.);
#1116 = DIRECTION('',(0.,0.,1.));
#1117 = ORIENTED_EDGE('',*,*,#959,.T.);
#1118 = PLANE('',#1119);
#1119 = AXIS2_PLACEMENT_3D('',#1120,#1121,#1122);
#1120 = CARTESIAN_POINT('',(-0.725,0.5,0.75));
#1121 = DIRECTION('',(-1.,0.,0.));
#1122 = DIRECTION('',(0.,-1.,0.));
#1123 = ADVANCED_FACE('',(#1124),#1149,.F.);
#1124 = FACE_BOUND('',#1125,.F.);
#1125 = EDGE_LOOP('',(#1126,#1127,#1135,#1143));
#1126 = ORIENTED_EDGE('',*,*,#502,.T.);
#1127 = ORIENTED_EDGE('',*,*,#1128,.T.);
#1128 = EDGE_CURVE('',#495,#1129,#1131,.T.);
#1129 = VERTEX_POINT('',#1130);
#1130 = CARTESIAN_POINT('',(0.725,0.3,0.));
#1131 = LINE('',#1132,#1133);
#1132 = CARTESIAN_POINT('',(0.725,0.3,0.75));
#1133 = VECTOR('',#1134,1.);
#1134 = DIRECTION('',(-0.,-0.,-1.));
#1135 = ORIENTED_EDGE('',*,*,#1136,.T.);
#1136 = EDGE_CURVE('',#1129,#1137,#1139,.T.);
#1137 = VERTEX_POINT('',#1138);
#1138 = CARTESIAN_POINT('',(0.725,0.4,0.));
#1139 = LINE('',#1140,#1141);
#1140 = CARTESIAN_POINT('',(0.725,-5.E-02,0.));
#1141 = VECTOR('',#1142,1.);
#1142 = DIRECTION('',(0.,1.,0.));
#1143 = ORIENTED_EDGE('',*,*,#1144,.F.);
#1144 = EDGE_CURVE('',#503,#1137,#1145,.T.);
#1145 = LINE('',#1146,#1147);
#1146 = CARTESIAN_POINT('',(0.725,0.4,0.375));
#1147 = VECTOR('',#1148,1.);
#1148 = DIRECTION('',(0.,0.,-1.));
#1149 = PLANE('',#1150);
#1150 = AXIS2_PLACEMENT_3D('',#1151,#1152,#1153);
#1151 = CARTESIAN_POINT('',(0.725,0.3,0.75));
#1152 = DIRECTION('',(1.,0.,0.));
#1153 = DIRECTION('',(-0.,1.,0.));
#1154 = ADVANCED_FACE('',(#1155),#1174,.F.);
#1155 = FACE_BOUND('',#1156,.F.);
#1156 = EDGE_LOOP('',(#1157,#1158,#1159,#1168));
#1157 = ORIENTED_EDGE('',*,*,#1128,.F.);
#1158 = ORIENTED_EDGE('',*,*,#494,.T.);
#1159 = ORIENTED_EDGE('',*,*,#1160,.F.);
#1160 = EDGE_CURVE('',#1161,#487,#1163,.T.);
#1161 = VERTEX_POINT('',#1162);
#1162 = CARTESIAN_POINT('',(0.53,0.3,-3.469446951954E-18));
#1163 = CIRCLE('',#1164,3.E-02);
#1164 = AXIS2_PLACEMENT_3D('',#1165,#1166,#1167);
#1165 = CARTESIAN_POINT('',(0.53,0.3,3.E-02));
#1166 = DIRECTION('',(0.,1.,-0.));
#1167 = DIRECTION('',(-1.,0.,0.));
#1168 = ORIENTED_EDGE('',*,*,#1169,.T.);
#1169 = EDGE_CURVE('',#1161,#1129,#1170,.T.);
#1170 = LINE('',#1171,#1172);
#1171 = CARTESIAN_POINT('',(-0.1125,0.3,0.));
#1172 = VECTOR('',#1173,1.);
#1173 = DIRECTION('',(1.,0.,0.));
#1174 = PLANE('',#1175);
#1175 = AXIS2_PLACEMENT_3D('',#1176,#1177,#1178);
#1176 = CARTESIAN_POINT('',(-0.725,0.3,0.75));
#1177 = DIRECTION('',(0.,-1.,0.));
#1178 = DIRECTION('',(1.,0.,0.));
#1179 = ADVANCED_FACE('',(#1180),#1199,.T.);
#1180 = FACE_BOUND('',#1181,.T.);
#1181 = EDGE_LOOP('',(#1182,#1183,#1191,#1198));
#1182 = ORIENTED_EDGE('',*,*,#1160,.F.);
#1183 = ORIENTED_EDGE('',*,*,#1184,.F.);
#1184 = EDGE_CURVE('',#1185,#1161,#1187,.T.);
#1185 = VERTEX_POINT('',#1186);
#1186 = CARTESIAN_POINT('',(0.53,-0.3,-3.469446951954E-18));
#1187 = LINE('',#1188,#1189);
#1188 = CARTESIAN_POINT('',(0.53,-0.4,-3.469446951954E-18));
#1189 = VECTOR('',#1190,1.);
#1190 = DIRECTION('',(0.,1.,0.));
#1191 = ORIENTED_EDGE('',*,*,#1192,.T.);
#1192 = EDGE_CURVE('',#1185,#479,#1193,.T.);
#1193 = CIRCLE('',#1194,3.E-02);
#1194 = AXIS2_PLACEMENT_3D('',#1195,#1196,#1197);
#1195 = CARTESIAN_POINT('',(0.53,-0.3,3.E-02));
#1196 = DIRECTION('',(0.,1.,-0.));
#1197 = DIRECTION('',(-1.,0.,0.));
#1198 = ORIENTED_EDGE('',*,*,#486,.T.);
#1199 = CYLINDRICAL_SURFACE('',#1200,3.E-02);
#1200 = AXIS2_PLACEMENT_3D('',#1201,#1202,#1203);
#1201 = CARTESIAN_POINT('',(0.53,-0.4,3.E-02));
#1202 = DIRECTION('',(0.,1.,0.));
#1203 = DIRECTION('',(-1.,0.,0.));
#1204 = ADVANCED_FACE('',(#1205),#1223,.F.);
#1205 = FACE_BOUND('',#1206,.F.);
#1206 = EDGE_LOOP('',(#1207,#1208,#1216,#1222));
#1207 = ORIENTED_EDGE('',*,*,#478,.T.);
#1208 = ORIENTED_EDGE('',*,*,#1209,.T.);
#1209 = EDGE_CURVE('',#471,#1210,#1212,.T.);
#1210 = VERTEX_POINT('',#1211);
#1211 = CARTESIAN_POINT('',(0.725,-0.3,0.));
#1212 = LINE('',#1213,#1214);
#1213 = CARTESIAN_POINT('',(0.725,-0.3,0.75));
#1214 = VECTOR('',#1215,1.);
#1215 = DIRECTION('',(-0.,-0.,-1.));
#1216 = ORIENTED_EDGE('',*,*,#1217,.T.);
#1217 = EDGE_CURVE('',#1210,#1185,#1218,.T.);
#1218 = LINE('',#1219,#1220);
#1219 = CARTESIAN_POINT('',(0.6125,-0.3,0.));
#1220 = VECTOR('',#1221,1.);
#1221 = DIRECTION('',(-1.,0.,0.));
#1222 = ORIENTED_EDGE('',*,*,#1192,.T.);
#1223 = PLANE('',#1224);
#1224 = AXIS2_PLACEMENT_3D('',#1225,#1226,#1227);
#1225 = CARTESIAN_POINT('',(0.725,-0.3,0.75));
#1226 = DIRECTION('',(0.,1.,0.));
#1227 = DIRECTION('',(-1.,0.,0.));
#1228 = ADVANCED_FACE('',(#1229),#1240,.F.);
#1229 = FACE_BOUND('',#1230,.F.);
#1230 = EDGE_LOOP('',(#1231,#1232,#1233,#1234));
#1231 = ORIENTED_EDGE('',*,*,#1209,.F.);
#1232 = ORIENTED_EDGE('',*,*,#470,.T.);
#1233 = ORIENTED_EDGE('',*,*,#592,.T.);
#1234 = ORIENTED_EDGE('',*,*,#1235,.T.);
#1235 = EDGE_CURVE('',#583,#1210,#1236,.T.);
#1236 = LINE('',#1237,#1238);
#1237 = CARTESIAN_POINT('',(0.725,-0.45,0.));
#1238 = VECTOR('',#1239,1.);
#1239 = DIRECTION('',(0.,1.,0.));
#1240 = PLANE('',#1241);
#1241 = AXIS2_PLACEMENT_3D('',#1242,#1243,#1244);
#1242 = CARTESIAN_POINT('',(0.725,-0.5,0.75));
#1243 = DIRECTION('',(1.,0.,0.));
#1244 = DIRECTION('',(-0.,1.,0.));
#1245 = ADVANCED_FACE('',(#1246),#1271,.T.);
#1246 = FACE_BOUND('',#1247,.T.);
#1247 = EDGE_LOOP('',(#1248,#1256,#1257,#1265));
#1248 = ORIENTED_EDGE('',*,*,#1249,.T.);
#1249 = EDGE_CURVE('',#1250,#551,#1252,.T.);
#1250 = VERTEX_POINT('',#1251);
#1251 = CARTESIAN_POINT('',(0.277128129211,0.32,1.5E-02));
#1252 = LINE('',#1253,#1254);
#1253 = CARTESIAN_POINT('',(0.277128129211,0.32,1.5E-02));
#1254 = VECTOR('',#1255,1.);
#1255 = DIRECTION('',(0.,0.,1.));
#1256 = ORIENTED_EDGE('',*,*,#550,.T.);
#1257 = ORIENTED_EDGE('',*,*,#1258,.F.);
#1258 = EDGE_CURVE('',#1259,#553,#1261,.T.);
#1259 = VERTEX_POINT('',#1260);
#1260 = CARTESIAN_POINT('',(0.277128129211,-0.32,1.5E-02));
#1261 = LINE('',#1262,#1263);
#1262 = CARTESIAN_POINT('',(0.277128129211,-0.32,1.5E-02));
#1263 = VECTOR('',#1264,1.);
#1264 = DIRECTION('',(0.,0.,1.));
#1265 = ORIENTED_EDGE('',*,*,#1266,.F.);
#1266 = EDGE_CURVE('',#1250,#1259,#1267,.T.);
#1267 = LINE('',#1268,#1269);
#1268 = CARTESIAN_POINT('',(0.277128129211,0.32,1.5E-02));
#1269 = VECTOR('',#1270,1.);
#1270 = DIRECTION('',(0.,-1.,0.));
#1271 = PLANE('',#1272);
#1272 = AXIS2_PLACEMENT_3D('',#1273,#1274,#1275);
#1273 = CARTESIAN_POINT('',(0.277128129211,0.32,1.5E-02));
#1274 = DIRECTION('',(1.,0.,0.));
#1275 = DIRECTION('',(0.,-1.,0.));
#1276 = ADVANCED_FACE('',(#1277),#1295,.T.);
#1277 = FACE_BOUND('',#1278,.T.);
#1278 = EDGE_LOOP('',(#1279,#1287,#1288,#1289));
#1279 = ORIENTED_EDGE('',*,*,#1280,.T.);
#1280 = EDGE_CURVE('',#1281,#561,#1283,.T.);
#1281 = VERTEX_POINT('',#1282);
#1282 = CARTESIAN_POINT('',(-0.277128129211,0.,1.5E-02));
#1283 = LINE('',#1284,#1285);
#1284 = CARTESIAN_POINT('',(-0.277128129211,0.,1.5E-02));
#1285 = VECTOR('',#1286,1.);
#1286 = DIRECTION('',(0.,0.,1.));
#1287 = ORIENTED_EDGE('',*,*,#568,.T.);
#1288 = ORIENTED_EDGE('',*,*,#1249,.F.);
#1289 = ORIENTED_EDGE('',*,*,#1290,.F.);
#1290 = EDGE_CURVE('',#1281,#1250,#1291,.T.);
#1291 = LINE('',#1292,#1293);
#1292 = CARTESIAN_POINT('',(-0.277128129211,0.,1.5E-02));
#1293 = VECTOR('',#1294,1.);
#1294 = DIRECTION('',(0.866025403784,0.5,0.));
#1295 = PLANE('',#1296);
#1296 = AXIS2_PLACEMENT_3D('',#1297,#1298,#1299);
#1297 = CARTESIAN_POINT('',(-0.277128129211,0.,1.5E-02));
#1298 = DIRECTION('',(-0.5,0.866025403784,0.));
#1299 = DIRECTION('',(0.866025403784,0.5,0.));
#1300 = ADVANCED_FACE('',(#1301),#1312,.T.);
#1301 = FACE_BOUND('',#1302,.T.);
#1302 = EDGE_LOOP('',(#1303,#1304,#1305,#1306));
#1303 = ORIENTED_EDGE('',*,*,#1258,.T.);
#1304 = ORIENTED_EDGE('',*,*,#560,.T.);
#1305 = ORIENTED_EDGE('',*,*,#1280,.F.);
#1306 = ORIENTED_EDGE('',*,*,#1307,.F.);
#1307 = EDGE_CURVE('',#1259,#1281,#1308,.T.);
#1308 = LINE('',#1309,#1310);
#1309 = CARTESIAN_POINT('',(0.277128129211,-0.32,1.5E-02));
#1310 = VECTOR('',#1311,1.);
#1311 = DIRECTION('',(-0.866025403784,0.5,0.));
#1312 = PLANE('',#1313);
#1313 = AXIS2_PLACEMENT_3D('',#1314,#1315,#1316);
#1314 = CARTESIAN_POINT('',(0.277128129211,-0.32,1.5E-02));
#1315 = DIRECTION('',(-0.5,-0.866025403784,0.));
#1316 = DIRECTION('',(-0.866025403784,0.5,0.));
#1317 = ADVANCED_FACE('',(#1318),#1340,.F.);
#1318 = FACE_BOUND('',#1319,.F.);
#1319 = EDGE_LOOP('',(#1320,#1328,#1329,#1330,#1331,#1332,#1333,#1334));
#1320 = ORIENTED_EDGE('',*,*,#1321,.F.);
#1321 = EDGE_CURVE('',#1137,#1322,#1324,.T.);
#1322 = VERTEX_POINT('',#1323);
#1323 = CARTESIAN_POINT('',(0.77,0.4,-3.469446951954E-18));
#1324 = LINE('',#1325,#1326);
#1325 = CARTESIAN_POINT('',(0.5,0.4,0.));
#1326 = VECTOR('',#1327,1.);
#1327 = DIRECTION('',(1.,0.,0.));
#1328 = ORIENTED_EDGE('',*,*,#1136,.F.);
#1329 = ORIENTED_EDGE('',*,*,#1169,.F.);
#1330 = ORIENTED_EDGE('',*,*,#1184,.F.);
#1331 = ORIENTED_EDGE('',*,*,#1217,.F.);
#1332 = ORIENTED_EDGE('',*,*,#1235,.F.);
#1333 = ORIENTED_EDGE('',*,*,#582,.T.);
#1334 = ORIENTED_EDGE('',*,*,#1335,.T.);
#1335 = EDGE_CURVE('',#585,#1322,#1336,.T.);
#1336 = LINE('',#1337,#1338);
#1337 = CARTESIAN_POINT('',(0.77,-0.4,-3.469446951954E-18));
#1338 = VECTOR('',#1339,1.);
#1339 = DIRECTION('',(0.,1.,0.));
#1340 = PLANE('',#1341);
#1341 = AXIS2_PLACEMENT_3D('',#1342,#1343,#1344);
#1342 = CARTESIAN_POINT('',(0.5,-0.4,0.));
#1343 = DIRECTION('',(0.,0.,1.));
#1344 = DIRECTION('',(1.,0.,-0.));
#1345 = ADVANCED_FACE('',(#1346),#1365,.T.);
#1346 = FACE_BOUND('',#1347,.T.);
#1347 = EDGE_LOOP('',(#1348,#1349,#1350,#1359));
#1348 = ORIENTED_EDGE('',*,*,#634,.T.);
#1349 = ORIENTED_EDGE('',*,*,#1335,.T.);
#1350 = ORIENTED_EDGE('',*,*,#1351,.F.);
#1351 = EDGE_CURVE('',#1352,#1322,#1354,.T.);
#1352 = VERTEX_POINT('',#1353);
#1353 = CARTESIAN_POINT('',(0.8,0.4,3.E-02));
#1354 = CIRCLE('',#1355,3.E-02);
#1355 = AXIS2_PLACEMENT_3D('',#1356,#1357,#1358);
#1356 = CARTESIAN_POINT('',(0.77,0.4,3.E-02));
#1357 = DIRECTION('',(0.,1.,0.));
#1358 = DIRECTION('',(0.,-0.,1.));
#1359 = ORIENTED_EDGE('',*,*,#1360,.F.);
#1360 = EDGE_CURVE('',#627,#1352,#1361,.T.);
#1361 = LINE('',#1362,#1363);
#1362 = CARTESIAN_POINT('',(0.8,-0.4,3.E-02));
#1363 = VECTOR('',#1364,1.);
#1364 = DIRECTION('',(0.,1.,0.));
#1365 = CYLINDRICAL_SURFACE('',#1366,3.E-02);
#1366 = AXIS2_PLACEMENT_3D('',#1367,#1368,#1369);
#1367 = CARTESIAN_POINT('',(0.77,-0.4,3.E-02));
#1368 = DIRECTION('',(0.,1.,0.));
#1369 = DIRECTION('',(1.,0.,0.));
#1370 = ADVANCED_FACE('',(#1371),#1389,.T.);
#1371 = FACE_BOUND('',#1372,.T.);
#1372 = EDGE_LOOP('',(#1373,#1374,#1375,#1383));
#1373 = ORIENTED_EDGE('',*,*,#626,.F.);
#1374 = ORIENTED_EDGE('',*,*,#1360,.T.);
#1375 = ORIENTED_EDGE('',*,*,#1376,.T.);
#1376 = EDGE_CURVE('',#1352,#1377,#1379,.T.);
#1377 = VERTEX_POINT('',#1378);
#1378 = CARTESIAN_POINT('',(0.8,0.4,0.47));
#1379 = LINE('',#1380,#1381);
#1380 = CARTESIAN_POINT('',(0.8,0.4,0.));
#1381 = VECTOR('',#1382,1.);
#1382 = DIRECTION('',(0.,0.,1.));
#1383 = ORIENTED_EDGE('',*,*,#1384,.F.);
#1384 = EDGE_CURVE('',#618,#1377,#1385,.T.);
#1385 = LINE('',#1386,#1387);
#1386 = CARTESIAN_POINT('',(0.8,-0.4,0.47));
#1387 = VECTOR('',#1388,1.);
#1388 = DIRECTION('',(0.,1.,0.));
#1389 = PLANE('',#1390);
#1390 = AXIS2_PLACEMENT_3D('',#1391,#1392,#1393);
#1391 = CARTESIAN_POINT('',(0.8,-0.4,0.));
#1392 = DIRECTION('',(1.,0.,0.));
#1393 = DIRECTION('',(0.,0.,1.));
#1394 = ADVANCED_FACE('',(#1395),#1414,.T.);
#1395 = FACE_BOUND('',#1396,.T.);
#1396 = EDGE_LOOP('',(#1397,#1398,#1407,#1413));
#1397 = ORIENTED_EDGE('',*,*,#1384,.T.);
#1398 = ORIENTED_EDGE('',*,*,#1399,.T.);
#1399 = EDGE_CURVE('',#1377,#1400,#1402,.T.);
#1400 = VERTEX_POINT('',#1401);
#1401 = CARTESIAN_POINT('',(0.77,0.4,0.5));
#1402 = CIRCLE('',#1403,3.E-02);
#1403 = AXIS2_PLACEMENT_3D('',#1404,#1405,#1406);
#1404 = CARTESIAN_POINT('',(0.77,0.4,0.47));
#1405 = DIRECTION('',(0.,-1.,0.));
#1406 = DIRECTION('',(0.,0.,1.));
#1407 = ORIENTED_EDGE('',*,*,#1408,.F.);
#1408 = EDGE_CURVE('',#610,#1400,#1409,.T.);
#1409 = LINE('',#1410,#1411);
#1410 = CARTESIAN_POINT('',(0.77,-0.4,0.5));
#1411 = VECTOR('',#1412,1.);
#1412 = DIRECTION('',(0.,1.,0.));
#1413 = ORIENTED_EDGE('',*,*,#617,.F.);
#1414 = CYLINDRICAL_SURFACE('',#1415,3.E-02);
#1415 = AXIS2_PLACEMENT_3D('',#1416,#1417,#1418);
#1416 = CARTESIAN_POINT('',(0.77,-0.4,0.47));
#1417 = DIRECTION('',(0.,1.,0.));
#1418 = DIRECTION('',(1.,0.,0.));
#1419 = ADVANCED_FACE('',(#1420),#1461,.T.);
#1420 = FACE_BOUND('',#1421,.T.);
#1421 = EDGE_LOOP('',(#1422,#1430,#1438,#1444,#1445,#1453,#1459,#1460));
#1422 = ORIENTED_EDGE('',*,*,#1423,.F.);
#1423 = EDGE_CURVE('',#1424,#1400,#1426,.T.);
#1424 = VERTEX_POINT('',#1425);
#1425 = CARTESIAN_POINT('',(0.725,0.4,0.5));
#1426 = LINE('',#1427,#1428);
#1427 = CARTESIAN_POINT('',(0.5,0.4,0.5));
#1428 = VECTOR('',#1429,1.);
#1429 = DIRECTION('',(1.,0.,0.));
#1430 = ORIENTED_EDGE('',*,*,#1431,.F.);
#1431 = EDGE_CURVE('',#1432,#1424,#1434,.T.);
#1432 = VERTEX_POINT('',#1433);
#1433 = CARTESIAN_POINT('',(0.725,0.3,0.5));
#1434 = LINE('',#1435,#1436);
#1435 = CARTESIAN_POINT('',(0.725,-5.E-02,0.5));
#1436 = VECTOR('',#1437,1.);
#1437 = DIRECTION('',(0.,1.,0.));
#1438 = ORIENTED_EDGE('',*,*,#1439,.F.);
#1439 = EDGE_CURVE('',#715,#1432,#1440,.T.);
#1440 = LINE('',#1441,#1442);
#1441 = CARTESIAN_POINT('',(-0.1125,0.3,0.5));
#1442 = VECTOR('',#1443,1.);
#1443 = DIRECTION('',(1.,0.,0.));
#1444 = ORIENTED_EDGE('',*,*,#714,.F.);
#1445 = ORIENTED_EDGE('',*,*,#1446,.F.);
#1446 = EDGE_CURVE('',#1447,#706,#1449,.T.);
#1447 = VERTEX_POINT('',#1448);
#1448 = CARTESIAN_POINT('',(0.725,-0.3,0.5));
#1449 = LINE('',#1450,#1451);
#1450 = CARTESIAN_POINT('',(0.6125,-0.3,0.5));
#1451 = VECTOR('',#1452,1.);
#1452 = DIRECTION('',(-1.,0.,0.));
#1453 = ORIENTED_EDGE('',*,*,#1454,.F.);
#1454 = EDGE_CURVE('',#602,#1447,#1455,.T.);
#1455 = LINE('',#1456,#1457);
#1456 = CARTESIAN_POINT('',(0.725,-0.45,0.5));
#1457 = VECTOR('',#1458,1.);
#1458 = DIRECTION('',(0.,1.,0.));
#1459 = ORIENTED_EDGE('',*,*,#609,.T.);
#1460 = ORIENTED_EDGE('',*,*,#1408,.T.);
#1461 = PLANE('',#1462);
#1462 = AXIS2_PLACEMENT_3D('',#1463,#1464,#1465);
#1463 = CARTESIAN_POINT('',(0.5,-0.4,0.5));
#1464 = DIRECTION('',(0.,0.,1.));
#1465 = DIRECTION('',(1.,0.,-0.));
#1466 = ADVANCED_FACE('',(#1467),#1478,.F.);
#1467 = FACE_BOUND('',#1468,.F.);
#1468 = EDGE_LOOP('',(#1469,#1475,#1476,#1477));
#1469 = ORIENTED_EDGE('',*,*,#1470,.F.);
#1470 = EDGE_CURVE('',#1447,#650,#1471,.T.);
#1471 = LINE('',#1472,#1473);
#1472 = CARTESIAN_POINT('',(0.725,-0.3,0.75));
#1473 = VECTOR('',#1474,1.);
#1474 = DIRECTION('',(-0.,-0.,-1.));
#1475 = ORIENTED_EDGE('',*,*,#1454,.F.);
#1476 = ORIENTED_EDGE('',*,*,#601,.T.);
#1477 = ORIENTED_EDGE('',*,*,#659,.F.);
#1478 = PLANE('',#1479);
#1479 = AXIS2_PLACEMENT_3D('',#1480,#1481,#1482);
#1480 = CARTESIAN_POINT('',(0.725,-0.5,0.75));
#1481 = DIRECTION('',(1.,0.,0.));
#1482 = DIRECTION('',(-0.,1.,0.));
#1483 = ADVANCED_FACE('',(#1484),#1490,.F.);
#1484 = FACE_BOUND('',#1485,.F.);
#1485 = EDGE_LOOP('',(#1486,#1487,#1488,#1489));
#1486 = ORIENTED_EDGE('',*,*,#1446,.F.);
#1487 = ORIENTED_EDGE('',*,*,#1470,.T.);
#1488 = ORIENTED_EDGE('',*,*,#649,.F.);
#1489 = ORIENTED_EDGE('',*,*,#705,.T.);
#1490 = PLANE('',#1491);
#1491 = AXIS2_PLACEMENT_3D('',#1492,#1493,#1494);
#1492 = CARTESIAN_POINT('',(0.725,-0.3,0.75));
#1493 = DIRECTION('',(0.,1.,0.));
#1494 = DIRECTION('',(-1.,0.,0.));
#1495 = ADVANCED_FACE('',(#1496),#1512,.F.);
#1496 = FACE_BOUND('',#1497,.F.);
#1497 = EDGE_LOOP('',(#1498,#1499,#1505,#1506));
#1498 = ORIENTED_EDGE('',*,*,#1431,.F.);
#1499 = ORIENTED_EDGE('',*,*,#1500,.T.);
#1500 = EDGE_CURVE('',#1432,#683,#1501,.T.);
#1501 = LINE('',#1502,#1503);
#1502 = CARTESIAN_POINT('',(0.725,0.3,0.75));
#1503 = VECTOR('',#1504,1.);
#1504 = DIRECTION('',(-0.,-0.,-1.));
#1505 = ORIENTED_EDGE('',*,*,#690,.F.);
#1506 = ORIENTED_EDGE('',*,*,#1507,.F.);
#1507 = EDGE_CURVE('',#1424,#674,#1508,.T.);
#1508 = LINE('',#1509,#1510);
#1509 = CARTESIAN_POINT('',(0.725,0.4,0.375));
#1510 = VECTOR('',#1511,1.);
#1511 = DIRECTION('',(0.,0.,-1.));
#1512 = PLANE('',#1513);
#1513 = AXIS2_PLACEMENT_3D('',#1514,#1515,#1516);
#1514 = CARTESIAN_POINT('',(0.725,0.3,0.75));
#1515 = DIRECTION('',(1.,0.,0.));
#1516 = DIRECTION('',(-0.,1.,0.));
#1517 = ADVANCED_FACE('',(#1518),#1524,.F.);
#1518 = FACE_BOUND('',#1519,.F.);
#1519 = EDGE_LOOP('',(#1520,#1521,#1522,#1523));
#1520 = ORIENTED_EDGE('',*,*,#1500,.F.);
#1521 = ORIENTED_EDGE('',*,*,#1439,.F.);
#1522 = ORIENTED_EDGE('',*,*,#722,.F.);
#1523 = ORIENTED_EDGE('',*,*,#682,.F.);
#1524 = PLANE('',#1525);
#1525 = AXIS2_PLACEMENT_3D('',#1526,#1527,#1528);
#1526 = CARTESIAN_POINT('',(-0.725,0.3,0.75));
#1527 = DIRECTION('',(0.,-1.,0.));
#1528 = DIRECTION('',(1.,0.,0.));
#1529 = ADVANCED_FACE('',(#1530),#1542,.T.);
#1530 = FACE_BOUND('',#1531,.T.);
#1531 = EDGE_LOOP('',(#1532,#1533,#1534,#1535,#1536,#1537,#1538,#1539,
    #1540,#1541));
#1532 = ORIENTED_EDGE('',*,*,#910,.F.);
#1533 = ORIENTED_EDGE('',*,*,#981,.F.);
#1534 = ORIENTED_EDGE('',*,*,#1017,.T.);
#1535 = ORIENTED_EDGE('',*,*,#1041,.T.);
#1536 = ORIENTED_EDGE('',*,*,#865,.T.);
#1537 = ORIENTED_EDGE('',*,*,#826,.F.);
#1538 = ORIENTED_EDGE('',*,*,#753,.F.);
#1539 = ORIENTED_EDGE('',*,*,#745,.F.);
#1540 = ORIENTED_EDGE('',*,*,#737,.T.);
#1541 = ORIENTED_EDGE('',*,*,#1112,.F.);
#1542 = PLANE('',#1543);
#1543 = AXIS2_PLACEMENT_3D('',#1544,#1545,#1546);
#1544 = CARTESIAN_POINT('',(-0.8,0.4,0.));
#1545 = DIRECTION('',(0.,1.,0.));
#1546 = DIRECTION('',(0.,-0.,1.));
#1547 = ADVANCED_FACE('',(#1548),#1560,.T.);
#1548 = FACE_BOUND('',#1549,.T.);
#1549 = EDGE_LOOP('',(#1550,#1551,#1552,#1553,#1554,#1555,#1556,#1557,
    #1558,#1559));
#1550 = ORIENTED_EDGE('',*,*,#1321,.F.);
#1551 = ORIENTED_EDGE('',*,*,#1144,.F.);
#1552 = ORIENTED_EDGE('',*,*,#778,.T.);
#1553 = ORIENTED_EDGE('',*,*,#770,.T.);
#1554 = ORIENTED_EDGE('',*,*,#762,.F.);
#1555 = ORIENTED_EDGE('',*,*,#1507,.F.);
#1556 = ORIENTED_EDGE('',*,*,#1423,.T.);
#1557 = ORIENTED_EDGE('',*,*,#1399,.F.);
#1558 = ORIENTED_EDGE('',*,*,#1376,.F.);
#1559 = ORIENTED_EDGE('',*,*,#1351,.T.);
#1560 = PLANE('',#1561);
#1561 = AXIS2_PLACEMENT_3D('',#1562,#1563,#1564);
#1562 = CARTESIAN_POINT('',(0.5,0.4,0.));
#1563 = DIRECTION('',(0.,1.,0.));
#1564 = DIRECTION('',(0.,-0.,1.));
#1565 = ADVANCED_FACE('',(#1566),#1571,.T.);
#1566 = FACE_BOUND('',#1567,.T.);
#1567 = EDGE_LOOP('',(#1568,#1569,#1570));
#1568 = ORIENTED_EDGE('',*,*,#1290,.T.);
#1569 = ORIENTED_EDGE('',*,*,#1266,.T.);
#1570 = ORIENTED_EDGE('',*,*,#1307,.T.);
#1571 = PLANE('',#1572);
#1572 = AXIS2_PLACEMENT_3D('',#1573,#1574,#1575);
#1573 = CARTESIAN_POINT('',(9.237604307034E-02,0.,1.5E-02));
#1574 = DIRECTION('',(-0.,-0.,-1.));
#1575 = DIRECTION('',(-1.,0.,0.));
#1576 = ( GEOMETRIC_REPRESENTATION_CONTEXT(3) 
GLOBAL_UNCERTAINTY_ASSIGNED_CONTEXT((#1580)) 
GLOBAL_UNIT_ASSIGNED_CONTEXT((#1577,#1578,#1579)) REPRESENTATION_CONTEXT
('Context #1','3D Context with UNIT and UNCERTAINTY') );
#1577 = ( LENGTH_UNIT() NAMED_UNIT(*) SI_UNIT(.MILLI.,.METRE.) );
#1578 = ( NAMED_UNIT(*) PLANE_ANGLE_UNIT() SI_UNIT($,.RADIAN.) );
#1579 = ( NAMED_UNIT(*) SI_UNIT($,.STERADIAN.) SOLID_ANGLE_UNIT() );
#1580 = UNCERTAINTY_MEASURE_WITH_UNIT(LENGTH_MEASURE(1.E-07),#1577,
  'distance_accuracy_value','confusion accuracy');
#1581 = CONTEXT_DEPENDENT_SHAPE_REPRESENTATION(#1582,#1584);
#1582 = ( REPRESENTATION_RELATIONSHIP('','',#52,#10) 
REPRESENTATION_RELATIONSHIP_WITH_TRANSFORMATION(#1583) 
SHAPE_REPRESENTATION_RELATIONSHIP() );
#1583 = ITEM_DEFINED_TRANSFORMATION('','',#11,#15);
#1584 = PRODUCT_DEFINITION_SHAPE('Placement','Placement of an item',
  #1585);
#1585 = NEXT_ASSEMBLY_USAGE_OCCURRENCE('1','D1','',#5,#47,$);
#1586 = PRODUCT_RELATED_PRODUCT_CATEGORY('part',$,(#49));
#1587 = SHAPE_DEFINITION_REPRESENTATION(#1588,#1594);
#1588 = PRODUCT_DEFINITION_SHAPE('','',#1589);
#1589 = PRODUCT_DEFINITION('design','',#1590,#1593);
#1590 = PRODUCT_DEFINITION_FORMATION('','',#1591);
#1591 = PRODUCT('R_0603_1608Metric','R_0603_1608Metric','',(#1592));
#1592 = PRODUCT_CONTEXT('',#2,'mechanical');
#1593 = PRODUCT_DEFINITION_CONTEXT('part definition',#2,'design');
#1594 = ADVANCED_BREP_SHAPE_REPRESENTATION('',(#11,#1595),#2385);
#1595 = MANIFOLD_SOLID_BREP('',#1596);
#1596 = CLOSED_SHELL('',(#1597,#1637,#1720,#1745,#1770,#1837,#1854,#1871
    ,#1920,#1937,#1954,#2003,#2020,#2089,#2120,#2144,#2213,#2237,#2254,
    #2271,#2288,#2305,#2322,#2339,#2356,#2373));
#1597 = ADVANCED_FACE('',(#1598),#1632,.F.);
#1598 = FACE_BOUND('',#1599,.F.);
#1599 = EDGE_LOOP('',(#1600,#1610,#1618,#1626));
#1600 = ORIENTED_EDGE('',*,*,#1601,.F.);
#1601 = EDGE_CURVE('',#1602,#1604,#1606,.T.);
#1602 = VERTEX_POINT('',#1603);
#1603 = CARTESIAN_POINT('',(-0.8,-0.4,4.5E-02));
#1604 = VERTEX_POINT('',#1605);
#1605 = CARTESIAN_POINT('',(-0.8,-0.4,0.405));
#1606 = LINE('',#1607,#1608);
#1607 = CARTESIAN_POINT('',(-0.8,-0.4,0.));
#1608 = VECTOR('',#1609,1.);
#1609 = DIRECTION('',(0.,0.,1.));
#1610 = ORIENTED_EDGE('',*,*,#1611,.T.);
#1611 = EDGE_CURVE('',#1602,#1612,#1614,.T.);
#1612 = VERTEX_POINT('',#1613);
#1613 = CARTESIAN_POINT('',(-0.8,0.4,4.5E-02));
#1614 = LINE('',#1615,#1616);
#1615 = CARTESIAN_POINT('',(-0.8,-0.4,4.5E-02));
#1616 = VECTOR('',#1617,1.);
#1617 = DIRECTION('',(0.,1.,0.));
#1618 = ORIENTED_EDGE('',*,*,#1619,.T.);
#1619 = EDGE_CURVE('',#1612,#1620,#1622,.T.);
#1620 = VERTEX_POINT('',#1621);
#1621 = CARTESIAN_POINT('',(-0.8,0.4,0.405));
#1622 = LINE('',#1623,#1624);
#1623 = CARTESIAN_POINT('',(-0.8,0.4,0.));
#1624 = VECTOR('',#1625,1.);
#1625 = DIRECTION('',(0.,0.,1.));
#1626 = ORIENTED_EDGE('',*,*,#1627,.F.);
#1627 = EDGE_CURVE('',#1604,#1620,#1628,.T.);
#1628 = LINE('',#1629,#1630);
#1629 = CARTESIAN_POINT('',(-0.8,-0.4,0.405));
#1630 = VECTOR('',#1631,1.);
#1631 = DIRECTION('',(0.,1.,0.));
#1632 = PLANE('',#1633);
#1633 = AXIS2_PLACEMENT_3D('',#1634,#1635,#1636);
#1634 = CARTESIAN_POINT('',(-0.8,-0.4,0.));
#1635 = DIRECTION('',(1.,0.,0.));
#1636 = DIRECTION('',(0.,0.,1.));
#1637 = ADVANCED_FACE('',(#1638),#1715,.F.);
#1638 = FACE_BOUND('',#1639,.F.);
#1639 = EDGE_LOOP('',(#1640,#1650,#1657,#1658,#1667,#1675,#1684,#1692,
    #1700,#1708));
#1640 = ORIENTED_EDGE('',*,*,#1641,.F.);
#1641 = EDGE_CURVE('',#1642,#1644,#1646,.T.);
#1642 = VERTEX_POINT('',#1643);
#1643 = CARTESIAN_POINT('',(-0.755,-0.4,-2.775557561563E-17));
#1644 = VERTEX_POINT('',#1645);
#1645 = CARTESIAN_POINT('',(-0.545,-0.4,-2.775557561563E-17));
#1646 = LINE('',#1647,#1648);
#1647 = CARTESIAN_POINT('',(-0.8,-0.4,0.));
#1648 = VECTOR('',#1649,1.);
#1649 = DIRECTION('',(1.,0.,0.));
#1650 = ORIENTED_EDGE('',*,*,#1651,.F.);
#1651 = EDGE_CURVE('',#1602,#1642,#1652,.T.);
#1652 = CIRCLE('',#1653,4.5E-02);
#1653 = AXIS2_PLACEMENT_3D('',#1654,#1655,#1656);
#1654 = CARTESIAN_POINT('',(-0.755,-0.4,4.5E-02));
#1655 = DIRECTION('',(0.,-1.,0.));
#1656 = DIRECTION('',(0.,0.,1.));
#1657 = ORIENTED_EDGE('',*,*,#1601,.T.);
#1658 = ORIENTED_EDGE('',*,*,#1659,.T.);
#1659 = EDGE_CURVE('',#1604,#1660,#1662,.T.);
#1660 = VERTEX_POINT('',#1661);
#1661 = CARTESIAN_POINT('',(-0.755,-0.4,0.45));
#1662 = CIRCLE('',#1663,4.5E-02);
#1663 = AXIS2_PLACEMENT_3D('',#1664,#1665,#1666);
#1664 = CARTESIAN_POINT('',(-0.755,-0.4,0.405));
#1665 = DIRECTION('',(0.,1.,0.));
#1666 = DIRECTION('',(0.,-0.,1.));
#1667 = ORIENTED_EDGE('',*,*,#1668,.T.);
#1668 = EDGE_CURVE('',#1660,#1669,#1671,.T.);
#1669 = VERTEX_POINT('',#1670);
#1670 = CARTESIAN_POINT('',(-0.545,-0.4,0.45));
#1671 = LINE('',#1672,#1673);
#1672 = CARTESIAN_POINT('',(-0.8,-0.4,0.45));
#1673 = VECTOR('',#1674,1.);
#1674 = DIRECTION('',(1.,0.,0.));
#1675 = ORIENTED_EDGE('',*,*,#1676,.F.);
#1676 = EDGE_CURVE('',#1677,#1669,#1679,.T.);
#1677 = VERTEX_POINT('',#1678);
#1678 = CARTESIAN_POINT('',(-0.5,-0.4,0.405));
#1679 = CIRCLE('',#1680,4.5E-02);
#1680 = AXIS2_PLACEMENT_3D('',#1681,#1682,#1683);
#1681 = CARTESIAN_POINT('',(-0.545,-0.4,0.405));
#1682 = DIRECTION('',(0.,-1.,0.));
#1683 = DIRECTION('',(0.,0.,1.));
#1684 = ORIENTED_EDGE('',*,*,#1685,.F.);
#1685 = EDGE_CURVE('',#1686,#1677,#1688,.T.);
#1686 = VERTEX_POINT('',#1687);
#1687 = CARTESIAN_POINT('',(-0.755,-0.4,0.405));
#1688 = LINE('',#1689,#1690);
#1689 = CARTESIAN_POINT('',(-0.755,-0.4,0.405));
#1690 = VECTOR('',#1691,1.);
#1691 = DIRECTION('',(1.,0.,0.));
#1692 = ORIENTED_EDGE('',*,*,#1693,.F.);
#1693 = EDGE_CURVE('',#1694,#1686,#1696,.T.);
#1694 = VERTEX_POINT('',#1695);
#1695 = CARTESIAN_POINT('',(-0.755,-0.4,4.5E-02));
#1696 = LINE('',#1697,#1698);
#1697 = CARTESIAN_POINT('',(-0.755,-0.4,4.5E-02));
#1698 = VECTOR('',#1699,1.);
#1699 = DIRECTION('',(0.,0.,1.));
#1700 = ORIENTED_EDGE('',*,*,#1701,.T.);
#1701 = EDGE_CURVE('',#1694,#1702,#1704,.T.);
#1702 = VERTEX_POINT('',#1703);
#1703 = CARTESIAN_POINT('',(-0.5,-0.4,4.5E-02));
#1704 = LINE('',#1705,#1706);
#1705 = CARTESIAN_POINT('',(-0.755,-0.4,4.5E-02));
#1706 = VECTOR('',#1707,1.);
#1707 = DIRECTION('',(1.,0.,0.));
#1708 = ORIENTED_EDGE('',*,*,#1709,.T.);
#1709 = EDGE_CURVE('',#1702,#1644,#1710,.T.);
#1710 = CIRCLE('',#1711,4.5E-02);
#1711 = AXIS2_PLACEMENT_3D('',#1712,#1713,#1714);
#1712 = CARTESIAN_POINT('',(-0.545,-0.4,4.5E-02));
#1713 = DIRECTION('',(0.,1.,0.));
#1714 = DIRECTION('',(0.,-0.,1.));
#1715 = PLANE('',#1716);
#1716 = AXIS2_PLACEMENT_3D('',#1717,#1718,#1719);
#1717 = CARTESIAN_POINT('',(-0.8,-0.4,0.));
#1718 = DIRECTION('',(0.,1.,0.));
#1719 = DIRECTION('',(0.,-0.,1.));
#1720 = ADVANCED_FACE('',(#1721),#1740,.T.);
#1721 = FACE_BOUND('',#1722,.T.);
#1722 = EDGE_LOOP('',(#1723,#1724,#1733,#1739));
#1723 = ORIENTED_EDGE('',*,*,#1611,.T.);
#1724 = ORIENTED_EDGE('',*,*,#1725,.T.);
#1725 = EDGE_CURVE('',#1612,#1726,#1728,.T.);
#1726 = VERTEX_POINT('',#1727);
#1727 = CARTESIAN_POINT('',(-0.755,0.4,-2.775557561563E-17));
#1728 = CIRCLE('',#1729,4.5E-02);
#1729 = AXIS2_PLACEMENT_3D('',#1730,#1731,#1732);
#1730 = CARTESIAN_POINT('',(-0.755,0.4,4.5E-02));
#1731 = DIRECTION('',(0.,-1.,0.));
#1732 = DIRECTION('',(0.,0.,1.));
#1733 = ORIENTED_EDGE('',*,*,#1734,.F.);
#1734 = EDGE_CURVE('',#1642,#1726,#1735,.T.);
#1735 = LINE('',#1736,#1737);
#1736 = CARTESIAN_POINT('',(-0.755,-0.4,-2.775557561563E-17));
#1737 = VECTOR('',#1738,1.);
#1738 = DIRECTION('',(0.,1.,0.));
#1739 = ORIENTED_EDGE('',*,*,#1651,.F.);
#1740 = CYLINDRICAL_SURFACE('',#1741,4.5E-02);
#1741 = AXIS2_PLACEMENT_3D('',#1742,#1743,#1744);
#1742 = CARTESIAN_POINT('',(-0.755,-0.4,4.5E-02));
#1743 = DIRECTION('',(0.,1.,0.));
#1744 = DIRECTION('',(-1.,0.,0.));
#1745 = ADVANCED_FACE('',(#1746),#1765,.T.);
#1746 = FACE_BOUND('',#1747,.T.);
#1747 = EDGE_LOOP('',(#1748,#1749,#1757,#1764));
#1748 = ORIENTED_EDGE('',*,*,#1659,.T.);
#1749 = ORIENTED_EDGE('',*,*,#1750,.T.);
#1750 = EDGE_CURVE('',#1660,#1751,#1753,.T.);
#1751 = VERTEX_POINT('',#1752);
#1752 = CARTESIAN_POINT('',(-0.755,0.4,0.45));
#1753 = LINE('',#1754,#1755);
#1754 = CARTESIAN_POINT('',(-0.755,-0.4,0.45));
#1755 = VECTOR('',#1756,1.);
#1756 = DIRECTION('',(0.,1.,0.));
#1757 = ORIENTED_EDGE('',*,*,#1758,.F.);
#1758 = EDGE_CURVE('',#1620,#1751,#1759,.T.);
#1759 = CIRCLE('',#1760,4.5E-02);
#1760 = AXIS2_PLACEMENT_3D('',#1761,#1762,#1763);
#1761 = CARTESIAN_POINT('',(-0.755,0.4,0.405));
#1762 = DIRECTION('',(0.,1.,0.));
#1763 = DIRECTION('',(0.,-0.,1.));
#1764 = ORIENTED_EDGE('',*,*,#1627,.F.);
#1765 = CYLINDRICAL_SURFACE('',#1766,4.5E-02);
#1766 = AXIS2_PLACEMENT_3D('',#1767,#1768,#1769);
#1767 = CARTESIAN_POINT('',(-0.755,-0.4,0.405));
#1768 = DIRECTION('',(0.,1.,0.));
#1769 = DIRECTION('',(-1.,0.,0.));
#1770 = ADVANCED_FACE('',(#1771),#1832,.T.);
#1771 = FACE_BOUND('',#1772,.T.);
#1772 = EDGE_LOOP('',(#1773,#1781,#1782,#1783,#1784,#1792,#1801,#1809,
    #1817,#1825));
#1773 = ORIENTED_EDGE('',*,*,#1774,.F.);
#1774 = EDGE_CURVE('',#1726,#1775,#1777,.T.);
#1775 = VERTEX_POINT('',#1776);
#1776 = CARTESIAN_POINT('',(-0.545,0.4,-2.775557561563E-17));
#1777 = LINE('',#1778,#1779);
#1778 = CARTESIAN_POINT('',(-0.8,0.4,0.));
#1779 = VECTOR('',#1780,1.);
#1780 = DIRECTION('',(1.,0.,0.));
#1781 = ORIENTED_EDGE('',*,*,#1725,.F.);
#1782 = ORIENTED_EDGE('',*,*,#1619,.T.);
#1783 = ORIENTED_EDGE('',*,*,#1758,.T.);
#1784 = ORIENTED_EDGE('',*,*,#1785,.T.);
#1785 = EDGE_CURVE('',#1751,#1786,#1788,.T.);
#1786 = VERTEX_POINT('',#1787);
#1787 = CARTESIAN_POINT('',(-0.545,0.4,0.45));
#1788 = LINE('',#1789,#1790);
#1789 = CARTESIAN_POINT('',(-0.8,0.4,0.45));
#1790 = VECTOR('',#1791,1.);
#1791 = DIRECTION('',(1.,0.,0.));
#1792 = ORIENTED_EDGE('',*,*,#1793,.F.);
#1793 = EDGE_CURVE('',#1794,#1786,#1796,.T.);
#1794 = VERTEX_POINT('',#1795);
#1795 = CARTESIAN_POINT('',(-0.5,0.4,0.405));
#1796 = CIRCLE('',#1797,4.5E-02);
#1797 = AXIS2_PLACEMENT_3D('',#1798,#1799,#1800);
#1798 = CARTESIAN_POINT('',(-0.545,0.4,0.405));
#1799 = DIRECTION('',(0.,-1.,0.));
#1800 = DIRECTION('',(0.,0.,1.));
#1801 = ORIENTED_EDGE('',*,*,#1802,.F.);
#1802 = EDGE_CURVE('',#1803,#1794,#1805,.T.);
#1803 = VERTEX_POINT('',#1804);
#1804 = CARTESIAN_POINT('',(-0.755,0.4,0.405));
#1805 = LINE('',#1806,#1807);
#1806 = CARTESIAN_POINT('',(-0.755,0.4,0.405));
#1807 = VECTOR('',#1808,1.);
#1808 = DIRECTION('',(1.,0.,0.));
#1809 = ORIENTED_EDGE('',*,*,#1810,.F.);
#1810 = EDGE_CURVE('',#1811,#1803,#1813,.T.);
#1811 = VERTEX_POINT('',#1812);
#1812 = CARTESIAN_POINT('',(-0.755,0.4,4.5E-02));
#1813 = LINE('',#1814,#1815);
#1814 = CARTESIAN_POINT('',(-0.755,0.4,4.5E-02));
#1815 = VECTOR('',#1816,1.);
#1816 = DIRECTION('',(0.,0.,1.));
#1817 = ORIENTED_EDGE('',*,*,#1818,.T.);
#1818 = EDGE_CURVE('',#1811,#1819,#1821,.T.);
#1819 = VERTEX_POINT('',#1820);
#1820 = CARTESIAN_POINT('',(-0.5,0.4,4.5E-02));
#1821 = LINE('',#1822,#1823);
#1822 = CARTESIAN_POINT('',(-0.755,0.4,4.5E-02));
#1823 = VECTOR('',#1824,1.);
#1824 = DIRECTION('',(1.,0.,0.));
#1825 = ORIENTED_EDGE('',*,*,#1826,.T.);
#1826 = EDGE_CURVE('',#1819,#1775,#1827,.T.);
#1827 = CIRCLE('',#1828,4.5E-02);
#1828 = AXIS2_PLACEMENT_3D('',#1829,#1830,#1831);
#1829 = CARTESIAN_POINT('',(-0.545,0.4,4.5E-02));
#1830 = DIRECTION('',(0.,1.,0.));
#1831 = DIRECTION('',(0.,-0.,1.));
#1832 = PLANE('',#1833);
#1833 = AXIS2_PLACEMENT_3D('',#1834,#1835,#1836);
#1834 = CARTESIAN_POINT('',(-0.8,0.4,0.));
#1835 = DIRECTION('',(0.,1.,0.));
#1836 = DIRECTION('',(0.,-0.,1.));
#1837 = ADVANCED_FACE('',(#1838),#1849,.F.);
#1838 = FACE_BOUND('',#1839,.F.);
#1839 = EDGE_LOOP('',(#1840,#1841,#1842,#1843));
#1840 = ORIENTED_EDGE('',*,*,#1774,.F.);
#1841 = ORIENTED_EDGE('',*,*,#1734,.F.);
#1842 = ORIENTED_EDGE('',*,*,#1641,.T.);
#1843 = ORIENTED_EDGE('',*,*,#1844,.T.);
#1844 = EDGE_CURVE('',#1644,#1775,#1845,.T.);
#1845 = LINE('',#1846,#1847);
#1846 = CARTESIAN_POINT('',(-0.545,-0.4,-2.775557561563E-17));
#1847 = VECTOR('',#1848,1.);
#1848 = DIRECTION('',(0.,1.,0.));
#1849 = PLANE('',#1850);
#1850 = AXIS2_PLACEMENT_3D('',#1851,#1852,#1853);
#1851 = CARTESIAN_POINT('',(-0.8,-0.4,0.));
#1852 = DIRECTION('',(0.,0.,1.));
#1853 = DIRECTION('',(1.,0.,-0.));
#1854 = ADVANCED_FACE('',(#1855),#1866,.T.);
#1855 = FACE_BOUND('',#1856,.T.);
#1856 = EDGE_LOOP('',(#1857,#1858,#1859,#1860));
#1857 = ORIENTED_EDGE('',*,*,#1709,.T.);
#1858 = ORIENTED_EDGE('',*,*,#1844,.T.);
#1859 = ORIENTED_EDGE('',*,*,#1826,.F.);
#1860 = ORIENTED_EDGE('',*,*,#1861,.F.);
#1861 = EDGE_CURVE('',#1702,#1819,#1862,.T.);
#1862 = LINE('',#1863,#1864);
#1863 = CARTESIAN_POINT('',(-0.5,-0.4,4.5E-02));
#1864 = VECTOR('',#1865,1.);
#1865 = DIRECTION('',(0.,1.,0.));
#1866 = CYLINDRICAL_SURFACE('',#1867,4.5E-02);
#1867 = AXIS2_PLACEMENT_3D('',#1868,#1869,#1870);
#1868 = CARTESIAN_POINT('',(-0.545,-0.4,4.5E-02));
#1869 = DIRECTION('',(0.,1.,0.));
#1870 = DIRECTION('',(1.,0.,0.));
#1871 = ADVANCED_FACE('',(#1872),#1915,.F.);
#1872 = FACE_BOUND('',#1873,.F.);
#1873 = EDGE_LOOP('',(#1874,#1875,#1876,#1877,#1885,#1893,#1901,#1909));
#1874 = ORIENTED_EDGE('',*,*,#1701,.F.);
#1875 = ORIENTED_EDGE('',*,*,#1693,.T.);
#1876 = ORIENTED_EDGE('',*,*,#1685,.T.);
#1877 = ORIENTED_EDGE('',*,*,#1878,.T.);
#1878 = EDGE_CURVE('',#1677,#1879,#1881,.T.);
#1879 = VERTEX_POINT('',#1880);
#1880 = CARTESIAN_POINT('',(0.5,-0.4,0.405));
#1881 = LINE('',#1882,#1883);
#1882 = CARTESIAN_POINT('',(-0.5,-0.4,0.405));
#1883 = VECTOR('',#1884,1.);
#1884 = DIRECTION('',(1.,0.,0.));
#1885 = ORIENTED_EDGE('',*,*,#1886,.T.);
#1886 = EDGE_CURVE('',#1879,#1887,#1889,.T.);
#1887 = VERTEX_POINT('',#1888);
#1888 = CARTESIAN_POINT('',(0.755,-0.4,0.405));
#1889 = LINE('',#1890,#1891);
#1890 = CARTESIAN_POINT('',(-0.755,-0.4,0.405));
#1891 = VECTOR('',#1892,1.);
#1892 = DIRECTION('',(1.,0.,0.));
#1893 = ORIENTED_EDGE('',*,*,#1894,.F.);
#1894 = EDGE_CURVE('',#1895,#1887,#1897,.T.);
#1895 = VERTEX_POINT('',#1896);
#1896 = CARTESIAN_POINT('',(0.755,-0.4,4.5E-02));
#1897 = LINE('',#1898,#1899);
#1898 = CARTESIAN_POINT('',(0.755,-0.4,4.5E-02));
#1899 = VECTOR('',#1900,1.);
#1900 = DIRECTION('',(0.,0.,1.));
#1901 = ORIENTED_EDGE('',*,*,#1902,.F.);
#1902 = EDGE_CURVE('',#1903,#1895,#1905,.T.);
#1903 = VERTEX_POINT('',#1904);
#1904 = CARTESIAN_POINT('',(0.5,-0.4,4.5E-02));
#1905 = LINE('',#1906,#1907);
#1906 = CARTESIAN_POINT('',(-0.755,-0.4,4.5E-02));
#1907 = VECTOR('',#1908,1.);
#1908 = DIRECTION('',(1.,0.,0.));
#1909 = ORIENTED_EDGE('',*,*,#1910,.F.);
#1910 = EDGE_CURVE('',#1702,#1903,#1911,.T.);
#1911 = LINE('',#1912,#1913);
#1912 = CARTESIAN_POINT('',(-0.755,-0.4,4.5E-02));
#1913 = VECTOR('',#1914,1.);
#1914 = DIRECTION('',(1.,0.,0.));
#1915 = PLANE('',#1916);
#1916 = AXIS2_PLACEMENT_3D('',#1917,#1918,#1919);
#1917 = CARTESIAN_POINT('',(-0.755,-0.4,4.5E-02));
#1918 = DIRECTION('',(0.,1.,0.));
#1919 = DIRECTION('',(0.,-0.,1.));
#1920 = ADVANCED_FACE('',(#1921),#1932,.T.);
#1921 = FACE_BOUND('',#1922,.T.);
#1922 = EDGE_LOOP('',(#1923,#1924,#1925,#1926));
#1923 = ORIENTED_EDGE('',*,*,#1785,.F.);
#1924 = ORIENTED_EDGE('',*,*,#1750,.F.);
#1925 = ORIENTED_EDGE('',*,*,#1668,.T.);
#1926 = ORIENTED_EDGE('',*,*,#1927,.T.);
#1927 = EDGE_CURVE('',#1669,#1786,#1928,.T.);
#1928 = LINE('',#1929,#1930);
#1929 = CARTESIAN_POINT('',(-0.545,-0.4,0.45));
#1930 = VECTOR('',#1931,1.);
#1931 = DIRECTION('',(0.,1.,0.));
#1932 = PLANE('',#1933);
#1933 = AXIS2_PLACEMENT_3D('',#1934,#1935,#1936);
#1934 = CARTESIAN_POINT('',(-0.8,-0.4,0.45));
#1935 = DIRECTION('',(0.,0.,1.));
#1936 = DIRECTION('',(1.,0.,-0.));
#1937 = ADVANCED_FACE('',(#1938),#1949,.T.);
#1938 = FACE_BOUND('',#1939,.T.);
#1939 = EDGE_LOOP('',(#1940,#1946,#1947,#1948));
#1940 = ORIENTED_EDGE('',*,*,#1941,.T.);
#1941 = EDGE_CURVE('',#1677,#1794,#1942,.T.);
#1942 = LINE('',#1943,#1944);
#1943 = CARTESIAN_POINT('',(-0.5,-0.4,0.405));
#1944 = VECTOR('',#1945,1.);
#1945 = DIRECTION('',(0.,1.,0.));
#1946 = ORIENTED_EDGE('',*,*,#1793,.T.);
#1947 = ORIENTED_EDGE('',*,*,#1927,.F.);
#1948 = ORIENTED_EDGE('',*,*,#1676,.F.);
#1949 = CYLINDRICAL_SURFACE('',#1950,4.5E-02);
#1950 = AXIS2_PLACEMENT_3D('',#1951,#1952,#1953);
#1951 = CARTESIAN_POINT('',(-0.545,-0.4,0.405));
#1952 = DIRECTION('',(0.,1.,0.));
#1953 = DIRECTION('',(1.,0.,0.));
#1954 = ADVANCED_FACE('',(#1955),#1998,.T.);
#1955 = FACE_BOUND('',#1956,.T.);
#1956 = EDGE_LOOP('',(#1957,#1958,#1959,#1960,#1968,#1976,#1984,#1992));
#1957 = ORIENTED_EDGE('',*,*,#1818,.F.);
#1958 = ORIENTED_EDGE('',*,*,#1810,.T.);
#1959 = ORIENTED_EDGE('',*,*,#1802,.T.);
#1960 = ORIENTED_EDGE('',*,*,#1961,.T.);
#1961 = EDGE_CURVE('',#1794,#1962,#1964,.T.);
#1962 = VERTEX_POINT('',#1963);
#1963 = CARTESIAN_POINT('',(0.5,0.4,0.405));
#1964 = LINE('',#1965,#1966);
#1965 = CARTESIAN_POINT('',(-0.5,0.4,0.405));
#1966 = VECTOR('',#1967,1.);
#1967 = DIRECTION('',(1.,0.,0.));
#1968 = ORIENTED_EDGE('',*,*,#1969,.T.);
#1969 = EDGE_CURVE('',#1962,#1970,#1972,.T.);
#1970 = VERTEX_POINT('',#1971);
#1971 = CARTESIAN_POINT('',(0.755,0.4,0.405));
#1972 = LINE('',#1973,#1974);
#1973 = CARTESIAN_POINT('',(-0.755,0.4,0.405));
#1974 = VECTOR('',#1975,1.);
#1975 = DIRECTION('',(1.,0.,0.));
#1976 = ORIENTED_EDGE('',*,*,#1977,.F.);
#1977 = EDGE_CURVE('',#1978,#1970,#1980,.T.);
#1978 = VERTEX_POINT('',#1979);
#1979 = CARTESIAN_POINT('',(0.755,0.4,4.5E-02));
#1980 = LINE('',#1981,#1982);
#1981 = CARTESIAN_POINT('',(0.755,0.4,4.5E-02));
#1982 = VECTOR('',#1983,1.);
#1983 = DIRECTION('',(0.,0.,1.));
#1984 = ORIENTED_EDGE('',*,*,#1985,.F.);
#1985 = EDGE_CURVE('',#1986,#1978,#1988,.T.);
#1986 = VERTEX_POINT('',#1987);
#1987 = CARTESIAN_POINT('',(0.5,0.4,4.5E-02));
#1988 = LINE('',#1989,#1990);
#1989 = CARTESIAN_POINT('',(-0.755,0.4,4.5E-02));
#1990 = VECTOR('',#1991,1.);
#1991 = DIRECTION('',(1.,0.,0.));
#1992 = ORIENTED_EDGE('',*,*,#1993,.F.);
#1993 = EDGE_CURVE('',#1819,#1986,#1994,.T.);
#1994 = LINE('',#1995,#1996);
#1995 = CARTESIAN_POINT('',(-0.755,0.4,4.5E-02));
#1996 = VECTOR('',#1997,1.);
#1997 = DIRECTION('',(1.,0.,0.));
#1998 = PLANE('',#1999);
#1999 = AXIS2_PLACEMENT_3D('',#2000,#2001,#2002);
#2000 = CARTESIAN_POINT('',(-0.755,0.4,4.5E-02));
#2001 = DIRECTION('',(0.,1.,0.));
#2002 = DIRECTION('',(0.,-0.,1.));
#2003 = ADVANCED_FACE('',(#2004),#2015,.F.);
#2004 = FACE_BOUND('',#2005,.F.);
#2005 = EDGE_LOOP('',(#2006,#2007,#2008,#2014));
#2006 = ORIENTED_EDGE('',*,*,#1861,.F.);
#2007 = ORIENTED_EDGE('',*,*,#1910,.T.);
#2008 = ORIENTED_EDGE('',*,*,#2009,.T.);
#2009 = EDGE_CURVE('',#1903,#1986,#2010,.T.);
#2010 = LINE('',#2011,#2012);
#2011 = CARTESIAN_POINT('',(0.5,-0.4,4.5E-02));
#2012 = VECTOR('',#2013,1.);
#2013 = DIRECTION('',(0.,1.,0.));
#2014 = ORIENTED_EDGE('',*,*,#1993,.F.);
#2015 = PLANE('',#2016);
#2016 = AXIS2_PLACEMENT_3D('',#2017,#2018,#2019);
#2017 = CARTESIAN_POINT('',(-0.755,-0.4,4.5E-02));
#2018 = DIRECTION('',(0.,0.,1.));
#2019 = DIRECTION('',(1.,0.,-0.));
#2020 = ADVANCED_FACE('',(#2021),#2084,.F.);
#2021 = FACE_BOUND('',#2022,.F.);
#2022 = EDGE_LOOP('',(#2023,#2033,#2040,#2041,#2042,#2043,#2052,#2060,
    #2069,#2077));
#2023 = ORIENTED_EDGE('',*,*,#2024,.F.);
#2024 = EDGE_CURVE('',#2025,#2027,#2029,.T.);
#2025 = VERTEX_POINT('',#2026);
#2026 = CARTESIAN_POINT('',(0.545,-0.4,-2.775557561563E-17));
#2027 = VERTEX_POINT('',#2028);
#2028 = CARTESIAN_POINT('',(0.755,-0.4,-2.775557561563E-17));
#2029 = LINE('',#2030,#2031);
#2030 = CARTESIAN_POINT('',(0.5,-0.4,0.));
#2031 = VECTOR('',#2032,1.);
#2032 = DIRECTION('',(1.,0.,0.));
#2033 = ORIENTED_EDGE('',*,*,#2034,.F.);
#2034 = EDGE_CURVE('',#1903,#2025,#2035,.T.);
#2035 = CIRCLE('',#2036,4.5E-02);
#2036 = AXIS2_PLACEMENT_3D('',#2037,#2038,#2039);
#2037 = CARTESIAN_POINT('',(0.545,-0.4,4.5E-02));
#2038 = DIRECTION('',(0.,-1.,0.));
#2039 = DIRECTION('',(0.,0.,1.));
#2040 = ORIENTED_EDGE('',*,*,#1902,.T.);
#2041 = ORIENTED_EDGE('',*,*,#1894,.T.);
#2042 = ORIENTED_EDGE('',*,*,#1886,.F.);
#2043 = ORIENTED_EDGE('',*,*,#2044,.T.);
#2044 = EDGE_CURVE('',#1879,#2045,#2047,.T.);
#2045 = VERTEX_POINT('',#2046);
#2046 = CARTESIAN_POINT('',(0.545,-0.4,0.45));
#2047 = CIRCLE('',#2048,4.5E-02);
#2048 = AXIS2_PLACEMENT_3D('',#2049,#2050,#2051);
#2049 = CARTESIAN_POINT('',(0.545,-0.4,0.405));
#2050 = DIRECTION('',(0.,1.,0.));
#2051 = DIRECTION('',(0.,-0.,1.));
#2052 = ORIENTED_EDGE('',*,*,#2053,.T.);
#2053 = EDGE_CURVE('',#2045,#2054,#2056,.T.);
#2054 = VERTEX_POINT('',#2055);
#2055 = CARTESIAN_POINT('',(0.755,-0.4,0.45));
#2056 = LINE('',#2057,#2058);
#2057 = CARTESIAN_POINT('',(0.5,-0.4,0.45));
#2058 = VECTOR('',#2059,1.);
#2059 = DIRECTION('',(1.,0.,0.));
#2060 = ORIENTED_EDGE('',*,*,#2061,.F.);
#2061 = EDGE_CURVE('',#2062,#2054,#2064,.T.);
#2062 = VERTEX_POINT('',#2063);
#2063 = CARTESIAN_POINT('',(0.8,-0.4,0.405));
#2064 = CIRCLE('',#2065,4.5E-02);
#2065 = AXIS2_PLACEMENT_3D('',#2066,#2067,#2068);
#2066 = CARTESIAN_POINT('',(0.755,-0.4,0.405));
#2067 = DIRECTION('',(0.,-1.,0.));
#2068 = DIRECTION('',(0.,0.,1.));
#2069 = ORIENTED_EDGE('',*,*,#2070,.F.);
#2070 = EDGE_CURVE('',#2071,#2062,#2073,.T.);
#2071 = VERTEX_POINT('',#2072);
#2072 = CARTESIAN_POINT('',(0.8,-0.4,4.5E-02));
#2073 = LINE('',#2074,#2075);
#2074 = CARTESIAN_POINT('',(0.8,-0.4,0.));
#2075 = VECTOR('',#2076,1.);
#2076 = DIRECTION('',(0.,0.,1.));
#2077 = ORIENTED_EDGE('',*,*,#2078,.T.);
#2078 = EDGE_CURVE('',#2071,#2027,#2079,.T.);
#2079 = CIRCLE('',#2080,4.5E-02);
#2080 = AXIS2_PLACEMENT_3D('',#2081,#2082,#2083);
#2081 = CARTESIAN_POINT('',(0.755,-0.4,4.5E-02));
#2082 = DIRECTION('',(0.,1.,0.));
#2083 = DIRECTION('',(0.,-0.,1.));
#2084 = PLANE('',#2085);
#2085 = AXIS2_PLACEMENT_3D('',#2086,#2087,#2088);
#2086 = CARTESIAN_POINT('',(0.5,-0.4,0.));
#2087 = DIRECTION('',(0.,1.,0.));
#2088 = DIRECTION('',(0.,-0.,1.));
#2089 = ADVANCED_FACE('',(#2090),#2115,.F.);
#2090 = FACE_BOUND('',#2091,.F.);
#2091 = EDGE_LOOP('',(#2092,#2093,#2101,#2109));
#2092 = ORIENTED_EDGE('',*,*,#1878,.F.);
#2093 = ORIENTED_EDGE('',*,*,#2094,.T.);
#2094 = EDGE_CURVE('',#1677,#2095,#2097,.T.);
#2095 = VERTEX_POINT('',#2096);
#2096 = CARTESIAN_POINT('',(-0.5,-0.4,0.45));
#2097 = LINE('',#2098,#2099);
#2098 = CARTESIAN_POINT('',(-0.5,-0.4,0.405));
#2099 = VECTOR('',#2100,1.);
#2100 = DIRECTION('',(0.,0.,1.));
#2101 = ORIENTED_EDGE('',*,*,#2102,.T.);
#2102 = EDGE_CURVE('',#2095,#2103,#2105,.T.);
#2103 = VERTEX_POINT('',#2104);
#2104 = CARTESIAN_POINT('',(0.5,-0.4,0.45));
#2105 = LINE('',#2106,#2107);
#2106 = CARTESIAN_POINT('',(-0.5,-0.4,0.45));
#2107 = VECTOR('',#2108,1.);
#2108 = DIRECTION('',(1.,0.,0.));
#2109 = ORIENTED_EDGE('',*,*,#2110,.F.);
#2110 = EDGE_CURVE('',#1879,#2103,#2111,.T.);
#2111 = LINE('',#2112,#2113);
#2112 = CARTESIAN_POINT('',(0.5,-0.4,0.405));
#2113 = VECTOR('',#2114,1.);
#2114 = DIRECTION('',(0.,0.,1.));
#2115 = PLANE('',#2116);
#2116 = AXIS2_PLACEMENT_3D('',#2117,#2118,#2119);
#2117 = CARTESIAN_POINT('',(-0.5,-0.4,0.405));
#2118 = DIRECTION('',(0.,1.,0.));
#2119 = DIRECTION('',(0.,-0.,1.));
#2120 = ADVANCED_FACE('',(#2121),#2139,.F.);
#2121 = FACE_BOUND('',#2122,.F.);
#2122 = EDGE_LOOP('',(#2123,#2124,#2125,#2133));
#2123 = ORIENTED_EDGE('',*,*,#2094,.F.);
#2124 = ORIENTED_EDGE('',*,*,#1941,.T.);
#2125 = ORIENTED_EDGE('',*,*,#2126,.T.);
#2126 = EDGE_CURVE('',#1794,#2127,#2129,.T.);
#2127 = VERTEX_POINT('',#2128);
#2128 = CARTESIAN_POINT('',(-0.5,0.4,0.45));
#2129 = LINE('',#2130,#2131);
#2130 = CARTESIAN_POINT('',(-0.5,0.4,0.405));
#2131 = VECTOR('',#2132,1.);
#2132 = DIRECTION('',(0.,0.,1.));
#2133 = ORIENTED_EDGE('',*,*,#2134,.F.);
#2134 = EDGE_CURVE('',#2095,#2127,#2135,.T.);
#2135 = LINE('',#2136,#2137);
#2136 = CARTESIAN_POINT('',(-0.5,-0.4,0.45));
#2137 = VECTOR('',#2138,1.);
#2138 = DIRECTION('',(0.,1.,0.));
#2139 = PLANE('',#2140);
#2140 = AXIS2_PLACEMENT_3D('',#2141,#2142,#2143);
#2141 = CARTESIAN_POINT('',(-0.5,-0.4,0.405));
#2142 = DIRECTION('',(1.,0.,0.));
#2143 = DIRECTION('',(0.,0.,1.));
#2144 = ADVANCED_FACE('',(#2145),#2208,.T.);
#2145 = FACE_BOUND('',#2146,.T.);
#2146 = EDGE_LOOP('',(#2147,#2157,#2164,#2165,#2166,#2167,#2176,#2184,
    #2193,#2201));
#2147 = ORIENTED_EDGE('',*,*,#2148,.F.);
#2148 = EDGE_CURVE('',#2149,#2151,#2153,.T.);
#2149 = VERTEX_POINT('',#2150);
#2150 = CARTESIAN_POINT('',(0.545,0.4,-2.775557561563E-17));
#2151 = VERTEX_POINT('',#2152);
#2152 = CARTESIAN_POINT('',(0.755,0.4,-2.775557561563E-17));
#2153 = LINE('',#2154,#2155);
#2154 = CARTESIAN_POINT('',(0.5,0.4,0.));
#2155 = VECTOR('',#2156,1.);
#2156 = DIRECTION('',(1.,0.,0.));
#2157 = ORIENTED_EDGE('',*,*,#2158,.F.);
#2158 = EDGE_CURVE('',#1986,#2149,#2159,.T.);
#2159 = CIRCLE('',#2160,4.5E-02);
#2160 = AXIS2_PLACEMENT_3D('',#2161,#2162,#2163);
#2161 = CARTESIAN_POINT('',(0.545,0.4,4.5E-02));
#2162 = DIRECTION('',(0.,-1.,0.));
#2163 = DIRECTION('',(0.,0.,1.));
#2164 = ORIENTED_EDGE('',*,*,#1985,.T.);
#2165 = ORIENTED_EDGE('',*,*,#1977,.T.);
#2166 = ORIENTED_EDGE('',*,*,#1969,.F.);
#2167 = ORIENTED_EDGE('',*,*,#2168,.T.);
#2168 = EDGE_CURVE('',#1962,#2169,#2171,.T.);
#2169 = VERTEX_POINT('',#2170);
#2170 = CARTESIAN_POINT('',(0.545,0.4,0.45));
#2171 = CIRCLE('',#2172,4.5E-02);
#2172 = AXIS2_PLACEMENT_3D('',#2173,#2174,#2175);
#2173 = CARTESIAN_POINT('',(0.545,0.4,0.405));
#2174 = DIRECTION('',(0.,1.,0.));
#2175 = DIRECTION('',(0.,-0.,1.));
#2176 = ORIENTED_EDGE('',*,*,#2177,.T.);
#2177 = EDGE_CURVE('',#2169,#2178,#2180,.T.);
#2178 = VERTEX_POINT('',#2179);
#2179 = CARTESIAN_POINT('',(0.755,0.4,0.45));
#2180 = LINE('',#2181,#2182);
#2181 = CARTESIAN_POINT('',(0.5,0.4,0.45));
#2182 = VECTOR('',#2183,1.);
#2183 = DIRECTION('',(1.,0.,0.));
#2184 = ORIENTED_EDGE('',*,*,#2185,.F.);
#2185 = EDGE_CURVE('',#2186,#2178,#2188,.T.);
#2186 = VERTEX_POINT('',#2187);
#2187 = CARTESIAN_POINT('',(0.8,0.4,0.405));
#2188 = CIRCLE('',#2189,4.5E-02);
#2189 = AXIS2_PLACEMENT_3D('',#2190,#2191,#2192);
#2190 = CARTESIAN_POINT('',(0.755,0.4,0.405));
#2191 = DIRECTION('',(0.,-1.,0.));
#2192 = DIRECTION('',(0.,0.,1.));
#2193 = ORIENTED_EDGE('',*,*,#2194,.F.);
#2194 = EDGE_CURVE('',#2195,#2186,#2197,.T.);
#2195 = VERTEX_POINT('',#2196);
#2196 = CARTESIAN_POINT('',(0.8,0.4,4.5E-02));
#2197 = LINE('',#2198,#2199);
#2198 = CARTESIAN_POINT('',(0.8,0.4,0.));
#2199 = VECTOR('',#2200,1.);
#2200 = DIRECTION('',(0.,0.,1.));
#2201 = ORIENTED_EDGE('',*,*,#2202,.T.);
#2202 = EDGE_CURVE('',#2195,#2151,#2203,.T.);
#2203 = CIRCLE('',#2204,4.5E-02);
#2204 = AXIS2_PLACEMENT_3D('',#2205,#2206,#2207);
#2205 = CARTESIAN_POINT('',(0.755,0.4,4.5E-02));
#2206 = DIRECTION('',(0.,1.,0.));
#2207 = DIRECTION('',(0.,-0.,1.));
#2208 = PLANE('',#2209);
#2209 = AXIS2_PLACEMENT_3D('',#2210,#2211,#2212);
#2210 = CARTESIAN_POINT('',(0.5,0.4,0.));
#2211 = DIRECTION('',(0.,1.,0.));
#2212 = DIRECTION('',(0.,-0.,1.));
#2213 = ADVANCED_FACE('',(#2214),#2232,.T.);
#2214 = FACE_BOUND('',#2215,.T.);
#2215 = EDGE_LOOP('',(#2216,#2217,#2218,#2226));
#2216 = ORIENTED_EDGE('',*,*,#1961,.F.);
#2217 = ORIENTED_EDGE('',*,*,#2126,.T.);
#2218 = ORIENTED_EDGE('',*,*,#2219,.T.);
#2219 = EDGE_CURVE('',#2127,#2220,#2222,.T.);
#2220 = VERTEX_POINT('',#2221);
#2221 = CARTESIAN_POINT('',(0.5,0.4,0.45));
#2222 = LINE('',#2223,#2224);
#2223 = CARTESIAN_POINT('',(-0.5,0.4,0.45));
#2224 = VECTOR('',#2225,1.);
#2225 = DIRECTION('',(1.,0.,0.));
#2226 = ORIENTED_EDGE('',*,*,#2227,.F.);
#2227 = EDGE_CURVE('',#1962,#2220,#2228,.T.);
#2228 = LINE('',#2229,#2230);
#2229 = CARTESIAN_POINT('',(0.5,0.4,0.405));
#2230 = VECTOR('',#2231,1.);
#2231 = DIRECTION('',(0.,0.,1.));
#2232 = PLANE('',#2233);
#2233 = AXIS2_PLACEMENT_3D('',#2234,#2235,#2236);
#2234 = CARTESIAN_POINT('',(-0.5,0.4,0.405));
#2235 = DIRECTION('',(0.,1.,0.));
#2236 = DIRECTION('',(0.,-0.,1.));
#2237 = ADVANCED_FACE('',(#2238),#2249,.T.);
#2238 = FACE_BOUND('',#2239,.T.);
#2239 = EDGE_LOOP('',(#2240,#2241,#2242,#2248));
#2240 = ORIENTED_EDGE('',*,*,#2009,.T.);
#2241 = ORIENTED_EDGE('',*,*,#2158,.T.);
#2242 = ORIENTED_EDGE('',*,*,#2243,.F.);
#2243 = EDGE_CURVE('',#2025,#2149,#2244,.T.);
#2244 = LINE('',#2245,#2246);
#2245 = CARTESIAN_POINT('',(0.545,-0.4,-2.775557561563E-17));
#2246 = VECTOR('',#2247,1.);
#2247 = DIRECTION('',(0.,1.,0.));
#2248 = ORIENTED_EDGE('',*,*,#2034,.F.);
#2249 = CYLINDRICAL_SURFACE('',#2250,4.5E-02);
#2250 = AXIS2_PLACEMENT_3D('',#2251,#2252,#2253);
#2251 = CARTESIAN_POINT('',(0.545,-0.4,4.5E-02));
#2252 = DIRECTION('',(0.,1.,0.));
#2253 = DIRECTION('',(-1.,0.,0.));
#2254 = ADVANCED_FACE('',(#2255),#2266,.F.);
#2255 = FACE_BOUND('',#2256,.F.);
#2256 = EDGE_LOOP('',(#2257,#2258,#2259,#2260));
#2257 = ORIENTED_EDGE('',*,*,#2148,.F.);
#2258 = ORIENTED_EDGE('',*,*,#2243,.F.);
#2259 = ORIENTED_EDGE('',*,*,#2024,.T.);
#2260 = ORIENTED_EDGE('',*,*,#2261,.T.);
#2261 = EDGE_CURVE('',#2027,#2151,#2262,.T.);
#2262 = LINE('',#2263,#2264);
#2263 = CARTESIAN_POINT('',(0.755,-0.4,-2.775557561563E-17));
#2264 = VECTOR('',#2265,1.);
#2265 = DIRECTION('',(0.,1.,0.));
#2266 = PLANE('',#2267);
#2267 = AXIS2_PLACEMENT_3D('',#2268,#2269,#2270);
#2268 = CARTESIAN_POINT('',(0.5,-0.4,0.));
#2269 = DIRECTION('',(0.,0.,1.));
#2270 = DIRECTION('',(1.,0.,-0.));
#2271 = ADVANCED_FACE('',(#2272),#2283,.T.);
#2272 = FACE_BOUND('',#2273,.T.);
#2273 = EDGE_LOOP('',(#2274,#2275,#2276,#2277));
#2274 = ORIENTED_EDGE('',*,*,#2078,.T.);
#2275 = ORIENTED_EDGE('',*,*,#2261,.T.);
#2276 = ORIENTED_EDGE('',*,*,#2202,.F.);
#2277 = ORIENTED_EDGE('',*,*,#2278,.F.);
#2278 = EDGE_CURVE('',#2071,#2195,#2279,.T.);
#2279 = LINE('',#2280,#2281);
#2280 = CARTESIAN_POINT('',(0.8,-0.4,4.5E-02));
#2281 = VECTOR('',#2282,1.);
#2282 = DIRECTION('',(0.,1.,0.));
#2283 = CYLINDRICAL_SURFACE('',#2284,4.5E-02);
#2284 = AXIS2_PLACEMENT_3D('',#2285,#2286,#2287);
#2285 = CARTESIAN_POINT('',(0.755,-0.4,4.5E-02));
#2286 = DIRECTION('',(0.,1.,0.));
#2287 = DIRECTION('',(1.,0.,0.));
#2288 = ADVANCED_FACE('',(#2289),#2300,.T.);
#2289 = FACE_BOUND('',#2290,.T.);
#2290 = EDGE_LOOP('',(#2291,#2292,#2293,#2294));
#2291 = ORIENTED_EDGE('',*,*,#2070,.F.);
#2292 = ORIENTED_EDGE('',*,*,#2278,.T.);
#2293 = ORIENTED_EDGE('',*,*,#2194,.T.);
#2294 = ORIENTED_EDGE('',*,*,#2295,.F.);
#2295 = EDGE_CURVE('',#2062,#2186,#2296,.T.);
#2296 = LINE('',#2297,#2298);
#2297 = CARTESIAN_POINT('',(0.8,-0.4,0.405));
#2298 = VECTOR('',#2299,1.);
#2299 = DIRECTION('',(0.,1.,0.));
#2300 = PLANE('',#2301);
#2301 = AXIS2_PLACEMENT_3D('',#2302,#2303,#2304);
#2302 = CARTESIAN_POINT('',(0.8,-0.4,0.));
#2303 = DIRECTION('',(1.,0.,0.));
#2304 = DIRECTION('',(0.,0.,1.));
#2305 = ADVANCED_FACE('',(#2306),#2317,.T.);
#2306 = FACE_BOUND('',#2307,.T.);
#2307 = EDGE_LOOP('',(#2308,#2309,#2310,#2316));
#2308 = ORIENTED_EDGE('',*,*,#2295,.T.);
#2309 = ORIENTED_EDGE('',*,*,#2185,.T.);
#2310 = ORIENTED_EDGE('',*,*,#2311,.F.);
#2311 = EDGE_CURVE('',#2054,#2178,#2312,.T.);
#2312 = LINE('',#2313,#2314);
#2313 = CARTESIAN_POINT('',(0.755,-0.4,0.45));
#2314 = VECTOR('',#2315,1.);
#2315 = DIRECTION('',(0.,1.,0.));
#2316 = ORIENTED_EDGE('',*,*,#2061,.F.);
#2317 = CYLINDRICAL_SURFACE('',#2318,4.5E-02);
#2318 = AXIS2_PLACEMENT_3D('',#2319,#2320,#2321);
#2319 = CARTESIAN_POINT('',(0.755,-0.4,0.405));
#2320 = DIRECTION('',(0.,1.,0.));
#2321 = DIRECTION('',(1.,0.,0.));
#2322 = ADVANCED_FACE('',(#2323),#2334,.T.);
#2323 = FACE_BOUND('',#2324,.T.);
#2324 = EDGE_LOOP('',(#2325,#2326,#2332,#2333));
#2325 = ORIENTED_EDGE('',*,*,#2177,.F.);
#2326 = ORIENTED_EDGE('',*,*,#2327,.F.);
#2327 = EDGE_CURVE('',#2045,#2169,#2328,.T.);
#2328 = LINE('',#2329,#2330);
#2329 = CARTESIAN_POINT('',(0.545,-0.4,0.45));
#2330 = VECTOR('',#2331,1.);
#2331 = DIRECTION('',(0.,1.,0.));
#2332 = ORIENTED_EDGE('',*,*,#2053,.T.);
#2333 = ORIENTED_EDGE('',*,*,#2311,.T.);
#2334 = PLANE('',#2335);
#2335 = AXIS2_PLACEMENT_3D('',#2336,#2337,#2338);
#2336 = CARTESIAN_POINT('',(0.5,-0.4,0.45));
#2337 = DIRECTION('',(0.,0.,1.));
#2338 = DIRECTION('',(1.,0.,-0.));
#2339 = ADVANCED_FACE('',(#2340),#2351,.T.);
#2340 = FACE_BOUND('',#2341,.T.);
#2341 = EDGE_LOOP('',(#2342,#2343,#2344,#2345));
#2342 = ORIENTED_EDGE('',*,*,#2044,.T.);
#2343 = ORIENTED_EDGE('',*,*,#2327,.T.);
#2344 = ORIENTED_EDGE('',*,*,#2168,.F.);
#2345 = ORIENTED_EDGE('',*,*,#2346,.F.);
#2346 = EDGE_CURVE('',#1879,#1962,#2347,.T.);
#2347 = LINE('',#2348,#2349);
#2348 = CARTESIAN_POINT('',(0.5,-0.4,0.405));
#2349 = VECTOR('',#2350,1.);
#2350 = DIRECTION('',(0.,1.,0.));
#2351 = CYLINDRICAL_SURFACE('',#2352,4.5E-02);
#2352 = AXIS2_PLACEMENT_3D('',#2353,#2354,#2355);
#2353 = CARTESIAN_POINT('',(0.545,-0.4,0.405));
#2354 = DIRECTION('',(0.,1.,0.));
#2355 = DIRECTION('',(-1.,0.,0.));
#2356 = ADVANCED_FACE('',(#2357),#2368,.T.);
#2357 = FACE_BOUND('',#2358,.T.);
#2358 = EDGE_LOOP('',(#2359,#2360,#2361,#2362));
#2359 = ORIENTED_EDGE('',*,*,#2110,.F.);
#2360 = ORIENTED_EDGE('',*,*,#2346,.T.);
#2361 = ORIENTED_EDGE('',*,*,#2227,.T.);
#2362 = ORIENTED_EDGE('',*,*,#2363,.F.);
#2363 = EDGE_CURVE('',#2103,#2220,#2364,.T.);
#2364 = LINE('',#2365,#2366);
#2365 = CARTESIAN_POINT('',(0.5,-0.4,0.45));
#2366 = VECTOR('',#2367,1.);
#2367 = DIRECTION('',(0.,1.,0.));
#2368 = PLANE('',#2369);
#2369 = AXIS2_PLACEMENT_3D('',#2370,#2371,#2372);
#2370 = CARTESIAN_POINT('',(0.5,-0.4,0.405));
#2371 = DIRECTION('',(1.,0.,0.));
#2372 = DIRECTION('',(0.,0.,1.));
#2373 = ADVANCED_FACE('',(#2374),#2380,.T.);
#2374 = FACE_BOUND('',#2375,.T.);
#2375 = EDGE_LOOP('',(#2376,#2377,#2378,#2379));
#2376 = ORIENTED_EDGE('',*,*,#2134,.F.);
#2377 = ORIENTED_EDGE('',*,*,#2102,.T.);
#2378 = ORIENTED_EDGE('',*,*,#2363,.T.);
#2379 = ORIENTED_EDGE('',*,*,#2219,.F.);
#2380 = PLANE('',#2381);
#2381 = AXIS2_PLACEMENT_3D('',#2382,#2383,#2384);
#2382 = CARTESIAN_POINT('',(-0.5,-0.4,0.45));
#2383 = DIRECTION('',(0.,0.,1.));
#2384 = DIRECTION('',(1.,0.,-0.));
#2385 = ( GEOMETRIC_REPRESENTATION_CONTEXT(3) 
GLOBAL_UNCERTAINTY_ASSIGNED_CONTEXT((#2389)) 
GLOBAL_UNIT_ASSIGNED_CONTEXT((#2386,#2387,#2388)) REPRESENTATION_CONTEXT
('Context #1','3D Context with UNIT and UNCERTAINTY') );
#2386 = ( LENGTH_UNIT() NAMED_UNIT(*) SI_UNIT(.MILLI.,.METRE.) );
#2387 = ( NAMED_UNIT(*) PLANE_ANGLE_UNIT() SI_UNIT($,.RADIAN.) );
#2388 = ( NAMED_UNIT(*) SI_UNIT($,.STERADIAN.) SOLID_ANGLE_UNIT() );
#2389 = UNCERTAINTY_MEASURE_WITH_UNIT(LENGTH_MEASURE(1.E-07),#2386,
  'distance_accuracy_value','confusion accuracy');
#2390 = CONTEXT_DEPENDENT_SHAPE_REPRESENTATION(#2391,#2393);
#2391 = ( REPRESENTATION_RELATIONSHIP('','',#1594,#10) 
REPRESENTATION_RELATIONSHIP_WITH_TRANSFORMATION(#2392) 
SHAPE_REPRESENTATION_RELATIONSHIP() );
#2392 = ITEM_DEFINED_TRANSFORMATION('','',#11,#19);
#2393 = PRODUCT_DEFINITION_SHAPE('Placement','Placement of an item',
  #2394);
#2394 = NEXT_ASSEMBLY_USAGE_OCCURRENCE('2','R1','',#5,#1589,$);
#2395 = PRODUCT_RELATED_PRODUCT_CATEGORY('part',$,(#1591));
#2396 = SHAPE_DEFINITION_REPRESENTATION(#2397,#2403);
#2397 = PRODUCT_DEFINITION_SHAPE('','',#2398);
#2398 = PRODUCT_DEFINITION('design','',#2399,#2402);
#2399 = PRODUCT_DEFINITION_FORMATION('','',#2400);
#2400 = PRODUCT('C_0603_1608Metric','C_0603_1608Metric','',(#2401));
#2401 = PRODUCT_CONTEXT('',#2,'mechanical');
#2402 = PRODUCT_DEFINITION_CONTEXT('part definition',#2,'design');
#2403 = ADVANCED_BREP_SHAPE_REPRESENTATION('',(#11,#2404),#3258);
#2404 = MANIFOLD_SOLID_BREP('',#2405);
#2405 = CLOSED_SHELL('',(#2406,#2482,#2513,#2538,#2563,#2587,#2611,#2636
    ,#2661,#2678,#2764,#2796,#2820,#2845,#2869,#2894,#2918,#2943,#2960,
    #3046,#3077,#3102,#3127,#3151,#3175,#3200,#3225,#3242));
#2406 = ADVANCED_FACE('',(#2407),#2477,.F.);
#2407 = FACE_BOUND('',#2408,.F.);
#2408 = EDGE_LOOP('',(#2409,#2419,#2428,#2436,#2445,#2453,#2462,#2470));
#2409 = ORIENTED_EDGE('',*,*,#2410,.F.);
#2410 = EDGE_CURVE('',#2411,#2413,#2415,.T.);
#2411 = VERTEX_POINT('',#2412);
#2412 = CARTESIAN_POINT('',(-0.8,-0.4,3.E-02));
#2413 = VERTEX_POINT('',#2414);
#2414 = CARTESIAN_POINT('',(-0.8,-0.4,0.77));
#2415 = LINE('',#2416,#2417);
#2416 = CARTESIAN_POINT('',(-0.8,-0.4,0.));
#2417 = VECTOR('',#2418,1.);
#2418 = DIRECTION('',(0.,0.,1.));
#2419 = ORIENTED_EDGE('',*,*,#2420,.T.);
#2420 = EDGE_CURVE('',#2411,#2421,#2423,.T.);
#2421 = VERTEX_POINT('',#2422);
#2422 = CARTESIAN_POINT('',(-0.8,-0.37,0.));
#2423 = CIRCLE('',#2424,3.E-02);
#2424 = AXIS2_PLACEMENT_3D('',#2425,#2426,#2427);
#2425 = CARTESIAN_POINT('',(-0.8,-0.37,3.E-02));
#2426 = DIRECTION('',(1.,0.,-0.));
#2427 = DIRECTION('',(0.,0.,1.));
#2428 = ORIENTED_EDGE('',*,*,#2429,.T.);
#2429 = EDGE_CURVE('',#2421,#2430,#2432,.T.);
#2430 = VERTEX_POINT('',#2431);
#2431 = CARTESIAN_POINT('',(-0.8,0.37,0.));
#2432 = LINE('',#2433,#2434);
#2433 = CARTESIAN_POINT('',(-0.8,-0.4,0.));
#2434 = VECTOR('',#2435,1.);
#2435 = DIRECTION('',(0.,1.,0.));
#2436 = ORIENTED_EDGE('',*,*,#2437,.F.);
#2437 = EDGE_CURVE('',#2438,#2430,#2440,.T.);
#2438 = VERTEX_POINT('',#2439);
#2439 = CARTESIAN_POINT('',(-0.8,0.4,3.E-02));
#2440 = CIRCLE('',#2441,3.E-02);
#2441 = AXIS2_PLACEMENT_3D('',#2442,#2443,#2444);
#2442 = CARTESIAN_POINT('',(-0.8,0.37,3.E-02));
#2443 = DIRECTION('',(-1.,0.,0.));
#2444 = DIRECTION('',(0.,0.,1.));
#2445 = ORIENTED_EDGE('',*,*,#2446,.T.);
#2446 = EDGE_CURVE('',#2438,#2447,#2449,.T.);
#2447 = VERTEX_POINT('',#2448);
#2448 = CARTESIAN_POINT('',(-0.8,0.4,0.77));
#2449 = LINE('',#2450,#2451);
#2450 = CARTESIAN_POINT('',(-0.8,0.4,0.));
#2451 = VECTOR('',#2452,1.);
#2452 = DIRECTION('',(0.,0.,1.));
#2453 = ORIENTED_EDGE('',*,*,#2454,.T.);
#2454 = EDGE_CURVE('',#2447,#2455,#2457,.T.);
#2455 = VERTEX_POINT('',#2456);
#2456 = CARTESIAN_POINT('',(-0.8,0.37,0.8));
#2457 = CIRCLE('',#2458,3.E-02);
#2458 = AXIS2_PLACEMENT_3D('',#2459,#2460,#2461);
#2459 = CARTESIAN_POINT('',(-0.8,0.37,0.77));
#2460 = DIRECTION('',(1.,0.,-0.));
#2461 = DIRECTION('',(0.,0.,1.));
#2462 = ORIENTED_EDGE('',*,*,#2463,.F.);
#2463 = EDGE_CURVE('',#2464,#2455,#2466,.T.);
#2464 = VERTEX_POINT('',#2465);
#2465 = CARTESIAN_POINT('',(-0.8,-0.37,0.8));
#2466 = LINE('',#2467,#2468);
#2467 = CARTESIAN_POINT('',(-0.8,-0.4,0.8));
#2468 = VECTOR('',#2469,1.);
#2469 = DIRECTION('',(0.,1.,0.));
#2470 = ORIENTED_EDGE('',*,*,#2471,.F.);
#2471 = EDGE_CURVE('',#2413,#2464,#2472,.T.);
#2472 = CIRCLE('',#2473,3.E-02);
#2473 = AXIS2_PLACEMENT_3D('',#2474,#2475,#2476);
#2474 = CARTESIAN_POINT('',(-0.8,-0.37,0.77));
#2475 = DIRECTION('',(-1.,0.,0.));
#2476 = DIRECTION('',(0.,0.,1.));
#2477 = PLANE('',#2478);
#2478 = AXIS2_PLACEMENT_3D('',#2479,#2480,#2481);
#2479 = CARTESIAN_POINT('',(-0.8,-0.4,0.));
#2480 = DIRECTION('',(1.,0.,0.));
#2481 = DIRECTION('',(0.,0.,1.));
#2482 = ADVANCED_FACE('',(#2483),#2508,.F.);
#2483 = FACE_BOUND('',#2484,.F.);
#2484 = EDGE_LOOP('',(#2485,#2495,#2501,#2502));
#2485 = ORIENTED_EDGE('',*,*,#2486,.F.);
#2486 = EDGE_CURVE('',#2487,#2489,#2491,.T.);
#2487 = VERTEX_POINT('',#2488);
#2488 = CARTESIAN_POINT('',(-0.5,-0.4,3.E-02));
#2489 = VERTEX_POINT('',#2490);
#2490 = CARTESIAN_POINT('',(-0.5,-0.4,0.77));
#2491 = LINE('',#2492,#2493);
#2492 = CARTESIAN_POINT('',(-0.5,-0.4,0.));
#2493 = VECTOR('',#2494,1.);
#2494 = DIRECTION('',(0.,0.,1.));
#2495 = ORIENTED_EDGE('',*,*,#2496,.F.);
#2496 = EDGE_CURVE('',#2411,#2487,#2497,.T.);
#2497 = LINE('',#2498,#2499);
#2498 = CARTESIAN_POINT('',(-0.8,-0.4,3.E-02));
#2499 = VECTOR('',#2500,1.);
#2500 = DIRECTION('',(1.,0.,0.));
#2501 = ORIENTED_EDGE('',*,*,#2410,.T.);
#2502 = ORIENTED_EDGE('',*,*,#2503,.T.);
#2503 = EDGE_CURVE('',#2413,#2489,#2504,.T.);
#2504 = LINE('',#2505,#2506);
#2505 = CARTESIAN_POINT('',(-0.8,-0.4,0.77));
#2506 = VECTOR('',#2507,1.);
#2507 = DIRECTION('',(1.,0.,0.));
#2508 = PLANE('',#2509);
#2509 = AXIS2_PLACEMENT_3D('',#2510,#2511,#2512);
#2510 = CARTESIAN_POINT('',(-0.8,-0.4,0.));
#2511 = DIRECTION('',(0.,1.,0.));
#2512 = DIRECTION('',(0.,-0.,1.));
#2513 = ADVANCED_FACE('',(#2514),#2533,.T.);
#2514 = FACE_BOUND('',#2515,.T.);
#2515 = EDGE_LOOP('',(#2516,#2517,#2525,#2532));
#2516 = ORIENTED_EDGE('',*,*,#2420,.T.);
#2517 = ORIENTED_EDGE('',*,*,#2518,.T.);
#2518 = EDGE_CURVE('',#2421,#2519,#2521,.T.);
#2519 = VERTEX_POINT('',#2520);
#2520 = CARTESIAN_POINT('',(-0.5,-0.37,0.));
#2521 = LINE('',#2522,#2523);
#2522 = CARTESIAN_POINT('',(-0.8,-0.37,0.));
#2523 = VECTOR('',#2524,1.);
#2524 = DIRECTION('',(1.,0.,0.));
#2525 = ORIENTED_EDGE('',*,*,#2526,.F.);
#2526 = EDGE_CURVE('',#2487,#2519,#2527,.T.);
#2527 = CIRCLE('',#2528,3.E-02);
#2528 = AXIS2_PLACEMENT_3D('',#2529,#2530,#2531);
#2529 = CARTESIAN_POINT('',(-0.5,-0.37,3.E-02));
#2530 = DIRECTION('',(1.,0.,-0.));
#2531 = DIRECTION('',(0.,0.,1.));
#2532 = ORIENTED_EDGE('',*,*,#2496,.F.);
#2533 = CYLINDRICAL_SURFACE('',#2534,3.E-02);
#2534 = AXIS2_PLACEMENT_3D('',#2535,#2536,#2537);
#2535 = CARTESIAN_POINT('',(-0.8,-0.37,3.E-02));
#2536 = DIRECTION('',(1.,0.,0.));
#2537 = DIRECTION('',(0.,-1.,0.));
#2538 = ADVANCED_FACE('',(#2539),#2558,.T.);
#2539 = FACE_BOUND('',#2540,.T.);
#2540 = EDGE_LOOP('',(#2541,#2542,#2551,#2557));
#2541 = ORIENTED_EDGE('',*,*,#2503,.T.);
#2542 = ORIENTED_EDGE('',*,*,#2543,.T.);
#2543 = EDGE_CURVE('',#2489,#2544,#2546,.T.);
#2544 = VERTEX_POINT('',#2545);
#2545 = CARTESIAN_POINT('',(-0.5,-0.37,0.8));
#2546 = CIRCLE('',#2547,3.E-02);
#2547 = AXIS2_PLACEMENT_3D('',#2548,#2549,#2550);
#2548 = CARTESIAN_POINT('',(-0.5,-0.37,0.77));
#2549 = DIRECTION('',(-1.,0.,0.));
#2550 = DIRECTION('',(0.,0.,1.));
#2551 = ORIENTED_EDGE('',*,*,#2552,.F.);
#2552 = EDGE_CURVE('',#2464,#2544,#2553,.T.);
#2553 = LINE('',#2554,#2555);
#2554 = CARTESIAN_POINT('',(-0.8,-0.37,0.8));
#2555 = VECTOR('',#2556,1.);
#2556 = DIRECTION('',(1.,0.,0.));
#2557 = ORIENTED_EDGE('',*,*,#2471,.F.);
#2558 = CYLINDRICAL_SURFACE('',#2559,3.E-02);
#2559 = AXIS2_PLACEMENT_3D('',#2560,#2561,#2562);
#2560 = CARTESIAN_POINT('',(-0.8,-0.37,0.77));
#2561 = DIRECTION('',(1.,0.,0.));
#2562 = DIRECTION('',(0.,-1.,0.));
#2563 = ADVANCED_FACE('',(#2564),#2582,.F.);
#2564 = FACE_BOUND('',#2565,.F.);
#2565 = EDGE_LOOP('',(#2566,#2567,#2568,#2576));
#2566 = ORIENTED_EDGE('',*,*,#2429,.F.);
#2567 = ORIENTED_EDGE('',*,*,#2518,.T.);
#2568 = ORIENTED_EDGE('',*,*,#2569,.T.);
#2569 = EDGE_CURVE('',#2519,#2570,#2572,.T.);
#2570 = VERTEX_POINT('',#2571);
#2571 = CARTESIAN_POINT('',(-0.5,0.37,0.));
#2572 = LINE('',#2573,#2574);
#2573 = CARTESIAN_POINT('',(-0.5,-0.4,0.));
#2574 = VECTOR('',#2575,1.);
#2575 = DIRECTION('',(0.,1.,0.));
#2576 = ORIENTED_EDGE('',*,*,#2577,.F.);
#2577 = EDGE_CURVE('',#2430,#2570,#2578,.T.);
#2578 = LINE('',#2579,#2580);
#2579 = CARTESIAN_POINT('',(-0.8,0.37,0.));
#2580 = VECTOR('',#2581,1.);
#2581 = DIRECTION('',(1.,0.,0.));
#2582 = PLANE('',#2583);
#2583 = AXIS2_PLACEMENT_3D('',#2584,#2585,#2586);
#2584 = CARTESIAN_POINT('',(-0.8,-0.4,0.));
#2585 = DIRECTION('',(0.,0.,1.));
#2586 = DIRECTION('',(1.,0.,-0.));
#2587 = ADVANCED_FACE('',(#2588),#2606,.T.);
#2588 = FACE_BOUND('',#2589,.T.);
#2589 = EDGE_LOOP('',(#2590,#2591,#2592,#2600));
#2590 = ORIENTED_EDGE('',*,*,#2463,.F.);
#2591 = ORIENTED_EDGE('',*,*,#2552,.T.);
#2592 = ORIENTED_EDGE('',*,*,#2593,.T.);
#2593 = EDGE_CURVE('',#2544,#2594,#2596,.T.);
#2594 = VERTEX_POINT('',#2595);
#2595 = CARTESIAN_POINT('',(-0.5,0.37,0.8));
#2596 = LINE('',#2597,#2598);
#2597 = CARTESIAN_POINT('',(-0.5,-0.4,0.8));
#2598 = VECTOR('',#2599,1.);
#2599 = DIRECTION('',(0.,1.,0.));
#2600 = ORIENTED_EDGE('',*,*,#2601,.F.);
#2601 = EDGE_CURVE('',#2455,#2594,#2602,.T.);
#2602 = LINE('',#2603,#2604);
#2603 = CARTESIAN_POINT('',(-0.8,0.37,0.8));
#2604 = VECTOR('',#2605,1.);
#2605 = DIRECTION('',(1.,0.,0.));
#2606 = PLANE('',#2607);
#2607 = AXIS2_PLACEMENT_3D('',#2608,#2609,#2610);
#2608 = CARTESIAN_POINT('',(-0.8,-0.4,0.8));
#2609 = DIRECTION('',(0.,0.,1.));
#2610 = DIRECTION('',(1.,0.,-0.));
#2611 = ADVANCED_FACE('',(#2612),#2631,.T.);
#2612 = FACE_BOUND('',#2613,.T.);
#2613 = EDGE_LOOP('',(#2614,#2622,#2629,#2630));
#2614 = ORIENTED_EDGE('',*,*,#2615,.T.);
#2615 = EDGE_CURVE('',#2438,#2616,#2618,.T.);
#2616 = VERTEX_POINT('',#2617);
#2617 = CARTESIAN_POINT('',(-0.5,0.4,3.E-02));
#2618 = LINE('',#2619,#2620);
#2619 = CARTESIAN_POINT('',(-0.8,0.4,3.E-02));
#2620 = VECTOR('',#2621,1.);
#2621 = DIRECTION('',(1.,0.,0.));
#2622 = ORIENTED_EDGE('',*,*,#2623,.T.);
#2623 = EDGE_CURVE('',#2616,#2570,#2624,.T.);
#2624 = CIRCLE('',#2625,3.E-02);
#2625 = AXIS2_PLACEMENT_3D('',#2626,#2627,#2628);
#2626 = CARTESIAN_POINT('',(-0.5,0.37,3.E-02));
#2627 = DIRECTION('',(-1.,0.,0.));
#2628 = DIRECTION('',(0.,0.,1.));
#2629 = ORIENTED_EDGE('',*,*,#2577,.F.);
#2630 = ORIENTED_EDGE('',*,*,#2437,.F.);
#2631 = CYLINDRICAL_SURFACE('',#2632,3.E-02);
#2632 = AXIS2_PLACEMENT_3D('',#2633,#2634,#2635);
#2633 = CARTESIAN_POINT('',(-0.8,0.37,3.E-02));
#2634 = DIRECTION('',(1.,0.,0.));
#2635 = DIRECTION('',(-0.,1.,0.));
#2636 = ADVANCED_FACE('',(#2637),#2656,.T.);
#2637 = FACE_BOUND('',#2638,.T.);
#2638 = EDGE_LOOP('',(#2639,#2640,#2641,#2650));
#2639 = ORIENTED_EDGE('',*,*,#2454,.T.);
#2640 = ORIENTED_EDGE('',*,*,#2601,.T.);
#2641 = ORIENTED_EDGE('',*,*,#2642,.F.);
#2642 = EDGE_CURVE('',#2643,#2594,#2645,.T.);
#2643 = VERTEX_POINT('',#2644);
#2644 = CARTESIAN_POINT('',(-0.5,0.4,0.77));
#2645 = CIRCLE('',#2646,3.E-02);
#2646 = AXIS2_PLACEMENT_3D('',#2647,#2648,#2649);
#2647 = CARTESIAN_POINT('',(-0.5,0.37,0.77));
#2648 = DIRECTION('',(1.,0.,-0.));
#2649 = DIRECTION('',(0.,0.,1.));
#2650 = ORIENTED_EDGE('',*,*,#2651,.F.);
#2651 = EDGE_CURVE('',#2447,#2643,#2652,.T.);
#2652 = LINE('',#2653,#2654);
#2653 = CARTESIAN_POINT('',(-0.8,0.4,0.77));
#2654 = VECTOR('',#2655,1.);
#2655 = DIRECTION('',(1.,0.,0.));
#2656 = CYLINDRICAL_SURFACE('',#2657,3.E-02);
#2657 = AXIS2_PLACEMENT_3D('',#2658,#2659,#2660);
#2658 = CARTESIAN_POINT('',(-0.8,0.37,0.77));
#2659 = DIRECTION('',(1.,0.,0.));
#2660 = DIRECTION('',(-0.,1.,0.));
#2661 = ADVANCED_FACE('',(#2662),#2673,.T.);
#2662 = FACE_BOUND('',#2663,.T.);
#2663 = EDGE_LOOP('',(#2664,#2670,#2671,#2672));
#2664 = ORIENTED_EDGE('',*,*,#2665,.F.);
#2665 = EDGE_CURVE('',#2616,#2643,#2666,.T.);
#2666 = LINE('',#2667,#2668);
#2667 = CARTESIAN_POINT('',(-0.5,0.4,0.));
#2668 = VECTOR('',#2669,1.);
#2669 = DIRECTION('',(0.,0.,1.));
#2670 = ORIENTED_EDGE('',*,*,#2615,.F.);
#2671 = ORIENTED_EDGE('',*,*,#2446,.T.);
#2672 = ORIENTED_EDGE('',*,*,#2651,.T.);
#2673 = PLANE('',#2674);
#2674 = AXIS2_PLACEMENT_3D('',#2675,#2676,#2677);
#2675 = CARTESIAN_POINT('',(-0.8,0.4,0.));
#2676 = DIRECTION('',(0.,1.,0.));
#2677 = DIRECTION('',(0.,-0.,1.));
#2678 = ADVANCED_FACE('',(#2679,#2689),#2759,.T.);
#2679 = FACE_BOUND('',#2680,.T.);
#2680 = EDGE_LOOP('',(#2681,#2682,#2683,#2684,#2685,#2686,#2687,#2688));
#2681 = ORIENTED_EDGE('',*,*,#2486,.F.);
#2682 = ORIENTED_EDGE('',*,*,#2526,.T.);
#2683 = ORIENTED_EDGE('',*,*,#2569,.T.);
#2684 = ORIENTED_EDGE('',*,*,#2623,.F.);
#2685 = ORIENTED_EDGE('',*,*,#2665,.T.);
#2686 = ORIENTED_EDGE('',*,*,#2642,.T.);
#2687 = ORIENTED_EDGE('',*,*,#2593,.F.);
#2688 = ORIENTED_EDGE('',*,*,#2543,.F.);
#2689 = FACE_BOUND('',#2690,.T.);
#2690 = EDGE_LOOP('',(#2691,#2702,#2710,#2719,#2727,#2736,#2744,#2753));
#2691 = ORIENTED_EDGE('',*,*,#2692,.F.);
#2692 = EDGE_CURVE('',#2693,#2695,#2697,.T.);
#2693 = VERTEX_POINT('',#2694);
#2694 = CARTESIAN_POINT('',(-0.5,-0.37,6.E-02));
#2695 = VERTEX_POINT('',#2696);
#2696 = CARTESIAN_POINT('',(-0.5,-0.34,3.E-02));
#2697 = CIRCLE('',#2698,3.E-02);
#2698 = AXIS2_PLACEMENT_3D('',#2699,#2700,#2701);
#2699 = CARTESIAN_POINT('',(-0.5,-0.34,6.E-02));
#2700 = DIRECTION('',(1.,0.,-0.));
#2701 = DIRECTION('',(0.,0.,1.));
#2702 = ORIENTED_EDGE('',*,*,#2703,.T.);
#2703 = EDGE_CURVE('',#2693,#2704,#2706,.T.);
#2704 = VERTEX_POINT('',#2705);
#2705 = CARTESIAN_POINT('',(-0.5,-0.37,0.74));
#2706 = LINE('',#2707,#2708);
#2707 = CARTESIAN_POINT('',(-0.5,-0.37,3.E-02));
#2708 = VECTOR('',#2709,1.);
#2709 = DIRECTION('',(0.,0.,1.));
#2710 = ORIENTED_EDGE('',*,*,#2711,.T.);
#2711 = EDGE_CURVE('',#2704,#2712,#2714,.T.);
#2712 = VERTEX_POINT('',#2713);
#2713 = CARTESIAN_POINT('',(-0.5,-0.34,0.77));
#2714 = CIRCLE('',#2715,3.E-02);
#2715 = AXIS2_PLACEMENT_3D('',#2716,#2717,#2718);
#2716 = CARTESIAN_POINT('',(-0.5,-0.34,0.74));
#2717 = DIRECTION('',(-1.,0.,0.));
#2718 = DIRECTION('',(0.,0.,1.));
#2719 = ORIENTED_EDGE('',*,*,#2720,.T.);
#2720 = EDGE_CURVE('',#2712,#2721,#2723,.T.);
#2721 = VERTEX_POINT('',#2722);
#2722 = CARTESIAN_POINT('',(-0.5,0.34,0.77));
#2723 = LINE('',#2724,#2725);
#2724 = CARTESIAN_POINT('',(-0.5,-0.37,0.77));
#2725 = VECTOR('',#2726,1.);
#2726 = DIRECTION('',(0.,1.,0.));
#2727 = ORIENTED_EDGE('',*,*,#2728,.F.);
#2728 = EDGE_CURVE('',#2729,#2721,#2731,.T.);
#2729 = VERTEX_POINT('',#2730);
#2730 = CARTESIAN_POINT('',(-0.5,0.37,0.74));
#2731 = CIRCLE('',#2732,3.E-02);
#2732 = AXIS2_PLACEMENT_3D('',#2733,#2734,#2735);
#2733 = CARTESIAN_POINT('',(-0.5,0.34,0.74));
#2734 = DIRECTION('',(1.,0.,-0.));
#2735 = DIRECTION('',(0.,0.,1.));
#2736 = ORIENTED_EDGE('',*,*,#2737,.F.);
#2737 = EDGE_CURVE('',#2738,#2729,#2740,.T.);
#2738 = VERTEX_POINT('',#2739);
#2739 = CARTESIAN_POINT('',(-0.5,0.37,6.E-02));
#2740 = LINE('',#2741,#2742);
#2741 = CARTESIAN_POINT('',(-0.5,0.37,3.E-02));
#2742 = VECTOR('',#2743,1.);
#2743 = DIRECTION('',(0.,0.,1.));
#2744 = ORIENTED_EDGE('',*,*,#2745,.T.);
#2745 = EDGE_CURVE('',#2738,#2746,#2748,.T.);
#2746 = VERTEX_POINT('',#2747);
#2747 = CARTESIAN_POINT('',(-0.5,0.34,3.E-02));
#2748 = CIRCLE('',#2749,3.E-02);
#2749 = AXIS2_PLACEMENT_3D('',#2750,#2751,#2752);
#2750 = CARTESIAN_POINT('',(-0.5,0.34,6.E-02));
#2751 = DIRECTION('',(-1.,0.,0.));
#2752 = DIRECTION('',(0.,0.,1.));
#2753 = ORIENTED_EDGE('',*,*,#2754,.F.);
#2754 = EDGE_CURVE('',#2695,#2746,#2755,.T.);
#2755 = LINE('',#2756,#2757);
#2756 = CARTESIAN_POINT('',(-0.5,-0.37,3.E-02));
#2757 = VECTOR('',#2758,1.);
#2758 = DIRECTION('',(0.,1.,0.));
#2759 = PLANE('',#2760);
#2760 = AXIS2_PLACEMENT_3D('',#2761,#2762,#2763);
#2761 = CARTESIAN_POINT('',(-0.5,-0.4,0.));
#2762 = DIRECTION('',(1.,0.,0.));
#2763 = DIRECTION('',(0.,0.,1.));
#2764 = ADVANCED_FACE('',(#2765),#2791,.T.);
#2765 = FACE_BOUND('',#2766,.T.);
#2766 = EDGE_LOOP('',(#2767,#2768,#2776,#2785));
#2767 = ORIENTED_EDGE('',*,*,#2692,.T.);
#2768 = ORIENTED_EDGE('',*,*,#2769,.T.);
#2769 = EDGE_CURVE('',#2695,#2770,#2772,.T.);
#2770 = VERTEX_POINT('',#2771);
#2771 = CARTESIAN_POINT('',(0.5,-0.34,3.E-02));
#2772 = LINE('',#2773,#2774);
#2773 = CARTESIAN_POINT('',(-0.5,-0.34,3.E-02));
#2774 = VECTOR('',#2775,1.);
#2775 = DIRECTION('',(1.,0.,0.));
#2776 = ORIENTED_EDGE('',*,*,#2777,.F.);
#2777 = EDGE_CURVE('',#2778,#2770,#2780,.T.);
#2778 = VERTEX_POINT('',#2779);
#2779 = CARTESIAN_POINT('',(0.5,-0.37,6.E-02));
#2780 = CIRCLE('',#2781,3.E-02);
#2781 = AXIS2_PLACEMENT_3D('',#2782,#2783,#2784);
#2782 = CARTESIAN_POINT('',(0.5,-0.34,6.E-02));
#2783 = DIRECTION('',(1.,0.,-0.));
#2784 = DIRECTION('',(0.,0.,1.));
#2785 = ORIENTED_EDGE('',*,*,#2786,.F.);
#2786 = EDGE_CURVE('',#2693,#2778,#2787,.T.);
#2787 = LINE('',#2788,#2789);
#2788 = CARTESIAN_POINT('',(-0.5,-0.37,6.E-02));
#2789 = VECTOR('',#2790,1.);
#2790 = DIRECTION('',(1.,0.,0.));
#2791 = CYLINDRICAL_SURFACE('',#2792,3.E-02);
#2792 = AXIS2_PLACEMENT_3D('',#2793,#2794,#2795);
#2793 = CARTESIAN_POINT('',(-0.5,-0.34,6.E-02));
#2794 = DIRECTION('',(1.,0.,0.));
#2795 = DIRECTION('',(0.,-1.,0.));
#2796 = ADVANCED_FACE('',(#2797),#2815,.F.);
#2797 = FACE_BOUND('',#2798,.F.);
#2798 = EDGE_LOOP('',(#2799,#2800,#2801,#2809));
#2799 = ORIENTED_EDGE('',*,*,#2754,.F.);
#2800 = ORIENTED_EDGE('',*,*,#2769,.T.);
#2801 = ORIENTED_EDGE('',*,*,#2802,.T.);
#2802 = EDGE_CURVE('',#2770,#2803,#2805,.T.);
#2803 = VERTEX_POINT('',#2804);
#2804 = CARTESIAN_POINT('',(0.5,0.34,3.E-02));
#2805 = LINE('',#2806,#2807);
#2806 = CARTESIAN_POINT('',(0.5,-0.37,3.E-02));
#2807 = VECTOR('',#2808,1.);
#2808 = DIRECTION('',(0.,1.,0.));
#2809 = ORIENTED_EDGE('',*,*,#2810,.F.);
#2810 = EDGE_CURVE('',#2746,#2803,#2811,.T.);
#2811 = LINE('',#2812,#2813);
#2812 = CARTESIAN_POINT('',(-0.5,0.34,3.E-02));
#2813 = VECTOR('',#2814,1.);
#2814 = DIRECTION('',(1.,0.,0.));
#2815 = PLANE('',#2816);
#2816 = AXIS2_PLACEMENT_3D('',#2817,#2818,#2819);
#2817 = CARTESIAN_POINT('',(-0.5,-0.37,3.E-02));
#2818 = DIRECTION('',(0.,0.,1.));
#2819 = DIRECTION('',(1.,0.,-0.));
#2820 = ADVANCED_FACE('',(#2821),#2840,.T.);
#2821 = FACE_BOUND('',#2822,.T.);
#2822 = EDGE_LOOP('',(#2823,#2831,#2838,#2839));
#2823 = ORIENTED_EDGE('',*,*,#2824,.T.);
#2824 = EDGE_CURVE('',#2738,#2825,#2827,.T.);
#2825 = VERTEX_POINT('',#2826);
#2826 = CARTESIAN_POINT('',(0.5,0.37,6.E-02));
#2827 = LINE('',#2828,#2829);
#2828 = CARTESIAN_POINT('',(-0.5,0.37,6.E-02));
#2829 = VECTOR('',#2830,1.);
#2830 = DIRECTION('',(1.,0.,0.));
#2831 = ORIENTED_EDGE('',*,*,#2832,.T.);
#2832 = EDGE_CURVE('',#2825,#2803,#2833,.T.);
#2833 = CIRCLE('',#2834,3.E-02);
#2834 = AXIS2_PLACEMENT_3D('',#2835,#2836,#2837);
#2835 = CARTESIAN_POINT('',(0.5,0.34,6.E-02));
#2836 = DIRECTION('',(-1.,0.,0.));
#2837 = DIRECTION('',(0.,0.,1.));
#2838 = ORIENTED_EDGE('',*,*,#2810,.F.);
#2839 = ORIENTED_EDGE('',*,*,#2745,.F.);
#2840 = CYLINDRICAL_SURFACE('',#2841,3.E-02);
#2841 = AXIS2_PLACEMENT_3D('',#2842,#2843,#2844);
#2842 = CARTESIAN_POINT('',(-0.5,0.34,6.E-02));
#2843 = DIRECTION('',(1.,0.,0.));
#2844 = DIRECTION('',(-0.,1.,0.));
#2845 = ADVANCED_FACE('',(#2846),#2864,.T.);
#2846 = FACE_BOUND('',#2847,.T.);
#2847 = EDGE_LOOP('',(#2848,#2856,#2857,#2858));
#2848 = ORIENTED_EDGE('',*,*,#2849,.F.);
#2849 = EDGE_CURVE('',#2825,#2850,#2852,.T.);
#2850 = VERTEX_POINT('',#2851);
#2851 = CARTESIAN_POINT('',(0.5,0.37,0.74));
#2852 = LINE('',#2853,#2854);
#2853 = CARTESIAN_POINT('',(0.5,0.37,3.E-02));
#2854 = VECTOR('',#2855,1.);
#2855 = DIRECTION('',(0.,0.,1.));
#2856 = ORIENTED_EDGE('',*,*,#2824,.F.);
#2857 = ORIENTED_EDGE('',*,*,#2737,.T.);
#2858 = ORIENTED_EDGE('',*,*,#2859,.T.);
#2859 = EDGE_CURVE('',#2729,#2850,#2860,.T.);
#2860 = LINE('',#2861,#2862);
#2861 = CARTESIAN_POINT('',(-0.5,0.37,0.74));
#2862 = VECTOR('',#2863,1.);
#2863 = DIRECTION('',(1.,0.,0.));
#2864 = PLANE('',#2865);
#2865 = AXIS2_PLACEMENT_3D('',#2866,#2867,#2868);
#2866 = CARTESIAN_POINT('',(-0.5,0.37,3.E-02));
#2867 = DIRECTION('',(0.,1.,0.));
#2868 = DIRECTION('',(0.,-0.,1.));
#2869 = ADVANCED_FACE('',(#2870),#2889,.T.);
#2870 = FACE_BOUND('',#2871,.T.);
#2871 = EDGE_LOOP('',(#2872,#2873,#2881,#2888));
#2872 = ORIENTED_EDGE('',*,*,#2728,.T.);
#2873 = ORIENTED_EDGE('',*,*,#2874,.T.);
#2874 = EDGE_CURVE('',#2721,#2875,#2877,.T.);
#2875 = VERTEX_POINT('',#2876);
#2876 = CARTESIAN_POINT('',(0.5,0.34,0.77));
#2877 = LINE('',#2878,#2879);
#2878 = CARTESIAN_POINT('',(-0.5,0.34,0.77));
#2879 = VECTOR('',#2880,1.);
#2880 = DIRECTION('',(1.,0.,0.));
#2881 = ORIENTED_EDGE('',*,*,#2882,.F.);
#2882 = EDGE_CURVE('',#2850,#2875,#2883,.T.);
#2883 = CIRCLE('',#2884,3.E-02);
#2884 = AXIS2_PLACEMENT_3D('',#2885,#2886,#2887);
#2885 = CARTESIAN_POINT('',(0.5,0.34,0.74));
#2886 = DIRECTION('',(1.,0.,-0.));
#2887 = DIRECTION('',(0.,0.,1.));
#2888 = ORIENTED_EDGE('',*,*,#2859,.F.);
#2889 = CYLINDRICAL_SURFACE('',#2890,3.E-02);
#2890 = AXIS2_PLACEMENT_3D('',#2891,#2892,#2893);
#2891 = CARTESIAN_POINT('',(-0.5,0.34,0.74));
#2892 = DIRECTION('',(1.,0.,0.));
#2893 = DIRECTION('',(-0.,1.,0.));
#2894 = ADVANCED_FACE('',(#2895),#2913,.T.);
#2895 = FACE_BOUND('',#2896,.T.);
#2896 = EDGE_LOOP('',(#2897,#2898,#2906,#2912));
#2897 = ORIENTED_EDGE('',*,*,#2720,.F.);
#2898 = ORIENTED_EDGE('',*,*,#2899,.T.);
#2899 = EDGE_CURVE('',#2712,#2900,#2902,.T.);
#2900 = VERTEX_POINT('',#2901);
#2901 = CARTESIAN_POINT('',(0.5,-0.34,0.77));
#2902 = LINE('',#2903,#2904);
#2903 = CARTESIAN_POINT('',(-0.5,-0.34,0.77));
#2904 = VECTOR('',#2905,1.);
#2905 = DIRECTION('',(1.,0.,0.));
#2906 = ORIENTED_EDGE('',*,*,#2907,.T.);
#2907 = EDGE_CURVE('',#2900,#2875,#2908,.T.);
#2908 = LINE('',#2909,#2910);
#2909 = CARTESIAN_POINT('',(0.5,-0.37,0.77));
#2910 = VECTOR('',#2911,1.);
#2911 = DIRECTION('',(0.,1.,0.));
#2912 = ORIENTED_EDGE('',*,*,#2874,.F.);
#2913 = PLANE('',#2914);
#2914 = AXIS2_PLACEMENT_3D('',#2915,#2916,#2917);
#2915 = CARTESIAN_POINT('',(-0.5,-0.37,0.77));
#2916 = DIRECTION('',(0.,0.,1.));
#2917 = DIRECTION('',(1.,0.,-0.));
#2918 = ADVANCED_FACE('',(#2919),#2938,.T.);
#2919 = FACE_BOUND('',#2920,.T.);
#2920 = EDGE_LOOP('',(#2921,#2929,#2936,#2937));
#2921 = ORIENTED_EDGE('',*,*,#2922,.T.);
#2922 = EDGE_CURVE('',#2704,#2923,#2925,.T.);
#2923 = VERTEX_POINT('',#2924);
#2924 = CARTESIAN_POINT('',(0.5,-0.37,0.74));
#2925 = LINE('',#2926,#2927);
#2926 = CARTESIAN_POINT('',(-0.5,-0.37,0.74));
#2927 = VECTOR('',#2928,1.);
#2928 = DIRECTION('',(1.,0.,0.));
#2929 = ORIENTED_EDGE('',*,*,#2930,.T.);
#2930 = EDGE_CURVE('',#2923,#2900,#2931,.T.);
#2931 = CIRCLE('',#2932,3.E-02);
#2932 = AXIS2_PLACEMENT_3D('',#2933,#2934,#2935);
#2933 = CARTESIAN_POINT('',(0.5,-0.34,0.74));
#2934 = DIRECTION('',(-1.,0.,0.));
#2935 = DIRECTION('',(0.,0.,1.));
#2936 = ORIENTED_EDGE('',*,*,#2899,.F.);
#2937 = ORIENTED_EDGE('',*,*,#2711,.F.);
#2938 = CYLINDRICAL_SURFACE('',#2939,3.E-02);
#2939 = AXIS2_PLACEMENT_3D('',#2940,#2941,#2942);
#2940 = CARTESIAN_POINT('',(-0.5,-0.34,0.74));
#2941 = DIRECTION('',(1.,0.,0.));
#2942 = DIRECTION('',(0.,-1.,0.));
#2943 = ADVANCED_FACE('',(#2944),#2955,.F.);
#2944 = FACE_BOUND('',#2945,.F.);
#2945 = EDGE_LOOP('',(#2946,#2952,#2953,#2954));
#2946 = ORIENTED_EDGE('',*,*,#2947,.F.);
#2947 = EDGE_CURVE('',#2778,#2923,#2948,.T.);
#2948 = LINE('',#2949,#2950);
#2949 = CARTESIAN_POINT('',(0.5,-0.37,3.E-02));
#2950 = VECTOR('',#2951,1.);
#2951 = DIRECTION('',(0.,0.,1.));
#2952 = ORIENTED_EDGE('',*,*,#2786,.F.);
#2953 = ORIENTED_EDGE('',*,*,#2703,.T.);
#2954 = ORIENTED_EDGE('',*,*,#2922,.T.);
#2955 = PLANE('',#2956);
#2956 = AXIS2_PLACEMENT_3D('',#2957,#2958,#2959);
#2957 = CARTESIAN_POINT('',(-0.5,-0.37,3.E-02));
#2958 = DIRECTION('',(0.,1.,0.));
#2959 = DIRECTION('',(0.,-0.,1.));
#2960 = ADVANCED_FACE('',(#2961,#3031),#3041,.F.);
#2961 = FACE_BOUND('',#2962,.F.);
#2962 = EDGE_LOOP('',(#2963,#2973,#2982,#2990,#2999,#3007,#3016,#3024));
#2963 = ORIENTED_EDGE('',*,*,#2964,.F.);
#2964 = EDGE_CURVE('',#2965,#2967,#2969,.T.);
#2965 = VERTEX_POINT('',#2966);
#2966 = CARTESIAN_POINT('',(0.5,-0.4,3.E-02));
#2967 = VERTEX_POINT('',#2968);
#2968 = CARTESIAN_POINT('',(0.5,-0.4,0.77));
#2969 = LINE('',#2970,#2971);
#2970 = CARTESIAN_POINT('',(0.5,-0.4,0.));
#2971 = VECTOR('',#2972,1.);
#2972 = DIRECTION('',(0.,0.,1.));
#2973 = ORIENTED_EDGE('',*,*,#2974,.T.);
#2974 = EDGE_CURVE('',#2965,#2975,#2977,.T.);
#2975 = VERTEX_POINT('',#2976);
#2976 = CARTESIAN_POINT('',(0.5,-0.37,0.));
#2977 = CIRCLE('',#2978,3.E-02);
#2978 = AXIS2_PLACEMENT_3D('',#2979,#2980,#2981);
#2979 = CARTESIAN_POINT('',(0.5,-0.37,3.E-02));
#2980 = DIRECTION('',(1.,0.,-0.));
#2981 = DIRECTION('',(0.,0.,1.));
#2982 = ORIENTED_EDGE('',*,*,#2983,.T.);
#2983 = EDGE_CURVE('',#2975,#2984,#2986,.T.);
#2984 = VERTEX_POINT('',#2985);
#2985 = CARTESIAN_POINT('',(0.5,0.37,0.));
#2986 = LINE('',#2987,#2988);
#2987 = CARTESIAN_POINT('',(0.5,-0.4,0.));
#2988 = VECTOR('',#2989,1.);
#2989 = DIRECTION('',(0.,1.,0.));
#2990 = ORIENTED_EDGE('',*,*,#2991,.F.);
#2991 = EDGE_CURVE('',#2992,#2984,#2994,.T.);
#2992 = VERTEX_POINT('',#2993);
#2993 = CARTESIAN_POINT('',(0.5,0.4,3.E-02));
#2994 = CIRCLE('',#2995,3.E-02);
#2995 = AXIS2_PLACEMENT_3D('',#2996,#2997,#2998);
#2996 = CARTESIAN_POINT('',(0.5,0.37,3.E-02));
#2997 = DIRECTION('',(-1.,0.,0.));
#2998 = DIRECTION('',(0.,0.,1.));
#2999 = ORIENTED_EDGE('',*,*,#3000,.T.);
#3000 = EDGE_CURVE('',#2992,#3001,#3003,.T.);
#3001 = VERTEX_POINT('',#3002);
#3002 = CARTESIAN_POINT('',(0.5,0.4,0.77));
#3003 = LINE('',#3004,#3005);
#3004 = CARTESIAN_POINT('',(0.5,0.4,0.));
#3005 = VECTOR('',#3006,1.);
#3006 = DIRECTION('',(0.,0.,1.));
#3007 = ORIENTED_EDGE('',*,*,#3008,.T.);
#3008 = EDGE_CURVE('',#3001,#3009,#3011,.T.);
#3009 = VERTEX_POINT('',#3010);
#3010 = CARTESIAN_POINT('',(0.5,0.37,0.8));
#3011 = CIRCLE('',#3012,3.E-02);
#3012 = AXIS2_PLACEMENT_3D('',#3013,#3014,#3015);
#3013 = CARTESIAN_POINT('',(0.5,0.37,0.77));
#3014 = DIRECTION('',(1.,0.,-0.));
#3015 = DIRECTION('',(0.,0.,1.));
#3016 = ORIENTED_EDGE('',*,*,#3017,.F.);
#3017 = EDGE_CURVE('',#3018,#3009,#3020,.T.);
#3018 = VERTEX_POINT('',#3019);
#3019 = CARTESIAN_POINT('',(0.5,-0.37,0.8));
#3020 = LINE('',#3021,#3022);
#3021 = CARTESIAN_POINT('',(0.5,-0.4,0.8));
#3022 = VECTOR('',#3023,1.);
#3023 = DIRECTION('',(0.,1.,0.));
#3024 = ORIENTED_EDGE('',*,*,#3025,.F.);
#3025 = EDGE_CURVE('',#2967,#3018,#3026,.T.);
#3026 = CIRCLE('',#3027,3.E-02);
#3027 = AXIS2_PLACEMENT_3D('',#3028,#3029,#3030);
#3028 = CARTESIAN_POINT('',(0.5,-0.37,0.77));
#3029 = DIRECTION('',(-1.,0.,0.));
#3030 = DIRECTION('',(0.,0.,1.));
#3031 = FACE_BOUND('',#3032,.F.);
#3032 = EDGE_LOOP('',(#3033,#3034,#3035,#3036,#3037,#3038,#3039,#3040));
#3033 = ORIENTED_EDGE('',*,*,#2777,.F.);
#3034 = ORIENTED_EDGE('',*,*,#2947,.T.);
#3035 = ORIENTED_EDGE('',*,*,#2930,.T.);
#3036 = ORIENTED_EDGE('',*,*,#2907,.T.);
#3037 = ORIENTED_EDGE('',*,*,#2882,.F.);
#3038 = ORIENTED_EDGE('',*,*,#2849,.F.);
#3039 = ORIENTED_EDGE('',*,*,#2832,.T.);
#3040 = ORIENTED_EDGE('',*,*,#2802,.F.);
#3041 = PLANE('',#3042);
#3042 = AXIS2_PLACEMENT_3D('',#3043,#3044,#3045);
#3043 = CARTESIAN_POINT('',(0.5,-0.4,0.));
#3044 = DIRECTION('',(1.,0.,0.));
#3045 = DIRECTION('',(0.,0.,1.));
#3046 = ADVANCED_FACE('',(#3047),#3072,.F.);
#3047 = FACE_BOUND('',#3048,.F.);
#3048 = EDGE_LOOP('',(#3049,#3059,#3065,#3066));
#3049 = ORIENTED_EDGE('',*,*,#3050,.F.);
#3050 = EDGE_CURVE('',#3051,#3053,#3055,.T.);
#3051 = VERTEX_POINT('',#3052);
#3052 = CARTESIAN_POINT('',(0.8,-0.4,3.E-02));
#3053 = VERTEX_POINT('',#3054);
#3054 = CARTESIAN_POINT('',(0.8,-0.4,0.77));
#3055 = LINE('',#3056,#3057);
#3056 = CARTESIAN_POINT('',(0.8,-0.4,0.));
#3057 = VECTOR('',#3058,1.);
#3058 = DIRECTION('',(0.,0.,1.));
#3059 = ORIENTED_EDGE('',*,*,#3060,.F.);
#3060 = EDGE_CURVE('',#2965,#3051,#3061,.T.);
#3061 = LINE('',#3062,#3063);
#3062 = CARTESIAN_POINT('',(0.5,-0.4,3.E-02));
#3063 = VECTOR('',#3064,1.);
#3064 = DIRECTION('',(1.,0.,0.));
#3065 = ORIENTED_EDGE('',*,*,#2964,.T.);
#3066 = ORIENTED_EDGE('',*,*,#3067,.T.);
#3067 = EDGE_CURVE('',#2967,#3053,#3068,.T.);
#3068 = LINE('',#3069,#3070);
#3069 = CARTESIAN_POINT('',(0.5,-0.4,0.77));
#3070 = VECTOR('',#3071,1.);
#3071 = DIRECTION('',(1.,0.,0.));
#3072 = PLANE('',#3073);
#3073 = AXIS2_PLACEMENT_3D('',#3074,#3075,#3076);
#3074 = CARTESIAN_POINT('',(0.5,-0.4,0.));
#3075 = DIRECTION('',(0.,1.,0.));
#3076 = DIRECTION('',(0.,-0.,1.));
#3077 = ADVANCED_FACE('',(#3078),#3097,.T.);
#3078 = FACE_BOUND('',#3079,.T.);
#3079 = EDGE_LOOP('',(#3080,#3081,#3089,#3096));
#3080 = ORIENTED_EDGE('',*,*,#2974,.T.);
#3081 = ORIENTED_EDGE('',*,*,#3082,.T.);
#3082 = EDGE_CURVE('',#2975,#3083,#3085,.T.);
#3083 = VERTEX_POINT('',#3084);
#3084 = CARTESIAN_POINT('',(0.8,-0.37,0.));
#3085 = LINE('',#3086,#3087);
#3086 = CARTESIAN_POINT('',(0.5,-0.37,0.));
#3087 = VECTOR('',#3088,1.);
#3088 = DIRECTION('',(1.,0.,0.));
#3089 = ORIENTED_EDGE('',*,*,#3090,.F.);
#3090 = EDGE_CURVE('',#3051,#3083,#3091,.T.);
#3091 = CIRCLE('',#3092,3.E-02);
#3092 = AXIS2_PLACEMENT_3D('',#3093,#3094,#3095);
#3093 = CARTESIAN_POINT('',(0.8,-0.37,3.E-02));
#3094 = DIRECTION('',(1.,0.,-0.));
#3095 = DIRECTION('',(0.,0.,1.));
#3096 = ORIENTED_EDGE('',*,*,#3060,.F.);
#3097 = CYLINDRICAL_SURFACE('',#3098,3.E-02);
#3098 = AXIS2_PLACEMENT_3D('',#3099,#3100,#3101);
#3099 = CARTESIAN_POINT('',(0.5,-0.37,3.E-02));
#3100 = DIRECTION('',(1.,0.,0.));
#3101 = DIRECTION('',(0.,-1.,0.));
#3102 = ADVANCED_FACE('',(#3103),#3122,.T.);
#3103 = FACE_BOUND('',#3104,.T.);
#3104 = EDGE_LOOP('',(#3105,#3106,#3115,#3121));
#3105 = ORIENTED_EDGE('',*,*,#3067,.T.);
#3106 = ORIENTED_EDGE('',*,*,#3107,.T.);
#3107 = EDGE_CURVE('',#3053,#3108,#3110,.T.);
#3108 = VERTEX_POINT('',#3109);
#3109 = CARTESIAN_POINT('',(0.8,-0.37,0.8));
#3110 = CIRCLE('',#3111,3.E-02);
#3111 = AXIS2_PLACEMENT_3D('',#3112,#3113,#3114);
#3112 = CARTESIAN_POINT('',(0.8,-0.37,0.77));
#3113 = DIRECTION('',(-1.,0.,0.));
#3114 = DIRECTION('',(0.,0.,1.));
#3115 = ORIENTED_EDGE('',*,*,#3116,.F.);
#3116 = EDGE_CURVE('',#3018,#3108,#3117,.T.);
#3117 = LINE('',#3118,#3119);
#3118 = CARTESIAN_POINT('',(0.5,-0.37,0.8));
#3119 = VECTOR('',#3120,1.);
#3120 = DIRECTION('',(1.,0.,0.));
#3121 = ORIENTED_EDGE('',*,*,#3025,.F.);
#3122 = CYLINDRICAL_SURFACE('',#3123,3.E-02);
#3123 = AXIS2_PLACEMENT_3D('',#3124,#3125,#3126);
#3124 = CARTESIAN_POINT('',(0.5,-0.37,0.77));
#3125 = DIRECTION('',(1.,0.,0.));
#3126 = DIRECTION('',(0.,-1.,0.));
#3127 = ADVANCED_FACE('',(#3128),#3146,.F.);
#3128 = FACE_BOUND('',#3129,.F.);
#3129 = EDGE_LOOP('',(#3130,#3131,#3132,#3140));
#3130 = ORIENTED_EDGE('',*,*,#2983,.F.);
#3131 = ORIENTED_EDGE('',*,*,#3082,.T.);
#3132 = ORIENTED_EDGE('',*,*,#3133,.T.);
#3133 = EDGE_CURVE('',#3083,#3134,#3136,.T.);
#3134 = VERTEX_POINT('',#3135);
#3135 = CARTESIAN_POINT('',(0.8,0.37,0.));
#3136 = LINE('',#3137,#3138);
#3137 = CARTESIAN_POINT('',(0.8,-0.4,0.));
#3138 = VECTOR('',#3139,1.);
#3139 = DIRECTION('',(0.,1.,0.));
#3140 = ORIENTED_EDGE('',*,*,#3141,.F.);
#3141 = EDGE_CURVE('',#2984,#3134,#3142,.T.);
#3142 = LINE('',#3143,#3144);
#3143 = CARTESIAN_POINT('',(0.5,0.37,0.));
#3144 = VECTOR('',#3145,1.);
#3145 = DIRECTION('',(1.,0.,0.));
#3146 = PLANE('',#3147);
#3147 = AXIS2_PLACEMENT_3D('',#3148,#3149,#3150);
#3148 = CARTESIAN_POINT('',(0.5,-0.4,0.));
#3149 = DIRECTION('',(0.,0.,1.));
#3150 = DIRECTION('',(1.,0.,-0.));
#3151 = ADVANCED_FACE('',(#3152),#3170,.T.);
#3152 = FACE_BOUND('',#3153,.T.);
#3153 = EDGE_LOOP('',(#3154,#3155,#3156,#3164));
#3154 = ORIENTED_EDGE('',*,*,#3017,.F.);
#3155 = ORIENTED_EDGE('',*,*,#3116,.T.);
#3156 = ORIENTED_EDGE('',*,*,#3157,.T.);
#3157 = EDGE_CURVE('',#3108,#3158,#3160,.T.);
#3158 = VERTEX_POINT('',#3159);
#3159 = CARTESIAN_POINT('',(0.8,0.37,0.8));
#3160 = LINE('',#3161,#3162);
#3161 = CARTESIAN_POINT('',(0.8,-0.4,0.8));
#3162 = VECTOR('',#3163,1.);
#3163 = DIRECTION('',(0.,1.,0.));
#3164 = ORIENTED_EDGE('',*,*,#3165,.F.);
#3165 = EDGE_CURVE('',#3009,#3158,#3166,.T.);
#3166 = LINE('',#3167,#3168);
#3167 = CARTESIAN_POINT('',(0.5,0.37,0.8));
#3168 = VECTOR('',#3169,1.);
#3169 = DIRECTION('',(1.,0.,0.));
#3170 = PLANE('',#3171);
#3171 = AXIS2_PLACEMENT_3D('',#3172,#3173,#3174);
#3172 = CARTESIAN_POINT('',(0.5,-0.4,0.8));
#3173 = DIRECTION('',(0.,0.,1.));
#3174 = DIRECTION('',(1.,0.,-0.));
#3175 = ADVANCED_FACE('',(#3176),#3195,.T.);
#3176 = FACE_BOUND('',#3177,.T.);
#3177 = EDGE_LOOP('',(#3178,#3186,#3193,#3194));
#3178 = ORIENTED_EDGE('',*,*,#3179,.T.);
#3179 = EDGE_CURVE('',#2992,#3180,#3182,.T.);
#3180 = VERTEX_POINT('',#3181);
#3181 = CARTESIAN_POINT('',(0.8,0.4,3.E-02));
#3182 = LINE('',#3183,#3184);
#3183 = CARTESIAN_POINT('',(0.5,0.4,3.E-02));
#3184 = VECTOR('',#3185,1.);
#3185 = DIRECTION('',(1.,0.,0.));
#3186 = ORIENTED_EDGE('',*,*,#3187,.T.);
#3187 = EDGE_CURVE('',#3180,#3134,#3188,.T.);
#3188 = CIRCLE('',#3189,3.E-02);
#3189 = AXIS2_PLACEMENT_3D('',#3190,#3191,#3192);
#3190 = CARTESIAN_POINT('',(0.8,0.37,3.E-02));
#3191 = DIRECTION('',(-1.,0.,0.));
#3192 = DIRECTION('',(0.,0.,1.));
#3193 = ORIENTED_EDGE('',*,*,#3141,.F.);
#3194 = ORIENTED_EDGE('',*,*,#2991,.F.);
#3195 = CYLINDRICAL_SURFACE('',#3196,3.E-02);
#3196 = AXIS2_PLACEMENT_3D('',#3197,#3198,#3199);
#3197 = CARTESIAN_POINT('',(0.5,0.37,3.E-02));
#3198 = DIRECTION('',(1.,0.,0.));
#3199 = DIRECTION('',(-0.,1.,0.));
#3200 = ADVANCED_FACE('',(#3201),#3220,.T.);
#3201 = FACE_BOUND('',#3202,.T.);
#3202 = EDGE_LOOP('',(#3203,#3204,#3205,#3214));
#3203 = ORIENTED_EDGE('',*,*,#3008,.T.);
#3204 = ORIENTED_EDGE('',*,*,#3165,.T.);
#3205 = ORIENTED_EDGE('',*,*,#3206,.F.);
#3206 = EDGE_CURVE('',#3207,#3158,#3209,.T.);
#3207 = VERTEX_POINT('',#3208);
#3208 = CARTESIAN_POINT('',(0.8,0.4,0.77));
#3209 = CIRCLE('',#3210,3.E-02);
#3210 = AXIS2_PLACEMENT_3D('',#3211,#3212,#3213);
#3211 = CARTESIAN_POINT('',(0.8,0.37,0.77));
#3212 = DIRECTION('',(1.,0.,-0.));
#3213 = DIRECTION('',(0.,0.,1.));
#3214 = ORIENTED_EDGE('',*,*,#3215,.F.);
#3215 = EDGE_CURVE('',#3001,#3207,#3216,.T.);
#3216 = LINE('',#3217,#3218);
#3217 = CARTESIAN_POINT('',(0.5,0.4,0.77));
#3218 = VECTOR('',#3219,1.);
#3219 = DIRECTION('',(1.,0.,0.));
#3220 = CYLINDRICAL_SURFACE('',#3221,3.E-02);
#3221 = AXIS2_PLACEMENT_3D('',#3222,#3223,#3224);
#3222 = CARTESIAN_POINT('',(0.5,0.37,0.77));
#3223 = DIRECTION('',(1.,0.,0.));
#3224 = DIRECTION('',(-0.,1.,0.));
#3225 = ADVANCED_FACE('',(#3226),#3237,.T.);
#3226 = FACE_BOUND('',#3227,.T.);
#3227 = EDGE_LOOP('',(#3228,#3234,#3235,#3236));
#3228 = ORIENTED_EDGE('',*,*,#3229,.F.);
#3229 = EDGE_CURVE('',#3180,#3207,#3230,.T.);
#3230 = LINE('',#3231,#3232);
#3231 = CARTESIAN_POINT('',(0.8,0.4,0.));
#3232 = VECTOR('',#3233,1.);
#3233 = DIRECTION('',(0.,0.,1.));
#3234 = ORIENTED_EDGE('',*,*,#3179,.F.);
#3235 = ORIENTED_EDGE('',*,*,#3000,.T.);
#3236 = ORIENTED_EDGE('',*,*,#3215,.T.);
#3237 = PLANE('',#3238);
#3238 = AXIS2_PLACEMENT_3D('',#3239,#3240,#3241);
#3239 = CARTESIAN_POINT('',(0.5,0.4,0.));
#3240 = DIRECTION('',(0.,1.,0.));
#3241 = DIRECTION('',(0.,-0.,1.));
#3242 = ADVANCED_FACE('',(#3243),#3253,.T.);
#3243 = FACE_BOUND('',#3244,.T.);
#3244 = EDGE_LOOP('',(#3245,#3246,#3247,#3248,#3249,#3250,#3251,#3252));
#3245 = ORIENTED_EDGE('',*,*,#3050,.F.);
#3246 = ORIENTED_EDGE('',*,*,#3090,.T.);
#3247 = ORIENTED_EDGE('',*,*,#3133,.T.);
#3248 = ORIENTED_EDGE('',*,*,#3187,.F.);
#3249 = ORIENTED_EDGE('',*,*,#3229,.T.);
#3250 = ORIENTED_EDGE('',*,*,#3206,.T.);
#3251 = ORIENTED_EDGE('',*,*,#3157,.F.);
#3252 = ORIENTED_EDGE('',*,*,#3107,.F.);
#3253 = PLANE('',#3254);
#3254 = AXIS2_PLACEMENT_3D('',#3255,#3256,#3257);
#3255 = CARTESIAN_POINT('',(0.8,-0.4,0.));
#3256 = DIRECTION('',(1.,0.,0.));
#3257 = DIRECTION('',(0.,0.,1.));
#3258 = ( GEOMETRIC_REPRESENTATION_CONTEXT(3) 
GLOBAL_UNCERTAINTY_ASSIGNED_CONTEXT((#3262)) 
GLOBAL_UNIT_ASSIGNED_CONTEXT((#3259,#3260,#3261)) REPRESENTATION_CONTEXT
('Context #1','3D Context with UNIT and UNCERTAINTY') );
#3259 = ( LENGTH_UNIT() NAMED_UNIT(*) SI_UNIT(.MILLI.,.METRE.) );
#3260 = ( NAMED_UNIT(*) PLANE_ANGLE_UNIT() SI_UNIT($,.RADIAN.) );
#3261 = ( NAMED_UNIT(*) SI_UNIT($,.STERADIAN.) SOLID_ANGLE_UNIT() );
#3262 = UNCERTAINTY_MEASURE_WITH_UNIT(LENGTH_MEASURE(1.E-07),#3259,
  'distance_accuracy_value','confusion accuracy');
#3263 = CONTEXT_DEPENDENT_SHAPE_REPRESENTATION(#3264,#3266);
#3264 = ( REPRESENTATION_RELATIONSHIP('','',#2403,#10) 
REPRESENTATION_RELATIONSHIP_WITH_TRANSFORMATION(#3265) 
SHAPE_REPRESENTATION_RELATIONSHIP() );
#3265 = ITEM_DEFINED_TRANSFORMATION('','',#11,#23);
#3266 = PRODUCT_DEFINITION_SHAPE('Placement','Placement of an item',
  #3267);
#3267 = NEXT_ASSEMBLY_USAGE_OCCURRENCE('3','C2','',#5,#2398,$);
#3268 = PRODUCT_RELATED_PRODUCT_CATEGORY('part',$,(#2400));
#3269 = CONTEXT_DEPENDENT_SHAPE_REPRESENTATION(#3270,#3272);
#3270 = ( REPRESENTATION_RELATIONSHIP('','',#2403,#10) 
REPRESENTATION_RELATIONSHIP_WITH_TRANSFORMATION(#3271) 
SHAPE_REPRESENTATION_RELATIONSHIP() );
#3271 = ITEM_DEFINED_TRANSFORMATION('','',#11,#27);
#3272 = PRODUCT_DEFINITION_SHAPE('Placement','Placement of an item',
  #3273);
#3273 = NEXT_ASSEMBLY_USAGE_OCCURRENCE('4','C1','',#5,#2398,$);
#3274 = SHAPE_DEFINITION_REPRESENTATION(#3275,#3281);
#3275 = PRODUCT_DEFINITION_SHAPE('','',#3276);
#3276 = PRODUCT_DEFINITION('design','',#3277,#3280);
#3277 = PRODUCT_DEFINITION_FORMATION('','',#3278);
#3278 = PRODUCT('DIP-16_W7.62mm','DIP-16_W7.62mm','',(#3279));
#3279 = PRODUCT_CONTEXT('',#2,'mechanical');
#3280 = PRODUCT_DEFINITION_CONTEXT('part definition',#2,'design');
#3281 = ADVANCED_BREP_SHAPE_REPRESENTATION('',(#11,#3282),#12286);
#3282 = MANIFOLD_SOLID_BREP('',#3283);
#3283 = CLOSED_SHELL('',(#3284,#3324,#3481,#3504,#3655,#3672,#3702,#3732
    ,#3763,#3794,#3825,#3856,#3887,#3918,#3949,#3980,#4011,#4042,#4073,
    #4104,#4135,#4166,#4197,#4220,#4244,#4274,#4305,#4336,#4367,#4398,
    #4429,#4460,#4491,#4522,#4553,#4584,#4615,#4646,#4677,#4708,#4739,
    #4756,#4786,#4844,#4902,#4932,#4990,#5007,#5032,#5082,#5113,#5171,
    #5229,#5260,#5318,#5335,#5360,#5410,#5441,#5499,#5557,#5588,#5646,
    #5663,#5688,#5738,#5769,#5827,#5885,#5916,#5974,#5991,#6016,#6066,
    #6097,#6120,#6144,#6202,#6260,#6290,#6348,#6365,#6423,#6440,#6471,
    #6529,#6587,#6618,#6676,#6693,#6751,#6768,#6799,#6857,#6915,#6946,
    #7004,#7021,#7079,#7096,#7127,#7185,#7243,#7274,#7332,#7349,#7407,
    #7424,#7455,#7472,#7557,#7576,#7625,#7649,#7696,#7708,#7727,#7744,
    #7793,#7817,#7859,#7876,#7893,#7912,#7977,#8001,#8064,#8076,#8141,
    #8165,#8228,#8245,#8259,#8276,#8293,#8312,#8377,#8401,#8464,#8476,
    #8541,#8565,#8628,#8645,#8659,#8676,#8693,#8712,#8777,#8801,#8864,
    #8876,#8941,#8965,#9028,#9045,#9059,#9076,#9093,#9442,#9521,#9540,
    #9589,#9613,#9660,#9672,#9726,#9750,#9792,#9811,#9823,#9840,#9857,
    #9876,#9893,#9958,#9982,#10040,#10062,#10127,#10151,#10209,#10223,
    #10240,#10257,#10276,#10293,#10358,#10382,#10440,#10462,#10527,
    #10551,#10609,#10623,#10640,#10657,#10676,#10693,#10758,#10782,
    #10840,#10862,#10927,#10951,#11009,#11023,#11040,#11057,#11074,
    #11103,#11120,#11137,#11149,#11166,#11183,#11195,#11212,#11229,
    #11246,#11263,#11275,#11292,#11309,#11326,#11343,#11355,#11372,
    #11389,#11406,#11423,#11435,#11452,#11469,#11486,#11503,#11515,
    #11532,#11549,#11566,#11583,#11595,#11612,#11629,#11646,#11663,
    #11675,#11703,#11714,#11731,#11748,#11760,#11777,#11794,#11806,
    #11823,#11840,#11857,#11874,#11886,#11903,#11920,#11937,#11954,
    #11966,#11983,#12000,#12017,#12034,#12046,#12063,#12080,#12097,
    #12114,#12126,#12143,#12160,#12177,#12194,#12206,#12223,#12240,
    #12257,#12274));
#3284 = ADVANCED_FACE('',(#3285),#3319,.T.);
#3285 = FACE_BOUND('',#3286,.F.);
#3286 = EDGE_LOOP('',(#3287,#3297,#3305,#3313));
#3287 = ORIENTED_EDGE('',*,*,#3288,.T.);
#3288 = EDGE_CURVE('',#3289,#3291,#3293,.T.);
#3289 = VERTEX_POINT('',#3290);
#3290 = CARTESIAN_POINT('',(6.661276356577,-18.15477635657,0.38));
#3291 = VERTEX_POINT('',#3292);
#3292 = CARTESIAN_POINT('',(6.661276356577,0.374776356577,0.38));
#3293 = LINE('',#3294,#3295);
#3294 = CARTESIAN_POINT('',(6.661276356577,-18.15477635657,0.38));
#3295 = VECTOR('',#3296,1.);
#3296 = DIRECTION('',(-4.440892098501E-16,1.,0.));
#3297 = ORIENTED_EDGE('',*,*,#3298,.T.);
#3298 = EDGE_CURVE('',#3291,#3299,#3301,.T.);
#3299 = VERTEX_POINT('',#3300);
#3300 = CARTESIAN_POINT('',(0.958723643423,0.374776356577,0.38));
#3301 = LINE('',#3302,#3303);
#3302 = CARTESIAN_POINT('',(6.661276356577,0.374776356577,0.38));
#3303 = VECTOR('',#3304,1.);
#3304 = DIRECTION('',(-1.,-4.440892098501E-16,0.));
#3305 = ORIENTED_EDGE('',*,*,#3306,.T.);
#3306 = EDGE_CURVE('',#3299,#3307,#3309,.T.);
#3307 = VERTEX_POINT('',#3308);
#3308 = CARTESIAN_POINT('',(0.958723643423,-18.15477635657,0.38));
#3309 = LINE('',#3310,#3311);
#3310 = CARTESIAN_POINT('',(0.958723643423,0.374776356577,0.38));
#3311 = VECTOR('',#3312,1.);
#3312 = DIRECTION('',(4.440892098501E-16,-1.,0.));
#3313 = ORIENTED_EDGE('',*,*,#3314,.T.);
#3314 = EDGE_CURVE('',#3307,#3289,#3315,.T.);
#3315 = LINE('',#3316,#3317);
#3316 = CARTESIAN_POINT('',(0.958723643423,-18.15477635657,0.38));
#3317 = VECTOR('',#3318,1.);
#3318 = DIRECTION('',(1.,4.440892098501E-16,0.));
#3319 = PLANE('',#3320);
#3320 = AXIS2_PLACEMENT_3D('',#3321,#3322,#3323);
#3321 = CARTESIAN_POINT('',(6.661276356577,-18.15477635657,0.38));
#3322 = DIRECTION('',(-0.,0.,-1.));
#3323 = DIRECTION('',(-0.294140124203,0.955762306923,0.));
#3324 = ADVANCED_FACE('',(#3325),#3476,.T.);
#3325 = FACE_BOUND('',#3326,.T.);
#3326 = EDGE_LOOP('',(#3327,#3328,#3335,#3343,#3351,#3359,#3367,#3375,
    #3383,#3391,#3399,#3407,#3415,#3423,#3431,#3439,#3447,#3455,#3463,
    #3471));
#3327 = ORIENTED_EDGE('',*,*,#3288,.T.);
#3328 = ORIENTED_EDGE('',*,*,#3329,.T.);
#3329 = EDGE_CURVE('',#3291,#3330,#3332,.T.);
#3330 = VERTEX_POINT('',#3331);
#3331 = CARTESIAN_POINT('',(6.985,0.6985,1.903));
#3332 = B_SPLINE_CURVE_WITH_KNOTS('',1,(#3333,#3334),.UNSPECIFIED.,.F.,
  .F.,(2,2),(0.,1.),.PIECEWISE_BEZIER_KNOTS.);
#3333 = CARTESIAN_POINT('',(6.661276356577,0.374776356577,0.38));
#3334 = CARTESIAN_POINT('',(6.985,0.6985,1.903));
#3335 = ORIENTED_EDGE('',*,*,#3336,.F.);
#3336 = EDGE_CURVE('',#3337,#3330,#3339,.T.);
#3337 = VERTEX_POINT('',#3338);
#3338 = CARTESIAN_POINT('',(6.985,0.2285,1.903));
#3339 = LINE('',#3340,#3341);
#3340 = CARTESIAN_POINT('',(6.985,-18.4785,1.903));
#3341 = VECTOR('',#3342,1.);
#3342 = DIRECTION('',(-4.440892098501E-16,1.,0.));
#3343 = ORIENTED_EDGE('',*,*,#3344,.F.);
#3344 = EDGE_CURVE('',#3345,#3337,#3347,.T.);
#3345 = VERTEX_POINT('',#3346);
#3346 = CARTESIAN_POINT('',(6.985,-0.762,1.903));
#3347 = LINE('',#3348,#3349);
#3348 = CARTESIAN_POINT('',(6.985,-18.4785,1.903));
#3349 = VECTOR('',#3350,1.);
#3350 = DIRECTION('',(-4.440892098501E-16,1.,0.));
#3351 = ORIENTED_EDGE('',*,*,#3352,.F.);
#3352 = EDGE_CURVE('',#3353,#3345,#3355,.T.);
#3353 = VERTEX_POINT('',#3354);
#3354 = CARTESIAN_POINT('',(6.985,-1.778,1.903));
#3355 = LINE('',#3356,#3357);
#3356 = CARTESIAN_POINT('',(6.985,-18.4785,1.903));
#3357 = VECTOR('',#3358,1.);
#3358 = DIRECTION('',(-4.440892098501E-16,1.,0.));
#3359 = ORIENTED_EDGE('',*,*,#3360,.F.);
#3360 = EDGE_CURVE('',#3361,#3353,#3363,.T.);
#3361 = VERTEX_POINT('',#3362);
#3362 = CARTESIAN_POINT('',(6.985,-3.302,1.903));
#3363 = LINE('',#3364,#3365);
#3364 = CARTESIAN_POINT('',(6.985,-18.4785,1.903));
#3365 = VECTOR('',#3366,1.);
#3366 = DIRECTION('',(-4.440892098501E-16,1.,0.));
#3367 = ORIENTED_EDGE('',*,*,#3368,.F.);
#3368 = EDGE_CURVE('',#3369,#3361,#3371,.T.);
#3369 = VERTEX_POINT('',#3370);
#3370 = CARTESIAN_POINT('',(6.985,-4.318,1.903));
#3371 = LINE('',#3372,#3373);
#3372 = CARTESIAN_POINT('',(6.985,-18.4785,1.903));
#3373 = VECTOR('',#3374,1.);
#3374 = DIRECTION('',(-4.440892098501E-16,1.,0.));
#3375 = ORIENTED_EDGE('',*,*,#3376,.F.);
#3376 = EDGE_CURVE('',#3377,#3369,#3379,.T.);
#3377 = VERTEX_POINT('',#3378);
#3378 = CARTESIAN_POINT('',(6.985,-5.842,1.903));
#3379 = LINE('',#3380,#3381);
#3380 = CARTESIAN_POINT('',(6.985,-18.4785,1.903));
#3381 = VECTOR('',#3382,1.);
#3382 = DIRECTION('',(-4.440892098501E-16,1.,0.));
#3383 = ORIENTED_EDGE('',*,*,#3384,.F.);
#3384 = EDGE_CURVE('',#3385,#3377,#3387,.T.);
#3385 = VERTEX_POINT('',#3386);
#3386 = CARTESIAN_POINT('',(6.985,-6.858,1.903));
#3387 = LINE('',#3388,#3389);
#3388 = CARTESIAN_POINT('',(6.985,-18.4785,1.903));
#3389 = VECTOR('',#3390,1.);
#3390 = DIRECTION('',(-4.440892098501E-16,1.,0.));
#3391 = ORIENTED_EDGE('',*,*,#3392,.F.);
#3392 = EDGE_CURVE('',#3393,#3385,#3395,.T.);
#3393 = VERTEX_POINT('',#3394);
#3394 = CARTESIAN_POINT('',(6.985,-8.382,1.903));
#3395 = LINE('',#3396,#3397);
#3396 = CARTESIAN_POINT('',(6.985,-18.4785,1.903));
#3397 = VECTOR('',#3398,1.);
#3398 = DIRECTION('',(-4.440892098501E-16,1.,0.));
#3399 = ORIENTED_EDGE('',*,*,#3400,.F.);
#3400 = EDGE_CURVE('',#3401,#3393,#3403,.T.);
#3401 = VERTEX_POINT('',#3402);
#3402 = CARTESIAN_POINT('',(6.985,-9.398,1.903));
#3403 = LINE('',#3404,#3405);
#3404 = CARTESIAN_POINT('',(6.985,-18.4785,1.903));
#3405 = VECTOR('',#3406,1.);
#3406 = DIRECTION('',(-4.440892098501E-16,1.,0.));
#3407 = ORIENTED_EDGE('',*,*,#3408,.F.);
#3408 = EDGE_CURVE('',#3409,#3401,#3411,.T.);
#3409 = VERTEX_POINT('',#3410);
#3410 = CARTESIAN_POINT('',(6.985,-10.922,1.903));
#3411 = LINE('',#3412,#3413);
#3412 = CARTESIAN_POINT('',(6.985,-18.4785,1.903));
#3413 = VECTOR('',#3414,1.);
#3414 = DIRECTION('',(-4.440892098501E-16,1.,0.));
#3415 = ORIENTED_EDGE('',*,*,#3416,.F.);
#3416 = EDGE_CURVE('',#3417,#3409,#3419,.T.);
#3417 = VERTEX_POINT('',#3418);
#3418 = CARTESIAN_POINT('',(6.985,-11.938,1.903));
#3419 = LINE('',#3420,#3421);
#3420 = CARTESIAN_POINT('',(6.985,-18.4785,1.903));
#3421 = VECTOR('',#3422,1.);
#3422 = DIRECTION('',(-4.440892098501E-16,1.,0.));
#3423 = ORIENTED_EDGE('',*,*,#3424,.F.);
#3424 = EDGE_CURVE('',#3425,#3417,#3427,.T.);
#3425 = VERTEX_POINT('',#3426);
#3426 = CARTESIAN_POINT('',(6.985,-13.462,1.903));
#3427 = LINE('',#3428,#3429);
#3428 = CARTESIAN_POINT('',(6.985,-18.4785,1.903));
#3429 = VECTOR('',#3430,1.);
#3430 = DIRECTION('',(-4.440892098501E-16,1.,0.));
#3431 = ORIENTED_EDGE('',*,*,#3432,.F.);
#3432 = EDGE_CURVE('',#3433,#3425,#3435,.T.);
#3433 = VERTEX_POINT('',#3434);
#3434 = CARTESIAN_POINT('',(6.985,-14.478,1.903));
#3435 = LINE('',#3436,#3437);
#3436 = CARTESIAN_POINT('',(6.985,-18.4785,1.903));
#3437 = VECTOR('',#3438,1.);
#3438 = DIRECTION('',(-4.440892098501E-16,1.,0.));
#3439 = ORIENTED_EDGE('',*,*,#3440,.F.);
#3440 = EDGE_CURVE('',#3441,#3433,#3443,.T.);
#3441 = VERTEX_POINT('',#3442);
#3442 = CARTESIAN_POINT('',(6.985,-16.002,1.903));
#3443 = LINE('',#3444,#3445);
#3444 = CARTESIAN_POINT('',(6.985,-18.4785,1.903));
#3445 = VECTOR('',#3446,1.);
#3446 = DIRECTION('',(-4.440892098501E-16,1.,0.));
#3447 = ORIENTED_EDGE('',*,*,#3448,.F.);
#3448 = EDGE_CURVE('',#3449,#3441,#3451,.T.);
#3449 = VERTEX_POINT('',#3450);
#3450 = CARTESIAN_POINT('',(6.985,-17.018,1.903));
#3451 = LINE('',#3452,#3453);
#3452 = CARTESIAN_POINT('',(6.985,-18.4785,1.903));
#3453 = VECTOR('',#3454,1.);
#3454 = DIRECTION('',(-4.440892098501E-16,1.,0.));
#3455 = ORIENTED_EDGE('',*,*,#3456,.F.);
#3456 = EDGE_CURVE('',#3457,#3449,#3459,.T.);
#3457 = VERTEX_POINT('',#3458);
#3458 = CARTESIAN_POINT('',(6.985,-18.0085,1.903));
#3459 = LINE('',#3460,#3461);
#3460 = CARTESIAN_POINT('',(6.985,-18.4785,1.903));
#3461 = VECTOR('',#3462,1.);
#3462 = DIRECTION('',(-4.440892098501E-16,1.,0.));
#3463 = ORIENTED_EDGE('',*,*,#3464,.F.);
#3464 = EDGE_CURVE('',#3465,#3457,#3467,.T.);
#3465 = VERTEX_POINT('',#3466);
#3466 = CARTESIAN_POINT('',(6.985,-18.4785,1.903));
#3467 = LINE('',#3468,#3469);
#3468 = CARTESIAN_POINT('',(6.985,-18.4785,1.903));
#3469 = VECTOR('',#3470,1.);
#3470 = DIRECTION('',(-4.440892098501E-16,1.,0.));
#3471 = ORIENTED_EDGE('',*,*,#3472,.F.);
#3472 = EDGE_CURVE('',#3289,#3465,#3473,.T.);
#3473 = B_SPLINE_CURVE_WITH_KNOTS('',1,(#3474,#3475),.UNSPECIFIED.,.F.,
  .F.,(2,2),(0.,1.),.PIECEWISE_BEZIER_KNOTS.);
#3474 = CARTESIAN_POINT('',(6.661276356577,-18.15477635657,0.38));
#3475 = CARTESIAN_POINT('',(6.985,-18.4785,1.903));
#3476 = B_SPLINE_SURFACE_WITH_KNOTS('',1,1,(
    (#3477,#3478)
    ,(#3479,#3480
    )),.UNSPECIFIED.,.F.,.F.,.F.,(2,2),(2,2),(0.,19.177),(0.,1.),
  .PIECEWISE_BEZIER_KNOTS.);
#3477 = CARTESIAN_POINT('',(6.661276356577,-18.15477635657,0.38));
#3478 = CARTESIAN_POINT('',(6.985,-18.4785,1.903));
#3479 = CARTESIAN_POINT('',(6.661276356577,0.374776356577,0.38));
#3480 = CARTESIAN_POINT('',(6.985,0.6985,1.903));
#3481 = ADVANCED_FACE('',(#3482),#3499,.T.);
#3482 = FACE_BOUND('',#3483,.T.);
#3483 = EDGE_LOOP('',(#3484,#3485,#3492,#3498));
#3484 = ORIENTED_EDGE('',*,*,#3298,.T.);
#3485 = ORIENTED_EDGE('',*,*,#3486,.T.);
#3486 = EDGE_CURVE('',#3299,#3487,#3489,.T.);
#3487 = VERTEX_POINT('',#3488);
#3488 = CARTESIAN_POINT('',(0.635,0.6985,1.903));
#3489 = B_SPLINE_CURVE_WITH_KNOTS('',1,(#3490,#3491),.UNSPECIFIED.,.F.,
  .F.,(2,2),(0.,1.),.PIECEWISE_BEZIER_KNOTS.);
#3490 = CARTESIAN_POINT('',(0.958723643423,0.374776356577,0.38));
#3491 = CARTESIAN_POINT('',(0.635,0.6985,1.903));
#3492 = ORIENTED_EDGE('',*,*,#3493,.F.);
#3493 = EDGE_CURVE('',#3330,#3487,#3494,.T.);
#3494 = LINE('',#3495,#3496);
#3495 = CARTESIAN_POINT('',(6.985,0.6985,1.903));
#3496 = VECTOR('',#3497,1.);
#3497 = DIRECTION('',(-1.,-4.440892098501E-16,0.));
#3498 = ORIENTED_EDGE('',*,*,#3329,.F.);
#3499 = B_SPLINE_SURFACE_WITH_KNOTS('',1,1,(
    (#3500,#3501)
    ,(#3502,#3503
    )),.UNSPECIFIED.,.F.,.F.,.F.,(2,2),(2,2),(0.,6.35),(0.,1.),
  .PIECEWISE_BEZIER_KNOTS.);
#3500 = CARTESIAN_POINT('',(6.661276356577,0.374776356577,0.38));
#3501 = CARTESIAN_POINT('',(6.985,0.6985,1.903));
#3502 = CARTESIAN_POINT('',(0.958723643423,0.374776356577,0.38));
#3503 = CARTESIAN_POINT('',(0.635,0.6985,1.903));
#3504 = ADVANCED_FACE('',(#3505),#3650,.T.);
#3505 = FACE_BOUND('',#3506,.T.);
#3506 = EDGE_LOOP('',(#3507,#3508,#3515,#3523,#3531,#3539,#3547,#3555,
    #3563,#3571,#3579,#3587,#3595,#3603,#3611,#3619,#3627,#3635,#3643,
    #3649));
#3507 = ORIENTED_EDGE('',*,*,#3306,.T.);
#3508 = ORIENTED_EDGE('',*,*,#3509,.T.);
#3509 = EDGE_CURVE('',#3307,#3510,#3512,.T.);
#3510 = VERTEX_POINT('',#3511);
#3511 = CARTESIAN_POINT('',(0.635,-18.4785,1.903));
#3512 = B_SPLINE_CURVE_WITH_KNOTS('',1,(#3513,#3514),.UNSPECIFIED.,.F.,
  .F.,(2,2),(0.,1.),.PIECEWISE_BEZIER_KNOTS.);
#3513 = CARTESIAN_POINT('',(0.958723643423,-18.15477635657,0.38));
#3514 = CARTESIAN_POINT('',(0.635,-18.4785,1.903));
#3515 = ORIENTED_EDGE('',*,*,#3516,.F.);
#3516 = EDGE_CURVE('',#3517,#3510,#3519,.T.);
#3517 = VERTEX_POINT('',#3518);
#3518 = CARTESIAN_POINT('',(0.635,-18.0085,1.903));
#3519 = LINE('',#3520,#3521);
#3520 = CARTESIAN_POINT('',(0.635,0.6985,1.903));
#3521 = VECTOR('',#3522,1.);
#3522 = DIRECTION('',(4.440892098501E-16,-1.,0.));
#3523 = ORIENTED_EDGE('',*,*,#3524,.F.);
#3524 = EDGE_CURVE('',#3525,#3517,#3527,.T.);
#3525 = VERTEX_POINT('',#3526);
#3526 = CARTESIAN_POINT('',(0.635,-17.018,1.903));
#3527 = LINE('',#3528,#3529);
#3528 = CARTESIAN_POINT('',(0.635,0.6985,1.903));
#3529 = VECTOR('',#3530,1.);
#3530 = DIRECTION('',(4.440892098501E-16,-1.,0.));
#3531 = ORIENTED_EDGE('',*,*,#3532,.F.);
#3532 = EDGE_CURVE('',#3533,#3525,#3535,.T.);
#3533 = VERTEX_POINT('',#3534);
#3534 = CARTESIAN_POINT('',(0.635,-16.002,1.903));
#3535 = LINE('',#3536,#3537);
#3536 = CARTESIAN_POINT('',(0.635,0.6985,1.903));
#3537 = VECTOR('',#3538,1.);
#3538 = DIRECTION('',(4.440892098501E-16,-1.,0.));
#3539 = ORIENTED_EDGE('',*,*,#3540,.F.);
#3540 = EDGE_CURVE('',#3541,#3533,#3543,.T.);
#3541 = VERTEX_POINT('',#3542);
#3542 = CARTESIAN_POINT('',(0.635,-14.478,1.903));
#3543 = LINE('',#3544,#3545);
#3544 = CARTESIAN_POINT('',(0.635,0.6985,1.903));
#3545 = VECTOR('',#3546,1.);
#3546 = DIRECTION('',(4.440892098501E-16,-1.,0.));
#3547 = ORIENTED_EDGE('',*,*,#3548,.F.);
#3548 = EDGE_CURVE('',#3549,#3541,#3551,.T.);
#3549 = VERTEX_POINT('',#3550);
#3550 = CARTESIAN_POINT('',(0.635,-13.462,1.903));
#3551 = LINE('',#3552,#3553);
#3552 = CARTESIAN_POINT('',(0.635,0.6985,1.903));
#3553 = VECTOR('',#3554,1.);
#3554 = DIRECTION('',(4.440892098501E-16,-1.,0.));
#3555 = ORIENTED_EDGE('',*,*,#3556,.F.);
#3556 = EDGE_CURVE('',#3557,#3549,#3559,.T.);
#3557 = VERTEX_POINT('',#3558);
#3558 = CARTESIAN_POINT('',(0.635,-11.938,1.903));
#3559 = LINE('',#3560,#3561);
#3560 = CARTESIAN_POINT('',(0.635,0.6985,1.903));
#3561 = VECTOR('',#3562,1.);
#3562 = DIRECTION('',(4.440892098501E-16,-1.,0.));
#3563 = ORIENTED_EDGE('',*,*,#3564,.F.);
#3564 = EDGE_CURVE('',#3565,#3557,#3567,.T.);
#3565 = VERTEX_POINT('',#3566);
#3566 = CARTESIAN_POINT('',(0.635,-10.922,1.903));
#3567 = LINE('',#3568,#3569);
#3568 = CARTESIAN_POINT('',(0.635,0.6985,1.903));
#3569 = VECTOR('',#3570,1.);
#3570 = DIRECTION('',(4.440892098501E-16,-1.,0.));
#3571 = ORIENTED_EDGE('',*,*,#3572,.F.);
#3572 = EDGE_CURVE('',#3573,#3565,#3575,.T.);
#3573 = VERTEX_POINT('',#3574);
#3574 = CARTESIAN_POINT('',(0.635,-9.398,1.903));
#3575 = LINE('',#3576,#3577);
#3576 = CARTESIAN_POINT('',(0.635,0.6985,1.903));
#3577 = VECTOR('',#3578,1.);
#3578 = DIRECTION('',(4.440892098501E-16,-1.,0.));
#3579 = ORIENTED_EDGE('',*,*,#3580,.F.);
#3580 = EDGE_CURVE('',#3581,#3573,#3583,.T.);
#3581 = VERTEX_POINT('',#3582);
#3582 = CARTESIAN_POINT('',(0.635,-8.382,1.903));
#3583 = LINE('',#3584,#3585);
#3584 = CARTESIAN_POINT('',(0.635,0.6985,1.903));
#3585 = VECTOR('',#3586,1.);
#3586 = DIRECTION('',(4.440892098501E-16,-1.,0.));
#3587 = ORIENTED_EDGE('',*,*,#3588,.F.);
#3588 = EDGE_CURVE('',#3589,#3581,#3591,.T.);
#3589 = VERTEX_POINT('',#3590);
#3590 = CARTESIAN_POINT('',(0.635,-6.858,1.903));
#3591 = LINE('',#3592,#3593);
#3592 = CARTESIAN_POINT('',(0.635,0.6985,1.903));
#3593 = VECTOR('',#3594,1.);
#3594 = DIRECTION('',(4.440892098501E-16,-1.,0.));
#3595 = ORIENTED_EDGE('',*,*,#3596,.F.);
#3596 = EDGE_CURVE('',#3597,#3589,#3599,.T.);
#3597 = VERTEX_POINT('',#3598);
#3598 = CARTESIAN_POINT('',(0.635,-5.842,1.903));
#3599 = LINE('',#3600,#3601);
#3600 = CARTESIAN_POINT('',(0.635,0.6985,1.903));
#3601 = VECTOR('',#3602,1.);
#3602 = DIRECTION('',(4.440892098501E-16,-1.,0.));
#3603 = ORIENTED_EDGE('',*,*,#3604,.F.);
#3604 = EDGE_CURVE('',#3605,#3597,#3607,.T.);
#3605 = VERTEX_POINT('',#3606);
#3606 = CARTESIAN_POINT('',(0.635,-4.318,1.903));
#3607 = LINE('',#3608,#3609);
#3608 = CARTESIAN_POINT('',(0.635,0.6985,1.903));
#3609 = VECTOR('',#3610,1.);
#3610 = DIRECTION('',(4.440892098501E-16,-1.,0.));
#3611 = ORIENTED_EDGE('',*,*,#3612,.F.);
#3612 = EDGE_CURVE('',#3613,#3605,#3615,.T.);
#3613 = VERTEX_POINT('',#3614);
#3614 = CARTESIAN_POINT('',(0.635,-3.302,1.903));
#3615 = LINE('',#3616,#3617);
#3616 = CARTESIAN_POINT('',(0.635,0.6985,1.903));
#3617 = VECTOR('',#3618,1.);
#3618 = DIRECTION('',(4.440892098501E-16,-1.,0.));
#3619 = ORIENTED_EDGE('',*,*,#3620,.F.);
#3620 = EDGE_CURVE('',#3621,#3613,#3623,.T.);
#3621 = VERTEX_POINT('',#3622);
#3622 = CARTESIAN_POINT('',(0.635,-1.778,1.903));
#3623 = LINE('',#3624,#3625);
#3624 = CARTESIAN_POINT('',(0.635,0.6985,1.903));
#3625 = VECTOR('',#3626,1.);
#3626 = DIRECTION('',(4.440892098501E-16,-1.,0.));
#3627 = ORIENTED_EDGE('',*,*,#3628,.F.);
#3628 = EDGE_CURVE('',#3629,#3621,#3631,.T.);
#3629 = VERTEX_POINT('',#3630);
#3630 = CARTESIAN_POINT('',(0.635,-0.762,1.903));
#3631 = LINE('',#3632,#3633);
#3632 = CARTESIAN_POINT('',(0.635,0.6985,1.903));
#3633 = VECTOR('',#3634,1.);
#3634 = DIRECTION('',(4.440892098501E-16,-1.,0.));
#3635 = ORIENTED_EDGE('',*,*,#3636,.F.);
#3636 = EDGE_CURVE('',#3637,#3629,#3639,.T.);
#3637 = VERTEX_POINT('',#3638);
#3638 = CARTESIAN_POINT('',(0.635,0.2285,1.903));
#3639 = LINE('',#3640,#3641);
#3640 = CARTESIAN_POINT('',(0.635,0.6985,1.903));
#3641 = VECTOR('',#3642,1.);
#3642 = DIRECTION('',(4.440892098501E-16,-1.,0.));
#3643 = ORIENTED_EDGE('',*,*,#3644,.F.);
#3644 = EDGE_CURVE('',#3487,#3637,#3645,.T.);
#3645 = LINE('',#3646,#3647);
#3646 = CARTESIAN_POINT('',(0.635,0.6985,1.903));
#3647 = VECTOR('',#3648,1.);
#3648 = DIRECTION('',(4.440892098501E-16,-1.,0.));
#3649 = ORIENTED_EDGE('',*,*,#3486,.F.);
#3650 = B_SPLINE_SURFACE_WITH_KNOTS('',1,1,(
    (#3651,#3652)
    ,(#3653,#3654
    )),.UNSPECIFIED.,.F.,.F.,.F.,(2,2),(2,2),(0.,19.177),(0.,1.),
  .PIECEWISE_BEZIER_KNOTS.);
#3651 = CARTESIAN_POINT('',(0.958723643423,0.374776356577,0.38));
#3652 = CARTESIAN_POINT('',(0.635,0.6985,1.903));
#3653 = CARTESIAN_POINT('',(0.958723643423,-18.15477635657,0.38));
#3654 = CARTESIAN_POINT('',(0.635,-18.4785,1.903));
#3655 = ADVANCED_FACE('',(#3656),#3667,.T.);
#3656 = FACE_BOUND('',#3657,.T.);
#3657 = EDGE_LOOP('',(#3658,#3659,#3660,#3666));
#3658 = ORIENTED_EDGE('',*,*,#3314,.T.);
#3659 = ORIENTED_EDGE('',*,*,#3472,.T.);
#3660 = ORIENTED_EDGE('',*,*,#3661,.F.);
#3661 = EDGE_CURVE('',#3510,#3465,#3662,.T.);
#3662 = LINE('',#3663,#3664);
#3663 = CARTESIAN_POINT('',(0.635,-18.4785,1.903));
#3664 = VECTOR('',#3665,1.);
#3665 = DIRECTION('',(1.,4.440892098501E-16,0.));
#3666 = ORIENTED_EDGE('',*,*,#3509,.F.);
#3667 = B_SPLINE_SURFACE_WITH_KNOTS('',1,1,(
    (#3668,#3669)
    ,(#3670,#3671
    )),.UNSPECIFIED.,.F.,.F.,.F.,(2,2),(2,2),(0.,6.35),(0.,1.),
  .PIECEWISE_BEZIER_KNOTS.);
#3668 = CARTESIAN_POINT('',(0.958723643423,-18.15477635657,0.38));
#3669 = CARTESIAN_POINT('',(0.635,-18.4785,1.903));
#3670 = CARTESIAN_POINT('',(6.661276356577,-18.15477635657,0.38));
#3671 = CARTESIAN_POINT('',(6.985,-18.4785,1.903));
#3672 = ADVANCED_FACE('',(#3673),#3697,.T.);
#3673 = FACE_BOUND('',#3674,.T.);
#3674 = EDGE_LOOP('',(#3675,#3682,#3683,#3691));
#3675 = ORIENTED_EDGE('',*,*,#3676,.F.);
#3676 = EDGE_CURVE('',#3465,#3677,#3679,.T.);
#3677 = VERTEX_POINT('',#3678);
#3678 = CARTESIAN_POINT('',(6.985,-18.4785,2.157));
#3679 = B_SPLINE_CURVE_WITH_KNOTS('',1,(#3680,#3681),.UNSPECIFIED.,.F.,
  .F.,(2,2),(0.,1.),.PIECEWISE_BEZIER_KNOTS.);
#3680 = CARTESIAN_POINT('',(6.985,-18.4785,1.903));
#3681 = CARTESIAN_POINT('',(6.985,-18.4785,2.157));
#3682 = ORIENTED_EDGE('',*,*,#3464,.T.);
#3683 = ORIENTED_EDGE('',*,*,#3684,.T.);
#3684 = EDGE_CURVE('',#3457,#3685,#3687,.T.);
#3685 = VERTEX_POINT('',#3686);
#3686 = CARTESIAN_POINT('',(6.985,-18.0085,2.157));
#3687 = LINE('',#3688,#3689);
#3688 = CARTESIAN_POINT('',(6.985,-18.0085,1.9665));
#3689 = VECTOR('',#3690,1.);
#3690 = DIRECTION('',(1.707860803683E-31,-3.845760639533E-16,1.));
#3691 = ORIENTED_EDGE('',*,*,#3692,.F.);
#3692 = EDGE_CURVE('',#3677,#3685,#3693,.T.);
#3693 = LINE('',#3694,#3695);
#3694 = CARTESIAN_POINT('',(6.985,-18.4785,2.157));
#3695 = VECTOR('',#3696,1.);
#3696 = DIRECTION('',(-4.440892098501E-16,1.,0.));
#3697 = PLANE('',#3698);
#3698 = AXIS2_PLACEMENT_3D('',#3699,#3700,#3701);
#3699 = CARTESIAN_POINT('',(6.985,-18.4785,2.157));
#3700 = DIRECTION('',(1.,4.440892098501E-16,0.));
#3701 = DIRECTION('',(-4.440892098501E-16,1.,0.));
#3702 = ADVANCED_FACE('',(#3703),#3727,.T.);
#3703 = FACE_BOUND('',#3704,.T.);
#3704 = EDGE_LOOP('',(#3705,#3713,#3714,#3721));
#3705 = ORIENTED_EDGE('',*,*,#3706,.T.);
#3706 = EDGE_CURVE('',#3707,#3337,#3709,.T.);
#3707 = VERTEX_POINT('',#3708);
#3708 = CARTESIAN_POINT('',(6.985,0.2285,2.157));
#3709 = LINE('',#3710,#3711);
#3710 = CARTESIAN_POINT('',(6.985,0.2285,2.157));
#3711 = VECTOR('',#3712,1.);
#3712 = DIRECTION('',(-8.282004254289E-30,1.864941563675E-14,-1.));
#3713 = ORIENTED_EDGE('',*,*,#3336,.T.);
#3714 = ORIENTED_EDGE('',*,*,#3715,.T.);
#3715 = EDGE_CURVE('',#3330,#3716,#3718,.T.);
#3716 = VERTEX_POINT('',#3717);
#3717 = CARTESIAN_POINT('',(6.985,0.6985,2.157));
#3718 = B_SPLINE_CURVE_WITH_KNOTS('',1,(#3719,#3720),.UNSPECIFIED.,.F.,
  .F.,(2,2),(0.,1.),.PIECEWISE_BEZIER_KNOTS.);
#3719 = CARTESIAN_POINT('',(6.985,0.6985,1.903));
#3720 = CARTESIAN_POINT('',(6.985,0.6985,2.157));
#3721 = ORIENTED_EDGE('',*,*,#3722,.F.);
#3722 = EDGE_CURVE('',#3707,#3716,#3723,.T.);
#3723 = LINE('',#3724,#3725);
#3724 = CARTESIAN_POINT('',(6.985,-18.4785,2.157));
#3725 = VECTOR('',#3726,1.);
#3726 = DIRECTION('',(-4.440892098501E-16,1.,0.));
#3727 = PLANE('',#3728);
#3728 = AXIS2_PLACEMENT_3D('',#3729,#3730,#3731);
#3729 = CARTESIAN_POINT('',(6.985,-18.4785,2.157));
#3730 = DIRECTION('',(1.,4.440892098501E-16,0.));
#3731 = DIRECTION('',(-4.440892098501E-16,1.,0.));
#3732 = ADVANCED_FACE('',(#3733),#3758,.F.);
#3733 = FACE_BOUND('',#3734,.F.);
#3734 = EDGE_LOOP('',(#3735,#3743,#3744,#3752));
#3735 = ORIENTED_EDGE('',*,*,#3736,.F.);
#3736 = EDGE_CURVE('',#3449,#3737,#3739,.T.);
#3737 = VERTEX_POINT('',#3738);
#3738 = CARTESIAN_POINT('',(7.366,-17.018,1.903));
#3739 = LINE('',#3740,#3741);
#3740 = CARTESIAN_POINT('',(3.81,-17.018,1.903));
#3741 = VECTOR('',#3742,1.);
#3742 = DIRECTION('',(1.,3.216245299353E-16,0.));
#3743 = ORIENTED_EDGE('',*,*,#3456,.F.);
#3744 = ORIENTED_EDGE('',*,*,#3745,.F.);
#3745 = EDGE_CURVE('',#3746,#3457,#3748,.T.);
#3746 = VERTEX_POINT('',#3747);
#3747 = CARTESIAN_POINT('',(7.366,-18.0085,1.903));
#3748 = LINE('',#3749,#3750);
#3749 = CARTESIAN_POINT('',(7.747,-18.0085,1.903));
#3750 = VECTOR('',#3751,1.);
#3751 = DIRECTION('',(-1.,-3.216245299353E-16,0.));
#3752 = ORIENTED_EDGE('',*,*,#3753,.T.);
#3753 = EDGE_CURVE('',#3746,#3737,#3754,.T.);
#3754 = LINE('',#3755,#3756);
#3755 = CARTESIAN_POINT('',(7.366,-18.0085,1.903));
#3756 = VECTOR('',#3757,1.);
#3757 = DIRECTION('',(-3.216245299353E-16,1.,0.));
#3758 = PLANE('',#3759);
#3759 = AXIS2_PLACEMENT_3D('',#3760,#3761,#3762);
#3760 = CARTESIAN_POINT('',(0.254,-17.018,1.903));
#3761 = DIRECTION('',(0.,0.,1.));
#3762 = DIRECTION('',(-4.440892098501E-16,1.,0.));
#3763 = ADVANCED_FACE('',(#3764),#3789,.F.);
#3764 = FACE_BOUND('',#3765,.F.);
#3765 = EDGE_LOOP('',(#3766,#3774,#3775,#3783));
#3766 = ORIENTED_EDGE('',*,*,#3767,.F.);
#3767 = EDGE_CURVE('',#3337,#3768,#3770,.T.);
#3768 = VERTEX_POINT('',#3769);
#3769 = CARTESIAN_POINT('',(7.366,0.2285,1.903));
#3770 = LINE('',#3771,#3772);
#3771 = CARTESIAN_POINT('',(3.81,0.2285,1.903));
#3772 = VECTOR('',#3773,1.);
#3773 = DIRECTION('',(1.,3.216245299353E-16,0.));
#3774 = ORIENTED_EDGE('',*,*,#3344,.F.);
#3775 = ORIENTED_EDGE('',*,*,#3776,.F.);
#3776 = EDGE_CURVE('',#3777,#3345,#3779,.T.);
#3777 = VERTEX_POINT('',#3778);
#3778 = CARTESIAN_POINT('',(7.366,-0.762,1.903));
#3779 = LINE('',#3780,#3781);
#3780 = CARTESIAN_POINT('',(7.747,-0.762,1.903));
#3781 = VECTOR('',#3782,1.);
#3782 = DIRECTION('',(-1.,-3.216245299353E-16,0.));
#3783 = ORIENTED_EDGE('',*,*,#3784,.F.);
#3784 = EDGE_CURVE('',#3768,#3777,#3785,.T.);
#3785 = LINE('',#3786,#3787);
#3786 = CARTESIAN_POINT('',(7.366,0.2285,1.903));
#3787 = VECTOR('',#3788,1.);
#3788 = DIRECTION('',(3.216245299353E-16,-1.,0.));
#3789 = PLANE('',#3790);
#3790 = AXIS2_PLACEMENT_3D('',#3791,#3792,#3793);
#3791 = CARTESIAN_POINT('',(0.254,0.2285,1.903));
#3792 = DIRECTION('',(0.,0.,1.));
#3793 = DIRECTION('',(-4.440892098501E-16,1.,0.));
#3794 = ADVANCED_FACE('',(#3795),#3820,.T.);
#3795 = FACE_BOUND('',#3796,.T.);
#3796 = EDGE_LOOP('',(#3797,#3805,#3806,#3814));
#3797 = ORIENTED_EDGE('',*,*,#3798,.T.);
#3798 = EDGE_CURVE('',#3799,#3449,#3801,.T.);
#3799 = VERTEX_POINT('',#3800);
#3800 = CARTESIAN_POINT('',(6.985,-17.018,2.157));
#3801 = LINE('',#3802,#3803);
#3802 = CARTESIAN_POINT('',(6.985,-17.018,2.157));
#3803 = VECTOR('',#3804,1.);
#3804 = DIRECTION('',(-4.636329099826E-29,1.044008500317E-13,-1.));
#3805 = ORIENTED_EDGE('',*,*,#3448,.T.);
#3806 = ORIENTED_EDGE('',*,*,#3807,.T.);
#3807 = EDGE_CURVE('',#3441,#3808,#3810,.T.);
#3808 = VERTEX_POINT('',#3809);
#3809 = CARTESIAN_POINT('',(6.985,-16.002,2.157));
#3810 = LINE('',#3811,#3812);
#3811 = CARTESIAN_POINT('',(6.985,-16.002,2.157));
#3812 = VECTOR('',#3813,1.);
#3813 = DIRECTION('',(0.,0.,1.));
#3814 = ORIENTED_EDGE('',*,*,#3815,.F.);
#3815 = EDGE_CURVE('',#3799,#3808,#3816,.T.);
#3816 = LINE('',#3817,#3818);
#3817 = CARTESIAN_POINT('',(6.985,-18.4785,2.157));
#3818 = VECTOR('',#3819,1.);
#3819 = DIRECTION('',(-4.440892098501E-16,1.,0.));
#3820 = PLANE('',#3821);
#3821 = AXIS2_PLACEMENT_3D('',#3822,#3823,#3824);
#3822 = CARTESIAN_POINT('',(6.985,-18.4785,2.157));
#3823 = DIRECTION('',(1.,4.440892098501E-16,0.));
#3824 = DIRECTION('',(-4.440892098501E-16,1.,0.));
#3825 = ADVANCED_FACE('',(#3826),#3851,.T.);
#3826 = FACE_BOUND('',#3827,.T.);
#3827 = EDGE_LOOP('',(#3828,#3836,#3837,#3845));
#3828 = ORIENTED_EDGE('',*,*,#3829,.F.);
#3829 = EDGE_CURVE('',#3353,#3830,#3832,.T.);
#3830 = VERTEX_POINT('',#3831);
#3831 = CARTESIAN_POINT('',(6.985,-1.778,2.157));
#3832 = LINE('',#3833,#3834);
#3833 = CARTESIAN_POINT('',(6.985,-1.778,2.157));
#3834 = VECTOR('',#3835,1.);
#3835 = DIRECTION('',(0.,0.,1.));
#3836 = ORIENTED_EDGE('',*,*,#3352,.T.);
#3837 = ORIENTED_EDGE('',*,*,#3838,.F.);
#3838 = EDGE_CURVE('',#3839,#3345,#3841,.T.);
#3839 = VERTEX_POINT('',#3840);
#3840 = CARTESIAN_POINT('',(6.985,-0.762,2.157));
#3841 = LINE('',#3842,#3843);
#3842 = CARTESIAN_POINT('',(6.985,-0.762,1.0785));
#3843 = VECTOR('',#3844,1.);
#3844 = DIRECTION('',(-4.441784376244E-31,1.000200923086E-15,-1.));
#3845 = ORIENTED_EDGE('',*,*,#3846,.F.);
#3846 = EDGE_CURVE('',#3830,#3839,#3847,.T.);
#3847 = LINE('',#3848,#3849);
#3848 = CARTESIAN_POINT('',(6.985,-18.4785,2.157));
#3849 = VECTOR('',#3850,1.);
#3850 = DIRECTION('',(-4.440892098501E-16,1.,0.));
#3851 = PLANE('',#3852);
#3852 = AXIS2_PLACEMENT_3D('',#3853,#3854,#3855);
#3853 = CARTESIAN_POINT('',(6.985,-18.4785,2.157));
#3854 = DIRECTION('',(1.,4.440892098501E-16,0.));
#3855 = DIRECTION('',(-4.440892098501E-16,1.,0.));
#3856 = ADVANCED_FACE('',(#3857),#3882,.F.);
#3857 = FACE_BOUND('',#3858,.F.);
#3858 = EDGE_LOOP('',(#3859,#3867,#3868,#3876));
#3859 = ORIENTED_EDGE('',*,*,#3860,.F.);
#3860 = EDGE_CURVE('',#3433,#3861,#3863,.T.);
#3861 = VERTEX_POINT('',#3862);
#3862 = CARTESIAN_POINT('',(7.366,-14.478,1.903));
#3863 = LINE('',#3864,#3865);
#3864 = CARTESIAN_POINT('',(3.683,-14.478,1.903));
#3865 = VECTOR('',#3866,1.);
#3866 = DIRECTION('',(1.,3.216245299353E-16,0.));
#3867 = ORIENTED_EDGE('',*,*,#3440,.F.);
#3868 = ORIENTED_EDGE('',*,*,#3869,.F.);
#3869 = EDGE_CURVE('',#3870,#3441,#3872,.T.);
#3870 = VERTEX_POINT('',#3871);
#3871 = CARTESIAN_POINT('',(7.366,-16.002,1.903));
#3872 = LINE('',#3873,#3874);
#3873 = CARTESIAN_POINT('',(7.62,-16.002,1.903));
#3874 = VECTOR('',#3875,1.);
#3875 = DIRECTION('',(-1.,-3.216245299353E-16,0.));
#3876 = ORIENTED_EDGE('',*,*,#3877,.T.);
#3877 = EDGE_CURVE('',#3870,#3861,#3878,.T.);
#3878 = LINE('',#3879,#3880);
#3879 = CARTESIAN_POINT('',(7.366,-16.002,1.903));
#3880 = VECTOR('',#3881,1.);
#3881 = DIRECTION('',(-3.216245299353E-16,1.,0.));
#3882 = PLANE('',#3883);
#3883 = AXIS2_PLACEMENT_3D('',#3884,#3885,#3886);
#3884 = CARTESIAN_POINT('',(0.254,-14.478,1.903));
#3885 = DIRECTION('',(0.,0.,1.));
#3886 = DIRECTION('',(-4.440892098501E-16,1.,0.));
#3887 = ADVANCED_FACE('',(#3888),#3913,.F.);
#3888 = FACE_BOUND('',#3889,.F.);
#3889 = EDGE_LOOP('',(#3890,#3898,#3899,#3907));
#3890 = ORIENTED_EDGE('',*,*,#3891,.F.);
#3891 = EDGE_CURVE('',#3353,#3892,#3894,.T.);
#3892 = VERTEX_POINT('',#3893);
#3893 = CARTESIAN_POINT('',(7.366,-1.778,1.903));
#3894 = LINE('',#3895,#3896);
#3895 = CARTESIAN_POINT('',(3.683,-1.778,1.903));
#3896 = VECTOR('',#3897,1.);
#3897 = DIRECTION('',(1.,3.216245299353E-16,0.));
#3898 = ORIENTED_EDGE('',*,*,#3360,.F.);
#3899 = ORIENTED_EDGE('',*,*,#3900,.F.);
#3900 = EDGE_CURVE('',#3901,#3361,#3903,.T.);
#3901 = VERTEX_POINT('',#3902);
#3902 = CARTESIAN_POINT('',(7.366,-3.302,1.903));
#3903 = LINE('',#3904,#3905);
#3904 = CARTESIAN_POINT('',(7.62,-3.302,1.903));
#3905 = VECTOR('',#3906,1.);
#3906 = DIRECTION('',(-1.,-3.216245299353E-16,0.));
#3907 = ORIENTED_EDGE('',*,*,#3908,.T.);
#3908 = EDGE_CURVE('',#3901,#3892,#3909,.T.);
#3909 = LINE('',#3910,#3911);
#3910 = CARTESIAN_POINT('',(7.366,-3.302,1.903));
#3911 = VECTOR('',#3912,1.);
#3912 = DIRECTION('',(-3.216245299353E-16,1.,0.));
#3913 = PLANE('',#3914);
#3914 = AXIS2_PLACEMENT_3D('',#3915,#3916,#3917);
#3915 = CARTESIAN_POINT('',(0.254,-1.778,1.903));
#3916 = DIRECTION('',(0.,0.,1.));
#3917 = DIRECTION('',(-4.440892098501E-16,1.,0.));
#3918 = ADVANCED_FACE('',(#3919),#3944,.T.);
#3919 = FACE_BOUND('',#3920,.T.);
#3920 = EDGE_LOOP('',(#3921,#3929,#3930,#3938));
#3921 = ORIENTED_EDGE('',*,*,#3922,.F.);
#3922 = EDGE_CURVE('',#3433,#3923,#3925,.T.);
#3923 = VERTEX_POINT('',#3924);
#3924 = CARTESIAN_POINT('',(6.985,-14.478,2.157));
#3925 = LINE('',#3926,#3927);
#3926 = CARTESIAN_POINT('',(6.985,-14.478,2.157));
#3927 = VECTOR('',#3928,1.);
#3928 = DIRECTION('',(0.,0.,1.));
#3929 = ORIENTED_EDGE('',*,*,#3432,.T.);
#3930 = ORIENTED_EDGE('',*,*,#3931,.T.);
#3931 = EDGE_CURVE('',#3425,#3932,#3934,.T.);
#3932 = VERTEX_POINT('',#3933);
#3933 = CARTESIAN_POINT('',(6.985,-13.462,2.157));
#3934 = LINE('',#3935,#3936);
#3935 = CARTESIAN_POINT('',(6.985,-13.462,2.157));
#3936 = VECTOR('',#3937,1.);
#3937 = DIRECTION('',(0.,0.,1.));
#3938 = ORIENTED_EDGE('',*,*,#3939,.F.);
#3939 = EDGE_CURVE('',#3923,#3932,#3940,.T.);
#3940 = LINE('',#3941,#3942);
#3941 = CARTESIAN_POINT('',(6.985,-18.4785,2.157));
#3942 = VECTOR('',#3943,1.);
#3943 = DIRECTION('',(-4.440892098501E-16,1.,0.));
#3944 = PLANE('',#3945);
#3945 = AXIS2_PLACEMENT_3D('',#3946,#3947,#3948);
#3946 = CARTESIAN_POINT('',(6.985,-18.4785,2.157));
#3947 = DIRECTION('',(1.,4.440892098501E-16,0.));
#3948 = DIRECTION('',(-4.440892098501E-16,1.,0.));
#3949 = ADVANCED_FACE('',(#3950),#3975,.T.);
#3950 = FACE_BOUND('',#3951,.T.);
#3951 = EDGE_LOOP('',(#3952,#3960,#3961,#3969));
#3952 = ORIENTED_EDGE('',*,*,#3953,.F.);
#3953 = EDGE_CURVE('',#3369,#3954,#3956,.T.);
#3954 = VERTEX_POINT('',#3955);
#3955 = CARTESIAN_POINT('',(6.985,-4.318,2.157));
#3956 = LINE('',#3957,#3958);
#3957 = CARTESIAN_POINT('',(6.985,-4.318,2.157));
#3958 = VECTOR('',#3959,1.);
#3959 = DIRECTION('',(0.,0.,1.));
#3960 = ORIENTED_EDGE('',*,*,#3368,.T.);
#3961 = ORIENTED_EDGE('',*,*,#3962,.T.);
#3962 = EDGE_CURVE('',#3361,#3963,#3965,.T.);
#3963 = VERTEX_POINT('',#3964);
#3964 = CARTESIAN_POINT('',(6.985,-3.302,2.157));
#3965 = LINE('',#3966,#3967);
#3966 = CARTESIAN_POINT('',(6.985,-3.302,2.157));
#3967 = VECTOR('',#3968,1.);
#3968 = DIRECTION('',(0.,0.,1.));
#3969 = ORIENTED_EDGE('',*,*,#3970,.F.);
#3970 = EDGE_CURVE('',#3954,#3963,#3971,.T.);
#3971 = LINE('',#3972,#3973);
#3972 = CARTESIAN_POINT('',(6.985,-18.4785,2.157));
#3973 = VECTOR('',#3974,1.);
#3974 = DIRECTION('',(-4.440892098501E-16,1.,0.));
#3975 = PLANE('',#3976);
#3976 = AXIS2_PLACEMENT_3D('',#3977,#3978,#3979);
#3977 = CARTESIAN_POINT('',(6.985,-18.4785,2.157));
#3978 = DIRECTION('',(1.,4.440892098501E-16,0.));
#3979 = DIRECTION('',(-4.440892098501E-16,1.,0.));
#3980 = ADVANCED_FACE('',(#3981),#4006,.F.);
#3981 = FACE_BOUND('',#3982,.F.);
#3982 = EDGE_LOOP('',(#3983,#3991,#3992,#4000));
#3983 = ORIENTED_EDGE('',*,*,#3984,.F.);
#3984 = EDGE_CURVE('',#3417,#3985,#3987,.T.);
#3985 = VERTEX_POINT('',#3986);
#3986 = CARTESIAN_POINT('',(7.366,-11.938,1.903));
#3987 = LINE('',#3988,#3989);
#3988 = CARTESIAN_POINT('',(3.683,-11.938,1.903));
#3989 = VECTOR('',#3990,1.);
#3990 = DIRECTION('',(1.,3.216245299353E-16,0.));
#3991 = ORIENTED_EDGE('',*,*,#3424,.F.);
#3992 = ORIENTED_EDGE('',*,*,#3993,.F.);
#3993 = EDGE_CURVE('',#3994,#3425,#3996,.T.);
#3994 = VERTEX_POINT('',#3995);
#3995 = CARTESIAN_POINT('',(7.366,-13.462,1.903));
#3996 = LINE('',#3997,#3998);
#3997 = CARTESIAN_POINT('',(7.62,-13.462,1.903));
#3998 = VECTOR('',#3999,1.);
#3999 = DIRECTION('',(-1.,-3.216245299353E-16,0.));
#4000 = ORIENTED_EDGE('',*,*,#4001,.T.);
#4001 = EDGE_CURVE('',#3994,#3985,#4002,.T.);
#4002 = LINE('',#4003,#4004);
#4003 = CARTESIAN_POINT('',(7.366,-13.462,1.903));
#4004 = VECTOR('',#4005,1.);
#4005 = DIRECTION('',(-3.216245299353E-16,1.,0.));
#4006 = PLANE('',#4007);
#4007 = AXIS2_PLACEMENT_3D('',#4008,#4009,#4010);
#4008 = CARTESIAN_POINT('',(0.254,-11.938,1.903));
#4009 = DIRECTION('',(0.,0.,1.));
#4010 = DIRECTION('',(-4.440892098501E-16,1.,0.));
#4011 = ADVANCED_FACE('',(#4012),#4037,.F.);
#4012 = FACE_BOUND('',#4013,.F.);
#4013 = EDGE_LOOP('',(#4014,#4022,#4023,#4031));
#4014 = ORIENTED_EDGE('',*,*,#4015,.F.);
#4015 = EDGE_CURVE('',#3369,#4016,#4018,.T.);
#4016 = VERTEX_POINT('',#4017);
#4017 = CARTESIAN_POINT('',(7.366,-4.318,1.903));
#4018 = LINE('',#4019,#4020);
#4019 = CARTESIAN_POINT('',(3.683,-4.318,1.903));
#4020 = VECTOR('',#4021,1.);
#4021 = DIRECTION('',(1.,3.216245299353E-16,0.));
#4022 = ORIENTED_EDGE('',*,*,#3376,.F.);
#4023 = ORIENTED_EDGE('',*,*,#4024,.F.);
#4024 = EDGE_CURVE('',#4025,#3377,#4027,.T.);
#4025 = VERTEX_POINT('',#4026);
#4026 = CARTESIAN_POINT('',(7.366,-5.842,1.903));
#4027 = LINE('',#4028,#4029);
#4028 = CARTESIAN_POINT('',(7.62,-5.842,1.903));
#4029 = VECTOR('',#4030,1.);
#4030 = DIRECTION('',(-1.,-3.216245299353E-16,0.));
#4031 = ORIENTED_EDGE('',*,*,#4032,.T.);
#4032 = EDGE_CURVE('',#4025,#4016,#4033,.T.);
#4033 = LINE('',#4034,#4035);
#4034 = CARTESIAN_POINT('',(7.366,-5.842,1.903));
#4035 = VECTOR('',#4036,1.);
#4036 = DIRECTION('',(-3.216245299353E-16,1.,0.));
#4037 = PLANE('',#4038);
#4038 = AXIS2_PLACEMENT_3D('',#4039,#4040,#4041);
#4039 = CARTESIAN_POINT('',(0.254,-4.318,1.903));
#4040 = DIRECTION('',(0.,0.,1.));
#4041 = DIRECTION('',(-4.440892098501E-16,1.,0.));
#4042 = ADVANCED_FACE('',(#4043),#4068,.T.);
#4043 = FACE_BOUND('',#4044,.T.);
#4044 = EDGE_LOOP('',(#4045,#4053,#4054,#4062));
#4045 = ORIENTED_EDGE('',*,*,#4046,.F.);
#4046 = EDGE_CURVE('',#3417,#4047,#4049,.T.);
#4047 = VERTEX_POINT('',#4048);
#4048 = CARTESIAN_POINT('',(6.985,-11.938,2.157));
#4049 = LINE('',#4050,#4051);
#4050 = CARTESIAN_POINT('',(6.985,-11.938,2.157));
#4051 = VECTOR('',#4052,1.);
#4052 = DIRECTION('',(0.,0.,1.));
#4053 = ORIENTED_EDGE('',*,*,#3416,.T.);
#4054 = ORIENTED_EDGE('',*,*,#4055,.T.);
#4055 = EDGE_CURVE('',#3409,#4056,#4058,.T.);
#4056 = VERTEX_POINT('',#4057);
#4057 = CARTESIAN_POINT('',(6.985,-10.922,2.157));
#4058 = LINE('',#4059,#4060);
#4059 = CARTESIAN_POINT('',(6.985,-10.922,2.157));
#4060 = VECTOR('',#4061,1.);
#4061 = DIRECTION('',(0.,0.,1.));
#4062 = ORIENTED_EDGE('',*,*,#4063,.F.);
#4063 = EDGE_CURVE('',#4047,#4056,#4064,.T.);
#4064 = LINE('',#4065,#4066);
#4065 = CARTESIAN_POINT('',(6.985,-18.4785,2.157));
#4066 = VECTOR('',#4067,1.);
#4067 = DIRECTION('',(-4.440892098501E-16,1.,0.));
#4068 = PLANE('',#4069);
#4069 = AXIS2_PLACEMENT_3D('',#4070,#4071,#4072);
#4070 = CARTESIAN_POINT('',(6.985,-18.4785,2.157));
#4071 = DIRECTION('',(1.,4.440892098501E-16,0.));
#4072 = DIRECTION('',(-4.440892098501E-16,1.,0.));
#4073 = ADVANCED_FACE('',(#4074),#4099,.T.);
#4074 = FACE_BOUND('',#4075,.T.);
#4075 = EDGE_LOOP('',(#4076,#4084,#4085,#4093));
#4076 = ORIENTED_EDGE('',*,*,#4077,.F.);
#4077 = EDGE_CURVE('',#3385,#4078,#4080,.T.);
#4078 = VERTEX_POINT('',#4079);
#4079 = CARTESIAN_POINT('',(6.985,-6.858,2.157));
#4080 = LINE('',#4081,#4082);
#4081 = CARTESIAN_POINT('',(6.985,-6.858,2.157));
#4082 = VECTOR('',#4083,1.);
#4083 = DIRECTION('',(0.,0.,1.));
#4084 = ORIENTED_EDGE('',*,*,#3384,.T.);
#4085 = ORIENTED_EDGE('',*,*,#4086,.T.);
#4086 = EDGE_CURVE('',#3377,#4087,#4089,.T.);
#4087 = VERTEX_POINT('',#4088);
#4088 = CARTESIAN_POINT('',(6.985,-5.842,2.157));
#4089 = LINE('',#4090,#4091);
#4090 = CARTESIAN_POINT('',(6.985,-5.842,2.157));
#4091 = VECTOR('',#4092,1.);
#4092 = DIRECTION('',(0.,0.,1.));
#4093 = ORIENTED_EDGE('',*,*,#4094,.F.);
#4094 = EDGE_CURVE('',#4078,#4087,#4095,.T.);
#4095 = LINE('',#4096,#4097);
#4096 = CARTESIAN_POINT('',(6.985,-18.4785,2.157));
#4097 = VECTOR('',#4098,1.);
#4098 = DIRECTION('',(-4.440892098501E-16,1.,0.));
#4099 = PLANE('',#4100);
#4100 = AXIS2_PLACEMENT_3D('',#4101,#4102,#4103);
#4101 = CARTESIAN_POINT('',(6.985,-18.4785,2.157));
#4102 = DIRECTION('',(1.,4.440892098501E-16,0.));
#4103 = DIRECTION('',(-4.440892098501E-16,1.,0.));
#4104 = ADVANCED_FACE('',(#4105),#4130,.F.);
#4105 = FACE_BOUND('',#4106,.F.);
#4106 = EDGE_LOOP('',(#4107,#4115,#4116,#4124));
#4107 = ORIENTED_EDGE('',*,*,#4108,.F.);
#4108 = EDGE_CURVE('',#3401,#4109,#4111,.T.);
#4109 = VERTEX_POINT('',#4110);
#4110 = CARTESIAN_POINT('',(7.366,-9.398,1.903));
#4111 = LINE('',#4112,#4113);
#4112 = CARTESIAN_POINT('',(3.683,-9.398,1.903));
#4113 = VECTOR('',#4114,1.);
#4114 = DIRECTION('',(1.,3.216245299353E-16,0.));
#4115 = ORIENTED_EDGE('',*,*,#3408,.F.);
#4116 = ORIENTED_EDGE('',*,*,#4117,.F.);
#4117 = EDGE_CURVE('',#4118,#3409,#4120,.T.);
#4118 = VERTEX_POINT('',#4119);
#4119 = CARTESIAN_POINT('',(7.366,-10.922,1.903));
#4120 = LINE('',#4121,#4122);
#4121 = CARTESIAN_POINT('',(7.62,-10.922,1.903));
#4122 = VECTOR('',#4123,1.);
#4123 = DIRECTION('',(-1.,-3.216245299353E-16,0.));
#4124 = ORIENTED_EDGE('',*,*,#4125,.T.);
#4125 = EDGE_CURVE('',#4118,#4109,#4126,.T.);
#4126 = LINE('',#4127,#4128);
#4127 = CARTESIAN_POINT('',(7.366,-10.922,1.903));
#4128 = VECTOR('',#4129,1.);
#4129 = DIRECTION('',(-3.216245299353E-16,1.,0.));
#4130 = PLANE('',#4131);
#4131 = AXIS2_PLACEMENT_3D('',#4132,#4133,#4134);
#4132 = CARTESIAN_POINT('',(0.254,-9.398,1.903));
#4133 = DIRECTION('',(0.,0.,1.));
#4134 = DIRECTION('',(-4.440892098501E-16,1.,0.));
#4135 = ADVANCED_FACE('',(#4136),#4161,.F.);
#4136 = FACE_BOUND('',#4137,.F.);
#4137 = EDGE_LOOP('',(#4138,#4146,#4147,#4155));
#4138 = ORIENTED_EDGE('',*,*,#4139,.F.);
#4139 = EDGE_CURVE('',#3385,#4140,#4142,.T.);
#4140 = VERTEX_POINT('',#4141);
#4141 = CARTESIAN_POINT('',(7.366,-6.858,1.903));
#4142 = LINE('',#4143,#4144);
#4143 = CARTESIAN_POINT('',(3.683,-6.858,1.903));
#4144 = VECTOR('',#4145,1.);
#4145 = DIRECTION('',(1.,3.216245299353E-16,0.));
#4146 = ORIENTED_EDGE('',*,*,#3392,.F.);
#4147 = ORIENTED_EDGE('',*,*,#4148,.F.);
#4148 = EDGE_CURVE('',#4149,#3393,#4151,.T.);
#4149 = VERTEX_POINT('',#4150);
#4150 = CARTESIAN_POINT('',(7.366,-8.382,1.903));
#4151 = LINE('',#4152,#4153);
#4152 = CARTESIAN_POINT('',(7.62,-8.382,1.903));
#4153 = VECTOR('',#4154,1.);
#4154 = DIRECTION('',(-1.,-3.216245299353E-16,0.));
#4155 = ORIENTED_EDGE('',*,*,#4156,.T.);
#4156 = EDGE_CURVE('',#4149,#4140,#4157,.T.);
#4157 = LINE('',#4158,#4159);
#4158 = CARTESIAN_POINT('',(7.366,-8.382,1.903));
#4159 = VECTOR('',#4160,1.);
#4160 = DIRECTION('',(-3.216245299353E-16,1.,0.));
#4161 = PLANE('',#4162);
#4162 = AXIS2_PLACEMENT_3D('',#4163,#4164,#4165);
#4163 = CARTESIAN_POINT('',(0.254,-6.858,1.903));
#4164 = DIRECTION('',(0.,0.,1.));
#4165 = DIRECTION('',(-4.440892098501E-16,1.,0.));
#4166 = ADVANCED_FACE('',(#4167),#4192,.T.);
#4167 = FACE_BOUND('',#4168,.T.);
#4168 = EDGE_LOOP('',(#4169,#4177,#4178,#4186));
#4169 = ORIENTED_EDGE('',*,*,#4170,.F.);
#4170 = EDGE_CURVE('',#3401,#4171,#4173,.T.);
#4171 = VERTEX_POINT('',#4172);
#4172 = CARTESIAN_POINT('',(6.985,-9.398,2.157));
#4173 = LINE('',#4174,#4175);
#4174 = CARTESIAN_POINT('',(6.985,-9.398,2.157));
#4175 = VECTOR('',#4176,1.);
#4176 = DIRECTION('',(0.,0.,1.));
#4177 = ORIENTED_EDGE('',*,*,#3400,.T.);
#4178 = ORIENTED_EDGE('',*,*,#4179,.T.);
#4179 = EDGE_CURVE('',#3393,#4180,#4182,.T.);
#4180 = VERTEX_POINT('',#4181);
#4181 = CARTESIAN_POINT('',(6.985,-8.382,2.157));
#4182 = LINE('',#4183,#4184);
#4183 = CARTESIAN_POINT('',(6.985,-8.382,2.157));
#4184 = VECTOR('',#4185,1.);
#4185 = DIRECTION('',(0.,0.,1.));
#4186 = ORIENTED_EDGE('',*,*,#4187,.F.);
#4187 = EDGE_CURVE('',#4171,#4180,#4188,.T.);
#4188 = LINE('',#4189,#4190);
#4189 = CARTESIAN_POINT('',(6.985,-18.4785,2.157));
#4190 = VECTOR('',#4191,1.);
#4191 = DIRECTION('',(-4.440892098501E-16,1.,0.));
#4192 = PLANE('',#4193);
#4193 = AXIS2_PLACEMENT_3D('',#4194,#4195,#4196);
#4194 = CARTESIAN_POINT('',(6.985,-18.4785,2.157));
#4195 = DIRECTION('',(1.,4.440892098501E-16,0.));
#4196 = DIRECTION('',(-4.440892098501E-16,1.,0.));
#4197 = ADVANCED_FACE('',(#4198),#4215,.T.);
#4198 = FACE_BOUND('',#4199,.T.);
#4199 = EDGE_LOOP('',(#4200,#4201,#4208,#4214));
#4200 = ORIENTED_EDGE('',*,*,#3493,.T.);
#4201 = ORIENTED_EDGE('',*,*,#4202,.T.);
#4202 = EDGE_CURVE('',#3487,#4203,#4205,.T.);
#4203 = VERTEX_POINT('',#4204);
#4204 = CARTESIAN_POINT('',(0.635,0.6985,2.157));
#4205 = B_SPLINE_CURVE_WITH_KNOTS('',1,(#4206,#4207),.UNSPECIFIED.,.F.,
  .F.,(2,2),(0.,1.),.PIECEWISE_BEZIER_KNOTS.);
#4206 = CARTESIAN_POINT('',(0.635,0.6985,1.903));
#4207 = CARTESIAN_POINT('',(0.635,0.6985,2.157));
#4208 = ORIENTED_EDGE('',*,*,#4209,.F.);
#4209 = EDGE_CURVE('',#3716,#4203,#4210,.T.);
#4210 = LINE('',#4211,#4212);
#4211 = CARTESIAN_POINT('',(6.985,0.6985,2.157));
#4212 = VECTOR('',#4213,1.);
#4213 = DIRECTION('',(-1.,-4.440892098501E-16,0.));
#4214 = ORIENTED_EDGE('',*,*,#3715,.F.);
#4215 = PLANE('',#4216);
#4216 = AXIS2_PLACEMENT_3D('',#4217,#4218,#4219);
#4217 = CARTESIAN_POINT('',(6.985,0.6985,2.157));
#4218 = DIRECTION('',(-4.440892098501E-16,1.,0.));
#4219 = DIRECTION('',(-1.,-4.440892098501E-16,0.));
#4220 = ADVANCED_FACE('',(#4221),#4239,.T.);
#4221 = FACE_BOUND('',#4222,.T.);
#4222 = EDGE_LOOP('',(#4223,#4224,#4225,#4233));
#4223 = ORIENTED_EDGE('',*,*,#4202,.F.);
#4224 = ORIENTED_EDGE('',*,*,#3644,.T.);
#4225 = ORIENTED_EDGE('',*,*,#4226,.T.);
#4226 = EDGE_CURVE('',#3637,#4227,#4229,.T.);
#4227 = VERTEX_POINT('',#4228);
#4228 = CARTESIAN_POINT('',(0.635,0.2285,2.157));
#4229 = LINE('',#4230,#4231);
#4230 = CARTESIAN_POINT('',(0.635,0.2285,2.157));
#4231 = VECTOR('',#4232,1.);
#4232 = DIRECTION('',(8.282004254289E-30,-1.864941563675E-14,1.));
#4233 = ORIENTED_EDGE('',*,*,#4234,.F.);
#4234 = EDGE_CURVE('',#4203,#4227,#4235,.T.);
#4235 = LINE('',#4236,#4237);
#4236 = CARTESIAN_POINT('',(0.635,0.6985,2.157));
#4237 = VECTOR('',#4238,1.);
#4238 = DIRECTION('',(4.440892098501E-16,-1.,0.));
#4239 = PLANE('',#4240);
#4240 = AXIS2_PLACEMENT_3D('',#4241,#4242,#4243);
#4241 = CARTESIAN_POINT('',(0.635,0.6985,2.157));
#4242 = DIRECTION('',(-1.,-4.440892098501E-16,0.));
#4243 = DIRECTION('',(4.440892098501E-16,-1.,0.));
#4244 = ADVANCED_FACE('',(#4245),#4269,.T.);
#4245 = FACE_BOUND('',#4246,.T.);
#4246 = EDGE_LOOP('',(#4247,#4255,#4256,#4263));
#4247 = ORIENTED_EDGE('',*,*,#4248,.T.);
#4248 = EDGE_CURVE('',#4249,#3517,#4251,.T.);
#4249 = VERTEX_POINT('',#4250);
#4250 = CARTESIAN_POINT('',(0.635,-18.0085,2.157));
#4251 = LINE('',#4252,#4253);
#4252 = CARTESIAN_POINT('',(0.635,-18.0085,1.9665));
#4253 = VECTOR('',#4254,1.);
#4254 = DIRECTION('',(-1.707860803683E-31,3.845760639533E-16,-1.));
#4255 = ORIENTED_EDGE('',*,*,#3516,.T.);
#4256 = ORIENTED_EDGE('',*,*,#4257,.T.);
#4257 = EDGE_CURVE('',#3510,#4258,#4260,.T.);
#4258 = VERTEX_POINT('',#4259);
#4259 = CARTESIAN_POINT('',(0.635,-18.4785,2.157));
#4260 = B_SPLINE_CURVE_WITH_KNOTS('',1,(#4261,#4262),.UNSPECIFIED.,.F.,
  .F.,(2,2),(0.,1.),.PIECEWISE_BEZIER_KNOTS.);
#4261 = CARTESIAN_POINT('',(0.635,-18.4785,1.903));
#4262 = CARTESIAN_POINT('',(0.635,-18.4785,2.157));
#4263 = ORIENTED_EDGE('',*,*,#4264,.F.);
#4264 = EDGE_CURVE('',#4249,#4258,#4265,.T.);
#4265 = LINE('',#4266,#4267);
#4266 = CARTESIAN_POINT('',(0.635,0.6985,2.157));
#4267 = VECTOR('',#4268,1.);
#4268 = DIRECTION('',(4.440892098501E-16,-1.,0.));
#4269 = PLANE('',#4270);
#4270 = AXIS2_PLACEMENT_3D('',#4271,#4272,#4273);
#4271 = CARTESIAN_POINT('',(0.635,0.6985,2.157));
#4272 = DIRECTION('',(-1.,-4.440892098501E-16,0.));
#4273 = DIRECTION('',(4.440892098501E-16,-1.,0.));
#4274 = ADVANCED_FACE('',(#4275),#4300,.F.);
#4275 = FACE_BOUND('',#4276,.F.);
#4276 = EDGE_LOOP('',(#4277,#4285,#4293,#4299));
#4277 = ORIENTED_EDGE('',*,*,#4278,.F.);
#4278 = EDGE_CURVE('',#4279,#3637,#4281,.T.);
#4279 = VERTEX_POINT('',#4280);
#4280 = CARTESIAN_POINT('',(0.254,0.2285,1.903));
#4281 = LINE('',#4282,#4283);
#4282 = CARTESIAN_POINT('',(-0.127,0.2285,1.903));
#4283 = VECTOR('',#4284,1.);
#4284 = DIRECTION('',(1.,4.440892098501E-16,0.));
#4285 = ORIENTED_EDGE('',*,*,#4286,.T.);
#4286 = EDGE_CURVE('',#4279,#4287,#4289,.T.);
#4287 = VERTEX_POINT('',#4288);
#4288 = CARTESIAN_POINT('',(0.254,-0.762,1.903));
#4289 = LINE('',#4290,#4291);
#4290 = CARTESIAN_POINT('',(0.254,0.2285,1.903));
#4291 = VECTOR('',#4292,1.);
#4292 = DIRECTION('',(4.440892098501E-16,-1.,0.));
#4293 = ORIENTED_EDGE('',*,*,#4294,.F.);
#4294 = EDGE_CURVE('',#3629,#4287,#4295,.T.);
#4295 = LINE('',#4296,#4297);
#4296 = CARTESIAN_POINT('',(3.81,-0.762,1.903));
#4297 = VECTOR('',#4298,1.);
#4298 = DIRECTION('',(-1.,-4.440892098501E-16,0.));
#4299 = ORIENTED_EDGE('',*,*,#3636,.F.);
#4300 = PLANE('',#4301);
#4301 = AXIS2_PLACEMENT_3D('',#4302,#4303,#4304);
#4302 = CARTESIAN_POINT('',(0.254,0.2285,1.903));
#4303 = DIRECTION('',(0.,0.,1.));
#4304 = DIRECTION('',(-4.440892098501E-16,1.,0.));
#4305 = ADVANCED_FACE('',(#4306),#4331,.F.);
#4306 = FACE_BOUND('',#4307,.F.);
#4307 = EDGE_LOOP('',(#4308,#4316,#4324,#4330));
#4308 = ORIENTED_EDGE('',*,*,#4309,.F.);
#4309 = EDGE_CURVE('',#4310,#3525,#4312,.T.);
#4310 = VERTEX_POINT('',#4311);
#4311 = CARTESIAN_POINT('',(0.254,-17.018,1.903));
#4312 = LINE('',#4313,#4314);
#4313 = CARTESIAN_POINT('',(-0.127,-17.018,1.903));
#4314 = VECTOR('',#4315,1.);
#4315 = DIRECTION('',(1.,4.440892098501E-16,0.));
#4316 = ORIENTED_EDGE('',*,*,#4317,.F.);
#4317 = EDGE_CURVE('',#4318,#4310,#4320,.T.);
#4318 = VERTEX_POINT('',#4319);
#4319 = CARTESIAN_POINT('',(0.254,-18.0085,1.903));
#4320 = LINE('',#4321,#4322);
#4321 = CARTESIAN_POINT('',(0.254,-18.0085,1.903));
#4322 = VECTOR('',#4323,1.);
#4323 = DIRECTION('',(-4.440892098501E-16,1.,0.));
#4324 = ORIENTED_EDGE('',*,*,#4325,.F.);
#4325 = EDGE_CURVE('',#3517,#4318,#4326,.T.);
#4326 = LINE('',#4327,#4328);
#4327 = CARTESIAN_POINT('',(3.81,-18.0085,1.903));
#4328 = VECTOR('',#4329,1.);
#4329 = DIRECTION('',(-1.,-4.440892098501E-16,0.));
#4330 = ORIENTED_EDGE('',*,*,#3524,.F.);
#4331 = PLANE('',#4332);
#4332 = AXIS2_PLACEMENT_3D('',#4333,#4334,#4335);
#4333 = CARTESIAN_POINT('',(0.254,-17.018,1.903));
#4334 = DIRECTION('',(0.,0.,1.));
#4335 = DIRECTION('',(-4.440892098501E-16,1.,0.));
#4336 = ADVANCED_FACE('',(#4337),#4362,.T.);
#4337 = FACE_BOUND('',#4338,.T.);
#4338 = EDGE_LOOP('',(#4339,#4347,#4348,#4356));
#4339 = ORIENTED_EDGE('',*,*,#4340,.F.);
#4340 = EDGE_CURVE('',#3629,#4341,#4343,.T.);
#4341 = VERTEX_POINT('',#4342);
#4342 = CARTESIAN_POINT('',(0.635,-0.762,2.157));
#4343 = LINE('',#4344,#4345);
#4344 = CARTESIAN_POINT('',(0.635,-0.762,1.0785));
#4345 = VECTOR('',#4346,1.);
#4346 = DIRECTION('',(4.441784376244E-31,-1.000200923086E-15,1.));
#4347 = ORIENTED_EDGE('',*,*,#3628,.T.);
#4348 = ORIENTED_EDGE('',*,*,#4349,.F.);
#4349 = EDGE_CURVE('',#4350,#3621,#4352,.T.);
#4350 = VERTEX_POINT('',#4351);
#4351 = CARTESIAN_POINT('',(0.635,-1.778,2.157));
#4352 = LINE('',#4353,#4354);
#4353 = CARTESIAN_POINT('',(0.635,-1.778,2.157));
#4354 = VECTOR('',#4355,1.);
#4355 = DIRECTION('',(0.,0.,-1.));
#4356 = ORIENTED_EDGE('',*,*,#4357,.F.);
#4357 = EDGE_CURVE('',#4341,#4350,#4358,.T.);
#4358 = LINE('',#4359,#4360);
#4359 = CARTESIAN_POINT('',(0.635,0.6985,2.157));
#4360 = VECTOR('',#4361,1.);
#4361 = DIRECTION('',(4.440892098501E-16,-1.,0.));
#4362 = PLANE('',#4363);
#4363 = AXIS2_PLACEMENT_3D('',#4364,#4365,#4366);
#4364 = CARTESIAN_POINT('',(0.635,0.6985,2.157));
#4365 = DIRECTION('',(-1.,-4.440892098501E-16,0.));
#4366 = DIRECTION('',(4.440892098501E-16,-1.,0.));
#4367 = ADVANCED_FACE('',(#4368),#4393,.T.);
#4368 = FACE_BOUND('',#4369,.T.);
#4369 = EDGE_LOOP('',(#4370,#4378,#4379,#4387));
#4370 = ORIENTED_EDGE('',*,*,#4371,.T.);
#4371 = EDGE_CURVE('',#4372,#3533,#4374,.T.);
#4372 = VERTEX_POINT('',#4373);
#4373 = CARTESIAN_POINT('',(0.635,-16.002,2.157));
#4374 = LINE('',#4375,#4376);
#4375 = CARTESIAN_POINT('',(0.635,-16.002,2.157));
#4376 = VECTOR('',#4377,1.);
#4377 = DIRECTION('',(0.,0.,-1.));
#4378 = ORIENTED_EDGE('',*,*,#3532,.T.);
#4379 = ORIENTED_EDGE('',*,*,#4380,.T.);
#4380 = EDGE_CURVE('',#3525,#4381,#4383,.T.);
#4381 = VERTEX_POINT('',#4382);
#4382 = CARTESIAN_POINT('',(0.635,-17.018,2.157));
#4383 = LINE('',#4384,#4385);
#4384 = CARTESIAN_POINT('',(0.635,-17.018,2.156999999999));
#4385 = VECTOR('',#4386,1.);
#4386 = DIRECTION('',(4.636329099826E-29,-1.044008500317E-13,1.));
#4387 = ORIENTED_EDGE('',*,*,#4388,.F.);
#4388 = EDGE_CURVE('',#4372,#4381,#4389,.T.);
#4389 = LINE('',#4390,#4391);
#4390 = CARTESIAN_POINT('',(0.635,0.6985,2.157));
#4391 = VECTOR('',#4392,1.);
#4392 = DIRECTION('',(4.440892098501E-16,-1.,0.));
#4393 = PLANE('',#4394);
#4394 = AXIS2_PLACEMENT_3D('',#4395,#4396,#4397);
#4395 = CARTESIAN_POINT('',(0.635,0.6985,2.157));
#4396 = DIRECTION('',(-1.,-4.440892098501E-16,0.));
#4397 = DIRECTION('',(4.440892098501E-16,-1.,0.));
#4398 = ADVANCED_FACE('',(#4399),#4424,.F.);
#4399 = FACE_BOUND('',#4400,.F.);
#4400 = EDGE_LOOP('',(#4401,#4409,#4417,#4423));
#4401 = ORIENTED_EDGE('',*,*,#4402,.F.);
#4402 = EDGE_CURVE('',#4403,#3621,#4405,.T.);
#4403 = VERTEX_POINT('',#4404);
#4404 = CARTESIAN_POINT('',(0.254,-1.778,1.903));
#4405 = LINE('',#4406,#4407);
#4406 = CARTESIAN_POINT('',(-3.996802888651E-15,-1.778,1.903));
#4407 = VECTOR('',#4408,1.);
#4408 = DIRECTION('',(1.,4.440892098501E-16,0.));
#4409 = ORIENTED_EDGE('',*,*,#4410,.T.);
#4410 = EDGE_CURVE('',#4403,#4411,#4413,.T.);
#4411 = VERTEX_POINT('',#4412);
#4412 = CARTESIAN_POINT('',(0.254,-3.302,1.903));
#4413 = LINE('',#4414,#4415);
#4414 = CARTESIAN_POINT('',(0.254,-1.778,1.903));
#4415 = VECTOR('',#4416,1.);
#4416 = DIRECTION('',(4.440892098501E-16,-1.,0.));
#4417 = ORIENTED_EDGE('',*,*,#4418,.F.);
#4418 = EDGE_CURVE('',#3613,#4411,#4419,.T.);
#4419 = LINE('',#4420,#4421);
#4420 = CARTESIAN_POINT('',(3.937,-3.302,1.903));
#4421 = VECTOR('',#4422,1.);
#4422 = DIRECTION('',(-1.,-4.440892098501E-16,0.));
#4423 = ORIENTED_EDGE('',*,*,#3620,.F.);
#4424 = PLANE('',#4425);
#4425 = AXIS2_PLACEMENT_3D('',#4426,#4427,#4428);
#4426 = CARTESIAN_POINT('',(0.254,-1.778,1.903));
#4427 = DIRECTION('',(0.,0.,1.));
#4428 = DIRECTION('',(-4.440892098501E-16,1.,0.));
#4429 = ADVANCED_FACE('',(#4430),#4455,.F.);
#4430 = FACE_BOUND('',#4431,.F.);
#4431 = EDGE_LOOP('',(#4432,#4440,#4448,#4454));
#4432 = ORIENTED_EDGE('',*,*,#4433,.F.);
#4433 = EDGE_CURVE('',#4434,#3541,#4436,.T.);
#4434 = VERTEX_POINT('',#4435);
#4435 = CARTESIAN_POINT('',(0.254,-14.478,1.903));
#4436 = LINE('',#4437,#4438);
#4437 = CARTESIAN_POINT('',(1.7763568394E-15,-14.478,1.903));
#4438 = VECTOR('',#4439,1.);
#4439 = DIRECTION('',(1.,4.440892098501E-16,0.));
#4440 = ORIENTED_EDGE('',*,*,#4441,.T.);
#4441 = EDGE_CURVE('',#4434,#4442,#4444,.T.);
#4442 = VERTEX_POINT('',#4443);
#4443 = CARTESIAN_POINT('',(0.254,-16.002,1.903));
#4444 = LINE('',#4445,#4446);
#4445 = CARTESIAN_POINT('',(0.254,-14.478,1.903));
#4446 = VECTOR('',#4447,1.);
#4447 = DIRECTION('',(4.440892098501E-16,-1.,0.));
#4448 = ORIENTED_EDGE('',*,*,#4449,.F.);
#4449 = EDGE_CURVE('',#3533,#4442,#4450,.T.);
#4450 = LINE('',#4451,#4452);
#4451 = CARTESIAN_POINT('',(3.937,-16.002,1.903));
#4452 = VECTOR('',#4453,1.);
#4453 = DIRECTION('',(-1.,-4.440892098501E-16,0.));
#4454 = ORIENTED_EDGE('',*,*,#3540,.F.);
#4455 = PLANE('',#4456);
#4456 = AXIS2_PLACEMENT_3D('',#4457,#4458,#4459);
#4457 = CARTESIAN_POINT('',(0.254,-14.478,1.903));
#4458 = DIRECTION('',(0.,0.,1.));
#4459 = DIRECTION('',(-4.440892098501E-16,1.,0.));
#4460 = ADVANCED_FACE('',(#4461),#4486,.T.);
#4461 = FACE_BOUND('',#4462,.T.);
#4462 = EDGE_LOOP('',(#4463,#4471,#4472,#4480));
#4463 = ORIENTED_EDGE('',*,*,#4464,.T.);
#4464 = EDGE_CURVE('',#4465,#3613,#4467,.T.);
#4465 = VERTEX_POINT('',#4466);
#4466 = CARTESIAN_POINT('',(0.635,-3.302,2.157));
#4467 = LINE('',#4468,#4469);
#4468 = CARTESIAN_POINT('',(0.635,-3.302,2.157));
#4469 = VECTOR('',#4470,1.);
#4470 = DIRECTION('',(0.,0.,-1.));
#4471 = ORIENTED_EDGE('',*,*,#3612,.T.);
#4472 = ORIENTED_EDGE('',*,*,#4473,.F.);
#4473 = EDGE_CURVE('',#4474,#3605,#4476,.T.);
#4474 = VERTEX_POINT('',#4475);
#4475 = CARTESIAN_POINT('',(0.635,-4.318,2.157));
#4476 = LINE('',#4477,#4478);
#4477 = CARTESIAN_POINT('',(0.635,-4.318,2.157));
#4478 = VECTOR('',#4479,1.);
#4479 = DIRECTION('',(0.,0.,-1.));
#4480 = ORIENTED_EDGE('',*,*,#4481,.F.);
#4481 = EDGE_CURVE('',#4465,#4474,#4482,.T.);
#4482 = LINE('',#4483,#4484);
#4483 = CARTESIAN_POINT('',(0.635,0.6985,2.157));
#4484 = VECTOR('',#4485,1.);
#4485 = DIRECTION('',(4.440892098501E-16,-1.,0.));
#4486 = PLANE('',#4487);
#4487 = AXIS2_PLACEMENT_3D('',#4488,#4489,#4490);
#4488 = CARTESIAN_POINT('',(0.635,0.6985,2.157));
#4489 = DIRECTION('',(-1.,-4.440892098501E-16,0.));
#4490 = DIRECTION('',(4.440892098501E-16,-1.,0.));
#4491 = ADVANCED_FACE('',(#4492),#4517,.T.);
#4492 = FACE_BOUND('',#4493,.T.);
#4493 = EDGE_LOOP('',(#4494,#4502,#4503,#4511));
#4494 = ORIENTED_EDGE('',*,*,#4495,.T.);
#4495 = EDGE_CURVE('',#4496,#3549,#4498,.T.);
#4496 = VERTEX_POINT('',#4497);
#4497 = CARTESIAN_POINT('',(0.635,-13.462,2.157));
#4498 = LINE('',#4499,#4500);
#4499 = CARTESIAN_POINT('',(0.635,-13.462,2.157));
#4500 = VECTOR('',#4501,1.);
#4501 = DIRECTION('',(0.,0.,-1.));
#4502 = ORIENTED_EDGE('',*,*,#3548,.T.);
#4503 = ORIENTED_EDGE('',*,*,#4504,.F.);
#4504 = EDGE_CURVE('',#4505,#3541,#4507,.T.);
#4505 = VERTEX_POINT('',#4506);
#4506 = CARTESIAN_POINT('',(0.635,-14.478,2.157));
#4507 = LINE('',#4508,#4509);
#4508 = CARTESIAN_POINT('',(0.635,-14.478,2.157));
#4509 = VECTOR('',#4510,1.);
#4510 = DIRECTION('',(0.,0.,-1.));
#4511 = ORIENTED_EDGE('',*,*,#4512,.F.);
#4512 = EDGE_CURVE('',#4496,#4505,#4513,.T.);
#4513 = LINE('',#4514,#4515);
#4514 = CARTESIAN_POINT('',(0.635,0.6985,2.157));
#4515 = VECTOR('',#4516,1.);
#4516 = DIRECTION('',(4.440892098501E-16,-1.,0.));
#4517 = PLANE('',#4518);
#4518 = AXIS2_PLACEMENT_3D('',#4519,#4520,#4521);
#4519 = CARTESIAN_POINT('',(0.635,0.6985,2.157));
#4520 = DIRECTION('',(-1.,-4.440892098501E-16,0.));
#4521 = DIRECTION('',(4.440892098501E-16,-1.,0.));
#4522 = ADVANCED_FACE('',(#4523),#4548,.F.);
#4523 = FACE_BOUND('',#4524,.F.);
#4524 = EDGE_LOOP('',(#4525,#4533,#4541,#4547));
#4525 = ORIENTED_EDGE('',*,*,#4526,.F.);
#4526 = EDGE_CURVE('',#4527,#3605,#4529,.T.);
#4527 = VERTEX_POINT('',#4528);
#4528 = CARTESIAN_POINT('',(0.254,-4.318,1.903));
#4529 = LINE('',#4530,#4531);
#4530 = CARTESIAN_POINT('',(-2.6645352591E-15,-4.318,1.903));
#4531 = VECTOR('',#4532,1.);
#4532 = DIRECTION('',(1.,4.440892098501E-16,0.));
#4533 = ORIENTED_EDGE('',*,*,#4534,.T.);
#4534 = EDGE_CURVE('',#4527,#4535,#4537,.T.);
#4535 = VERTEX_POINT('',#4536);
#4536 = CARTESIAN_POINT('',(0.254,-5.842,1.903));
#4537 = LINE('',#4538,#4539);
#4538 = CARTESIAN_POINT('',(0.254,-4.318,1.903));
#4539 = VECTOR('',#4540,1.);
#4540 = DIRECTION('',(4.440892098501E-16,-1.,0.));
#4541 = ORIENTED_EDGE('',*,*,#4542,.F.);
#4542 = EDGE_CURVE('',#3597,#4535,#4543,.T.);
#4543 = LINE('',#4544,#4545);
#4544 = CARTESIAN_POINT('',(3.937,-5.842,1.903));
#4545 = VECTOR('',#4546,1.);
#4546 = DIRECTION('',(-1.,-4.440892098501E-16,0.));
#4547 = ORIENTED_EDGE('',*,*,#3604,.F.);
#4548 = PLANE('',#4549);
#4549 = AXIS2_PLACEMENT_3D('',#4550,#4551,#4552);
#4550 = CARTESIAN_POINT('',(0.254,-4.318,1.903));
#4551 = DIRECTION('',(0.,0.,1.));
#4552 = DIRECTION('',(-4.440892098501E-16,1.,0.));
#4553 = ADVANCED_FACE('',(#4554),#4579,.F.);
#4554 = FACE_BOUND('',#4555,.F.);
#4555 = EDGE_LOOP('',(#4556,#4564,#4572,#4578));
#4556 = ORIENTED_EDGE('',*,*,#4557,.F.);
#4557 = EDGE_CURVE('',#4558,#3557,#4560,.T.);
#4558 = VERTEX_POINT('',#4559);
#4559 = CARTESIAN_POINT('',(0.254,-11.938,1.903));
#4560 = LINE('',#4561,#4562);
#4561 = CARTESIAN_POINT('',(4.440892098501E-16,-11.938,1.903));
#4562 = VECTOR('',#4563,1.);
#4563 = DIRECTION('',(1.,4.440892098501E-16,0.));
#4564 = ORIENTED_EDGE('',*,*,#4565,.T.);
#4565 = EDGE_CURVE('',#4558,#4566,#4568,.T.);
#4566 = VERTEX_POINT('',#4567);
#4567 = CARTESIAN_POINT('',(0.254,-13.462,1.903));
#4568 = LINE('',#4569,#4570);
#4569 = CARTESIAN_POINT('',(0.254,-11.938,1.903));
#4570 = VECTOR('',#4571,1.);
#4571 = DIRECTION('',(4.440892098501E-16,-1.,0.));
#4572 = ORIENTED_EDGE('',*,*,#4573,.F.);
#4573 = EDGE_CURVE('',#3549,#4566,#4574,.T.);
#4574 = LINE('',#4575,#4576);
#4575 = CARTESIAN_POINT('',(3.937,-13.462,1.903));
#4576 = VECTOR('',#4577,1.);
#4577 = DIRECTION('',(-1.,-4.440892098501E-16,0.));
#4578 = ORIENTED_EDGE('',*,*,#3556,.F.);
#4579 = PLANE('',#4580);
#4580 = AXIS2_PLACEMENT_3D('',#4581,#4582,#4583);
#4581 = CARTESIAN_POINT('',(0.254,-11.938,1.903));
#4582 = DIRECTION('',(0.,0.,1.));
#4583 = DIRECTION('',(-4.440892098501E-16,1.,0.));
#4584 = ADVANCED_FACE('',(#4585),#4610,.T.);
#4585 = FACE_BOUND('',#4586,.T.);
#4586 = EDGE_LOOP('',(#4587,#4595,#4596,#4604));
#4587 = ORIENTED_EDGE('',*,*,#4588,.T.);
#4588 = EDGE_CURVE('',#4589,#3597,#4591,.T.);
#4589 = VERTEX_POINT('',#4590);
#4590 = CARTESIAN_POINT('',(0.635,-5.842,2.157));
#4591 = LINE('',#4592,#4593);
#4592 = CARTESIAN_POINT('',(0.635,-5.842,2.157));
#4593 = VECTOR('',#4594,1.);
#4594 = DIRECTION('',(0.,0.,-1.));
#4595 = ORIENTED_EDGE('',*,*,#3596,.T.);
#4596 = ORIENTED_EDGE('',*,*,#4597,.F.);
#4597 = EDGE_CURVE('',#4598,#3589,#4600,.T.);
#4598 = VERTEX_POINT('',#4599);
#4599 = CARTESIAN_POINT('',(0.635,-6.858,2.157));
#4600 = LINE('',#4601,#4602);
#4601 = CARTESIAN_POINT('',(0.635,-6.858,2.157));
#4602 = VECTOR('',#4603,1.);
#4603 = DIRECTION('',(0.,0.,-1.));
#4604 = ORIENTED_EDGE('',*,*,#4605,.F.);
#4605 = EDGE_CURVE('',#4589,#4598,#4606,.T.);
#4606 = LINE('',#4607,#4608);
#4607 = CARTESIAN_POINT('',(0.635,0.6985,2.157));
#4608 = VECTOR('',#4609,1.);
#4609 = DIRECTION('',(4.440892098501E-16,-1.,0.));
#4610 = PLANE('',#4611);
#4611 = AXIS2_PLACEMENT_3D('',#4612,#4613,#4614);
#4612 = CARTESIAN_POINT('',(0.635,0.6985,2.157));
#4613 = DIRECTION('',(-1.,-4.440892098501E-16,0.));
#4614 = DIRECTION('',(4.440892098501E-16,-1.,0.));
#4615 = ADVANCED_FACE('',(#4616),#4641,.T.);
#4616 = FACE_BOUND('',#4617,.T.);
#4617 = EDGE_LOOP('',(#4618,#4626,#4627,#4635));
#4618 = ORIENTED_EDGE('',*,*,#4619,.T.);
#4619 = EDGE_CURVE('',#4620,#3565,#4622,.T.);
#4620 = VERTEX_POINT('',#4621);
#4621 = CARTESIAN_POINT('',(0.635,-10.922,2.157));
#4622 = LINE('',#4623,#4624);
#4623 = CARTESIAN_POINT('',(0.635,-10.922,2.157));
#4624 = VECTOR('',#4625,1.);
#4625 = DIRECTION('',(0.,0.,-1.));
#4626 = ORIENTED_EDGE('',*,*,#3564,.T.);
#4627 = ORIENTED_EDGE('',*,*,#4628,.F.);
#4628 = EDGE_CURVE('',#4629,#3557,#4631,.T.);
#4629 = VERTEX_POINT('',#4630);
#4630 = CARTESIAN_POINT('',(0.635,-11.938,2.157));
#4631 = LINE('',#4632,#4633);
#4632 = CARTESIAN_POINT('',(0.635,-11.938,2.157));
#4633 = VECTOR('',#4634,1.);
#4634 = DIRECTION('',(0.,0.,-1.));
#4635 = ORIENTED_EDGE('',*,*,#4636,.F.);
#4636 = EDGE_CURVE('',#4620,#4629,#4637,.T.);
#4637 = LINE('',#4638,#4639);
#4638 = CARTESIAN_POINT('',(0.635,0.6985,2.157));
#4639 = VECTOR('',#4640,1.);
#4640 = DIRECTION('',(4.440892098501E-16,-1.,0.));
#4641 = PLANE('',#4642);
#4642 = AXIS2_PLACEMENT_3D('',#4643,#4644,#4645);
#4643 = CARTESIAN_POINT('',(0.635,0.6985,2.157));
#4644 = DIRECTION('',(-1.,-4.440892098501E-16,0.));
#4645 = DIRECTION('',(4.440892098501E-16,-1.,0.));
#4646 = ADVANCED_FACE('',(#4647),#4672,.F.);
#4647 = FACE_BOUND('',#4648,.F.);
#4648 = EDGE_LOOP('',(#4649,#4657,#4665,#4671));
#4649 = ORIENTED_EDGE('',*,*,#4650,.F.);
#4650 = EDGE_CURVE('',#4651,#3589,#4653,.T.);
#4651 = VERTEX_POINT('',#4652);
#4652 = CARTESIAN_POINT('',(0.254,-6.858,1.903));
#4653 = LINE('',#4654,#4655);
#4654 = CARTESIAN_POINT('',(-1.7763568394E-15,-6.858,1.903));
#4655 = VECTOR('',#4656,1.);
#4656 = DIRECTION('',(1.,4.440892098501E-16,0.));
#4657 = ORIENTED_EDGE('',*,*,#4658,.T.);
#4658 = EDGE_CURVE('',#4651,#4659,#4661,.T.);
#4659 = VERTEX_POINT('',#4660);
#4660 = CARTESIAN_POINT('',(0.254,-8.382,1.903));
#4661 = LINE('',#4662,#4663);
#4662 = CARTESIAN_POINT('',(0.254,-6.858,1.903));
#4663 = VECTOR('',#4664,1.);
#4664 = DIRECTION('',(4.440892098501E-16,-1.,0.));
#4665 = ORIENTED_EDGE('',*,*,#4666,.F.);
#4666 = EDGE_CURVE('',#3581,#4659,#4667,.T.);
#4667 = LINE('',#4668,#4669);
#4668 = CARTESIAN_POINT('',(3.937,-8.382,1.903));
#4669 = VECTOR('',#4670,1.);
#4670 = DIRECTION('',(-1.,-4.440892098501E-16,0.));
#4671 = ORIENTED_EDGE('',*,*,#3588,.F.);
#4672 = PLANE('',#4673);
#4673 = AXIS2_PLACEMENT_3D('',#4674,#4675,#4676);
#4674 = CARTESIAN_POINT('',(0.254,-6.858,1.903));
#4675 = DIRECTION('',(0.,0.,1.));
#4676 = DIRECTION('',(-4.440892098501E-16,1.,0.));
#4677 = ADVANCED_FACE('',(#4678),#4703,.F.);
#4678 = FACE_BOUND('',#4679,.F.);
#4679 = EDGE_LOOP('',(#4680,#4688,#4696,#4702));
#4680 = ORIENTED_EDGE('',*,*,#4681,.F.);
#4681 = EDGE_CURVE('',#4682,#3573,#4684,.T.);
#4682 = VERTEX_POINT('',#4683);
#4683 = CARTESIAN_POINT('',(0.254,-9.398,1.903));
#4684 = LINE('',#4685,#4686);
#4685 = CARTESIAN_POINT('',(-4.440892098501E-16,-9.398,1.903));
#4686 = VECTOR('',#4687,1.);
#4687 = DIRECTION('',(1.,4.440892098501E-16,0.));
#4688 = ORIENTED_EDGE('',*,*,#4689,.T.);
#4689 = EDGE_CURVE('',#4682,#4690,#4692,.T.);
#4690 = VERTEX_POINT('',#4691);
#4691 = CARTESIAN_POINT('',(0.254,-10.922,1.903));
#4692 = LINE('',#4693,#4694);
#4693 = CARTESIAN_POINT('',(0.254,-9.398,1.903));
#4694 = VECTOR('',#4695,1.);
#4695 = DIRECTION('',(4.440892098501E-16,-1.,0.));
#4696 = ORIENTED_EDGE('',*,*,#4697,.F.);
#4697 = EDGE_CURVE('',#3565,#4690,#4698,.T.);
#4698 = LINE('',#4699,#4700);
#4699 = CARTESIAN_POINT('',(3.937,-10.922,1.903));
#4700 = VECTOR('',#4701,1.);
#4701 = DIRECTION('',(-1.,-4.440892098501E-16,0.));
#4702 = ORIENTED_EDGE('',*,*,#3572,.F.);
#4703 = PLANE('',#4704);
#4704 = AXIS2_PLACEMENT_3D('',#4705,#4706,#4707);
#4705 = CARTESIAN_POINT('',(0.254,-9.398,1.903));
#4706 = DIRECTION('',(0.,0.,1.));
#4707 = DIRECTION('',(-4.440892098501E-16,1.,0.));
#4708 = ADVANCED_FACE('',(#4709),#4734,.T.);
#4709 = FACE_BOUND('',#4710,.T.);
#4710 = EDGE_LOOP('',(#4711,#4719,#4720,#4728));
#4711 = ORIENTED_EDGE('',*,*,#4712,.T.);
#4712 = EDGE_CURVE('',#4713,#3581,#4715,.T.);
#4713 = VERTEX_POINT('',#4714);
#4714 = CARTESIAN_POINT('',(0.635,-8.382,2.157));
#4715 = LINE('',#4716,#4717);
#4716 = CARTESIAN_POINT('',(0.635,-8.382,2.157));
#4717 = VECTOR('',#4718,1.);
#4718 = DIRECTION('',(0.,0.,-1.));
#4719 = ORIENTED_EDGE('',*,*,#3580,.T.);
#4720 = ORIENTED_EDGE('',*,*,#4721,.F.);
#4721 = EDGE_CURVE('',#4722,#3573,#4724,.T.);
#4722 = VERTEX_POINT('',#4723);
#4723 = CARTESIAN_POINT('',(0.635,-9.398,2.157));
#4724 = LINE('',#4725,#4726);
#4725 = CARTESIAN_POINT('',(0.635,-9.398,2.157));
#4726 = VECTOR('',#4727,1.);
#4727 = DIRECTION('',(0.,0.,-1.));
#4728 = ORIENTED_EDGE('',*,*,#4729,.F.);
#4729 = EDGE_CURVE('',#4713,#4722,#4730,.T.);
#4730 = LINE('',#4731,#4732);
#4731 = CARTESIAN_POINT('',(0.635,0.6985,2.157));
#4732 = VECTOR('',#4733,1.);
#4733 = DIRECTION('',(4.440892098501E-16,-1.,0.));
#4734 = PLANE('',#4735);
#4735 = AXIS2_PLACEMENT_3D('',#4736,#4737,#4738);
#4736 = CARTESIAN_POINT('',(0.635,0.6985,2.157));
#4737 = DIRECTION('',(-1.,-4.440892098501E-16,0.));
#4738 = DIRECTION('',(4.440892098501E-16,-1.,0.));
#4739 = ADVANCED_FACE('',(#4740),#4751,.T.);
#4740 = FACE_BOUND('',#4741,.T.);
#4741 = EDGE_LOOP('',(#4742,#4743,#4744,#4750));
#4742 = ORIENTED_EDGE('',*,*,#3661,.T.);
#4743 = ORIENTED_EDGE('',*,*,#3676,.T.);
#4744 = ORIENTED_EDGE('',*,*,#4745,.F.);
#4745 = EDGE_CURVE('',#4258,#3677,#4746,.T.);
#4746 = LINE('',#4747,#4748);
#4747 = CARTESIAN_POINT('',(0.635,-18.4785,2.157));
#4748 = VECTOR('',#4749,1.);
#4749 = DIRECTION('',(1.,4.440892098501E-16,0.));
#4750 = ORIENTED_EDGE('',*,*,#4257,.F.);
#4751 = PLANE('',#4752);
#4752 = AXIS2_PLACEMENT_3D('',#4753,#4754,#4755);
#4753 = CARTESIAN_POINT('',(0.635,-18.4785,2.157));
#4754 = DIRECTION('',(4.440892098501E-16,-1.,0.));
#4755 = DIRECTION('',(1.,4.440892098501E-16,0.));
#4756 = ADVANCED_FACE('',(#4757),#4781,.T.);
#4757 = FACE_BOUND('',#4758,.T.);
#4758 = EDGE_LOOP('',(#4759,#4766,#4767,#4775));
#4759 = ORIENTED_EDGE('',*,*,#4760,.F.);
#4760 = EDGE_CURVE('',#3677,#4761,#4763,.T.);
#4761 = VERTEX_POINT('',#4762);
#4762 = CARTESIAN_POINT('',(6.91,-18.4035,2.157));
#4763 = B_SPLINE_CURVE_WITH_KNOTS('',1,(#4764,#4765),.UNSPECIFIED.,.F.,
  .F.,(2,2),(0.,1.),.PIECEWISE_BEZIER_KNOTS.);
#4764 = CARTESIAN_POINT('',(6.985,-18.4785,2.157));
#4765 = CARTESIAN_POINT('',(6.91,-18.4035,2.157));
#4766 = ORIENTED_EDGE('',*,*,#3692,.T.);
#4767 = ORIENTED_EDGE('',*,*,#4768,.T.);
#4768 = EDGE_CURVE('',#3685,#4769,#4771,.T.);
#4769 = VERTEX_POINT('',#4770);
#4770 = CARTESIAN_POINT('',(6.91,-18.0085,2.157));
#4771 = LINE('',#4772,#4773);
#4772 = CARTESIAN_POINT('',(7.747,-18.0085,2.157));
#4773 = VECTOR('',#4774,1.);
#4774 = DIRECTION('',(-1.,-3.216245299353E-16,0.));
#4775 = ORIENTED_EDGE('',*,*,#4776,.F.);
#4776 = EDGE_CURVE('',#4761,#4769,#4777,.T.);
#4777 = LINE('',#4778,#4779);
#4778 = CARTESIAN_POINT('',(6.91,-18.4035,2.157));
#4779 = VECTOR('',#4780,1.);
#4780 = DIRECTION('',(-4.440892098501E-16,1.,0.));
#4781 = B_SPLINE_SURFACE_WITH_KNOTS('',1,1,(
    (#4782,#4783)
    ,(#4784,#4785
    )),.UNSPECIFIED.,.F.,.F.,.F.,(2,2),(2,2),(0.,19.177),(0.,1.),
  .PIECEWISE_BEZIER_KNOTS.);
#4782 = CARTESIAN_POINT('',(6.985,-18.4785,2.157));
#4783 = CARTESIAN_POINT('',(6.91,-18.4035,2.157));
#4784 = CARTESIAN_POINT('',(6.985,0.6985,2.157));
#4785 = CARTESIAN_POINT('',(6.91,0.6235,2.157));
#4786 = ADVANCED_FACE('',(#4787),#4839,.F.);
#4787 = FACE_BOUND('',#4788,.F.);
#4788 = EDGE_LOOP('',(#4789,#4790,#4791,#4799,#4808,#4816,#4824,#4832));
#4789 = ORIENTED_EDGE('',*,*,#3745,.T.);
#4790 = ORIENTED_EDGE('',*,*,#3684,.T.);
#4791 = ORIENTED_EDGE('',*,*,#4792,.F.);
#4792 = EDGE_CURVE('',#4793,#3685,#4795,.T.);
#4793 = VERTEX_POINT('',#4794);
#4794 = CARTESIAN_POINT('',(7.366,-18.0085,2.157));
#4795 = LINE('',#4796,#4797);
#4796 = CARTESIAN_POINT('',(7.747,-18.0085,2.157));
#4797 = VECTOR('',#4798,1.);
#4798 = DIRECTION('',(-1.,-3.216245299353E-16,0.));
#4799 = ORIENTED_EDGE('',*,*,#4800,.T.);
#4800 = EDGE_CURVE('',#4793,#4801,#4803,.T.);
#4801 = VERTEX_POINT('',#4802);
#4802 = CARTESIAN_POINT('',(7.747,-18.0085,1.776));
#4803 = CIRCLE('',#4804,0.381);
#4804 = AXIS2_PLACEMENT_3D('',#4805,#4806,#4807);
#4805 = CARTESIAN_POINT('',(7.366,-18.0085,1.776));
#4806 = DIRECTION('',(-3.216245299353E-16,1.,0.));
#4807 = DIRECTION('',(0.,0.,1.));
#4808 = ORIENTED_EDGE('',*,*,#4809,.T.);
#4809 = EDGE_CURVE('',#4801,#4810,#4812,.T.);
#4810 = VERTEX_POINT('',#4811);
#4811 = CARTESIAN_POINT('',(7.747,-18.0085,-2.843));
#4812 = LINE('',#4813,#4814);
#4813 = CARTESIAN_POINT('',(7.747,-18.0085,2.157));
#4814 = VECTOR('',#4815,1.);
#4815 = DIRECTION('',(-1.142639866939E-31,3.552713678801E-16,-1.));
#4816 = ORIENTED_EDGE('',*,*,#4817,.T.);
#4817 = EDGE_CURVE('',#4810,#4818,#4820,.T.);
#4818 = VERTEX_POINT('',#4819);
#4819 = CARTESIAN_POINT('',(7.493,-18.0085,-2.843));
#4820 = LINE('',#4821,#4822);
#4821 = CARTESIAN_POINT('',(7.747,-18.0085,-2.843));
#4822 = VECTOR('',#4823,1.);
#4823 = DIRECTION('',(-1.,-3.216245299353E-16,0.));
#4824 = ORIENTED_EDGE('',*,*,#4825,.F.);
#4825 = EDGE_CURVE('',#4826,#4818,#4828,.T.);
#4826 = VERTEX_POINT('',#4827);
#4827 = CARTESIAN_POINT('',(7.493,-18.0085,1.776));
#4828 = LINE('',#4829,#4830);
#4829 = CARTESIAN_POINT('',(7.493,-18.0085,2.157));
#4830 = VECTOR('',#4831,1.);
#4831 = DIRECTION('',(-1.142639866939E-31,3.552713678801E-16,-1.));
#4832 = ORIENTED_EDGE('',*,*,#4833,.T.);
#4833 = EDGE_CURVE('',#4826,#3746,#4834,.T.);
#4834 = CIRCLE('',#4835,0.127);
#4835 = AXIS2_PLACEMENT_3D('',#4836,#4837,#4838);
#4836 = CARTESIAN_POINT('',(7.366,-18.0085,1.776));
#4837 = DIRECTION('',(3.216245299353E-16,-1.,0.));
#4838 = DIRECTION('',(0.,0.,-1.));
#4839 = PLANE('',#4840);
#4840 = AXIS2_PLACEMENT_3D('',#4841,#4842,#4843);
#4841 = CARTESIAN_POINT('',(-0.127,-18.0085,1.776));
#4842 = DIRECTION('',(-4.440892098501E-16,1.,3.845760639533E-16));
#4843 = DIRECTION('',(1.707860803683E-31,-3.845760639533E-16,1.));
#4844 = ADVANCED_FACE('',(#4845),#4897,.F.);
#4845 = FACE_BOUND('',#4846,.F.);
#4846 = EDGE_LOOP('',(#4847,#4848,#4849,#4858,#4866,#4874,#4882,#4891));
#4847 = ORIENTED_EDGE('',*,*,#3706,.T.);
#4848 = ORIENTED_EDGE('',*,*,#3767,.T.);
#4849 = ORIENTED_EDGE('',*,*,#4850,.F.);
#4850 = EDGE_CURVE('',#4851,#3768,#4853,.T.);
#4851 = VERTEX_POINT('',#4852);
#4852 = CARTESIAN_POINT('',(7.493,0.2285,1.776));
#4853 = CIRCLE('',#4854,0.127);
#4854 = AXIS2_PLACEMENT_3D('',#4855,#4856,#4857);
#4855 = CARTESIAN_POINT('',(7.366,0.2285,1.776));
#4856 = DIRECTION('',(3.216245299353E-16,-1.,0.));
#4857 = DIRECTION('',(0.,0.,1.));
#4858 = ORIENTED_EDGE('',*,*,#4859,.T.);
#4859 = EDGE_CURVE('',#4851,#4860,#4862,.T.);
#4860 = VERTEX_POINT('',#4861);
#4861 = CARTESIAN_POINT('',(7.493,0.2285,-2.843));
#4862 = LINE('',#4863,#4864);
#4863 = CARTESIAN_POINT('',(7.493,0.2285,2.157));
#4864 = VECTOR('',#4865,1.);
#4865 = DIRECTION('',(1.142639866939E-31,-3.552713678801E-16,-1.));
#4866 = ORIENTED_EDGE('',*,*,#4867,.F.);
#4867 = EDGE_CURVE('',#4868,#4860,#4870,.T.);
#4868 = VERTEX_POINT('',#4869);
#4869 = CARTESIAN_POINT('',(7.747,0.2285,-2.843));
#4870 = LINE('',#4871,#4872);
#4871 = CARTESIAN_POINT('',(7.747,0.2285,-2.843));
#4872 = VECTOR('',#4873,1.);
#4873 = DIRECTION('',(-1.,-3.216245299353E-16,0.));
#4874 = ORIENTED_EDGE('',*,*,#4875,.F.);
#4875 = EDGE_CURVE('',#4876,#4868,#4878,.T.);
#4876 = VERTEX_POINT('',#4877);
#4877 = CARTESIAN_POINT('',(7.747,0.2285,1.776));
#4878 = LINE('',#4879,#4880);
#4879 = CARTESIAN_POINT('',(7.747,0.2285,2.157));
#4880 = VECTOR('',#4881,1.);
#4881 = DIRECTION('',(1.142639866939E-31,-3.552713678801E-16,-1.));
#4882 = ORIENTED_EDGE('',*,*,#4883,.T.);
#4883 = EDGE_CURVE('',#4876,#4884,#4886,.T.);
#4884 = VERTEX_POINT('',#4885);
#4885 = CARTESIAN_POINT('',(7.366,0.2285,2.157));
#4886 = CIRCLE('',#4887,0.381);
#4887 = AXIS2_PLACEMENT_3D('',#4888,#4889,#4890);
#4888 = CARTESIAN_POINT('',(7.366,0.2285,1.776));
#4889 = DIRECTION('',(3.216245299353E-16,-1.,0.));
#4890 = DIRECTION('',(0.,0.,1.));
#4891 = ORIENTED_EDGE('',*,*,#4892,.F.);
#4892 = EDGE_CURVE('',#3707,#4884,#4893,.T.);
#4893 = LINE('',#4894,#4895);
#4894 = CARTESIAN_POINT('',(3.81,0.2285,2.157));
#4895 = VECTOR('',#4896,1.);
#4896 = DIRECTION('',(1.,3.216245299353E-16,0.));
#4897 = PLANE('',#4898);
#4898 = AXIS2_PLACEMENT_3D('',#4899,#4900,#4901);
#4899 = CARTESIAN_POINT('',(0.254,0.2285,2.157));
#4900 = DIRECTION('',(4.440892098501E-16,-1.,-1.864941563675E-14));
#4901 = DIRECTION('',(-8.282004254289E-30,1.864941563675E-14,-1.));
#4902 = ADVANCED_FACE('',(#4903),#4927,.T.);
#4903 = FACE_BOUND('',#4904,.T.);
#4904 = EDGE_LOOP('',(#4905,#4913,#4914,#4921));
#4905 = ORIENTED_EDGE('',*,*,#4906,.T.);
#4906 = EDGE_CURVE('',#4907,#3707,#4909,.T.);
#4907 = VERTEX_POINT('',#4908);
#4908 = CARTESIAN_POINT('',(6.91,0.2285,2.157));
#4909 = LINE('',#4910,#4911);
#4910 = CARTESIAN_POINT('',(3.81,0.2285,2.157));
#4911 = VECTOR('',#4912,1.);
#4912 = DIRECTION('',(1.,3.216245299353E-16,0.));
#4913 = ORIENTED_EDGE('',*,*,#3722,.T.);
#4914 = ORIENTED_EDGE('',*,*,#4915,.T.);
#4915 = EDGE_CURVE('',#3716,#4916,#4918,.T.);
#4916 = VERTEX_POINT('',#4917);
#4917 = CARTESIAN_POINT('',(6.91,0.6235,2.157));
#4918 = B_SPLINE_CURVE_WITH_KNOTS('',1,(#4919,#4920),.UNSPECIFIED.,.F.,
  .F.,(2,2),(0.,1.),.PIECEWISE_BEZIER_KNOTS.);
#4919 = CARTESIAN_POINT('',(6.985,0.6985,2.157));
#4920 = CARTESIAN_POINT('',(6.91,0.6235,2.157));
#4921 = ORIENTED_EDGE('',*,*,#4922,.F.);
#4922 = EDGE_CURVE('',#4907,#4916,#4923,.T.);
#4923 = LINE('',#4924,#4925);
#4924 = CARTESIAN_POINT('',(6.91,-18.4035,2.157));
#4925 = VECTOR('',#4926,1.);
#4926 = DIRECTION('',(-4.440892098501E-16,1.,0.));
#4927 = B_SPLINE_SURFACE_WITH_KNOTS('',1,1,(
    (#4928,#4929)
    ,(#4930,#4931
    )),.UNSPECIFIED.,.F.,.F.,.F.,(2,2),(2,2),(0.,19.177),(0.,1.),
  .PIECEWISE_BEZIER_KNOTS.);
#4928 = CARTESIAN_POINT('',(6.985,-18.4785,2.157));
#4929 = CARTESIAN_POINT('',(6.91,-18.4035,2.157));
#4930 = CARTESIAN_POINT('',(6.985,0.6985,2.157));
#4931 = CARTESIAN_POINT('',(6.91,0.6235,2.157));
#4932 = ADVANCED_FACE('',(#4933),#4985,.F.);
#4933 = FACE_BOUND('',#4934,.F.);
#4934 = EDGE_LOOP('',(#4935,#4936,#4937,#4946,#4954,#4962,#4970,#4979));
#4935 = ORIENTED_EDGE('',*,*,#3798,.T.);
#4936 = ORIENTED_EDGE('',*,*,#3736,.T.);
#4937 = ORIENTED_EDGE('',*,*,#4938,.F.);
#4938 = EDGE_CURVE('',#4939,#3737,#4941,.T.);
#4939 = VERTEX_POINT('',#4940);
#4940 = CARTESIAN_POINT('',(7.493,-17.018,1.776));
#4941 = CIRCLE('',#4942,0.127);
#4942 = AXIS2_PLACEMENT_3D('',#4943,#4944,#4945);
#4943 = CARTESIAN_POINT('',(7.366,-17.018,1.776));
#4944 = DIRECTION('',(3.216245299353E-16,-1.,0.));
#4945 = DIRECTION('',(0.,0.,-1.));
#4946 = ORIENTED_EDGE('',*,*,#4947,.F.);
#4947 = EDGE_CURVE('',#4948,#4939,#4950,.T.);
#4948 = VERTEX_POINT('',#4949);
#4949 = CARTESIAN_POINT('',(7.493,-17.018,0.));
#4950 = LINE('',#4951,#4952);
#4951 = CARTESIAN_POINT('',(7.493,-17.018,0.));
#4952 = VECTOR('',#4953,1.);
#4953 = DIRECTION('',(-2.648678412005E-31,8.23531219008E-16,1.));
#4954 = ORIENTED_EDGE('',*,*,#4955,.F.);
#4955 = EDGE_CURVE('',#4956,#4948,#4958,.T.);
#4956 = VERTEX_POINT('',#4957);
#4957 = CARTESIAN_POINT('',(7.747,-17.018,0.));
#4958 = LINE('',#4959,#4960);
#4959 = CARTESIAN_POINT('',(7.747,-17.018,0.));
#4960 = VECTOR('',#4961,1.);
#4961 = DIRECTION('',(-1.,-3.216245299353E-16,0.));
#4962 = ORIENTED_EDGE('',*,*,#4963,.T.);
#4963 = EDGE_CURVE('',#4956,#4964,#4966,.T.);
#4964 = VERTEX_POINT('',#4965);
#4965 = CARTESIAN_POINT('',(7.747,-17.018,1.776));
#4966 = LINE('',#4967,#4968);
#4967 = CARTESIAN_POINT('',(7.747,-17.018,0.));
#4968 = VECTOR('',#4969,1.);
#4969 = DIRECTION('',(-2.648678412005E-31,8.23531219008E-16,1.));
#4970 = ORIENTED_EDGE('',*,*,#4971,.F.);
#4971 = EDGE_CURVE('',#4972,#4964,#4974,.T.);
#4972 = VERTEX_POINT('',#4973);
#4973 = CARTESIAN_POINT('',(7.366,-17.018,2.157));
#4974 = CIRCLE('',#4975,0.381);
#4975 = AXIS2_PLACEMENT_3D('',#4976,#4977,#4978);
#4976 = CARTESIAN_POINT('',(7.366,-17.018,1.776));
#4977 = DIRECTION('',(-3.216245299353E-16,1.,0.));
#4978 = DIRECTION('',(0.,0.,1.));
#4979 = ORIENTED_EDGE('',*,*,#4980,.F.);
#4980 = EDGE_CURVE('',#3799,#4972,#4981,.T.);
#4981 = LINE('',#4982,#4983);
#4982 = CARTESIAN_POINT('',(3.81,-17.018,2.157));
#4983 = VECTOR('',#4984,1.);
#4984 = DIRECTION('',(1.,3.216245299353E-16,0.));
#4985 = PLANE('',#4986);
#4986 = AXIS2_PLACEMENT_3D('',#4987,#4988,#4989);
#4987 = CARTESIAN_POINT('',(0.254,-17.018,2.157));
#4988 = DIRECTION('',(4.440892098501E-16,-1.,-1.044008500317E-13));
#4989 = DIRECTION('',(-4.636329099826E-29,1.044008500317E-13,-1.));
#4990 = ADVANCED_FACE('',(#4991),#5002,.F.);
#4991 = FACE_BOUND('',#4992,.F.);
#4992 = EDGE_LOOP('',(#4993,#4999,#5000,#5001));
#4993 = ORIENTED_EDGE('',*,*,#4994,.T.);
#4994 = EDGE_CURVE('',#4826,#4939,#4995,.T.);
#4995 = LINE('',#4996,#4997);
#4996 = CARTESIAN_POINT('',(7.493,-18.0085,1.776));
#4997 = VECTOR('',#4998,1.);
#4998 = DIRECTION('',(-3.216245299353E-16,1.,0.));
#4999 = ORIENTED_EDGE('',*,*,#4938,.T.);
#5000 = ORIENTED_EDGE('',*,*,#3753,.F.);
#5001 = ORIENTED_EDGE('',*,*,#4833,.F.);
#5002 = CYLINDRICAL_SURFACE('',#5003,0.127);
#5003 = AXIS2_PLACEMENT_3D('',#5004,#5005,#5006);
#5004 = CARTESIAN_POINT('',(7.366,-18.0085,1.776));
#5005 = DIRECTION('',(-3.216245299353E-16,1.,0.));
#5006 = DIRECTION('',(1.,3.216245299353E-16,0.));
#5007 = ADVANCED_FACE('',(#5008),#5027,.F.);
#5008 = FACE_BOUND('',#5009,.F.);
#5009 = EDGE_LOOP('',(#5010,#5011,#5012,#5021));
#5010 = ORIENTED_EDGE('',*,*,#4850,.T.);
#5011 = ORIENTED_EDGE('',*,*,#3784,.T.);
#5012 = ORIENTED_EDGE('',*,*,#5013,.F.);
#5013 = EDGE_CURVE('',#5014,#3777,#5016,.T.);
#5014 = VERTEX_POINT('',#5015);
#5015 = CARTESIAN_POINT('',(7.493,-0.762,1.776));
#5016 = CIRCLE('',#5017,0.127);
#5017 = AXIS2_PLACEMENT_3D('',#5018,#5019,#5020);
#5018 = CARTESIAN_POINT('',(7.366,-0.762,1.776));
#5019 = DIRECTION('',(3.216245299353E-16,-1.,0.));
#5020 = DIRECTION('',(0.,0.,1.));
#5021 = ORIENTED_EDGE('',*,*,#5022,.F.);
#5022 = EDGE_CURVE('',#4851,#5014,#5023,.T.);
#5023 = LINE('',#5024,#5025);
#5024 = CARTESIAN_POINT('',(7.493,0.2285,1.776));
#5025 = VECTOR('',#5026,1.);
#5026 = DIRECTION('',(3.216245299353E-16,-1.,0.));
#5027 = CYLINDRICAL_SURFACE('',#5028,0.127);
#5028 = AXIS2_PLACEMENT_3D('',#5029,#5030,#5031);
#5029 = CARTESIAN_POINT('',(7.366,0.2285,1.776));
#5030 = DIRECTION('',(3.216245299353E-16,-1.,0.));
#5031 = DIRECTION('',(1.,3.216245299353E-16,0.));
#5032 = ADVANCED_FACE('',(#5033),#5077,.T.);
#5033 = FACE_BOUND('',#5034,.T.);
#5034 = EDGE_LOOP('',(#5035,#5036,#5037,#5038,#5046,#5054,#5062,#5071));
#5035 = ORIENTED_EDGE('',*,*,#3838,.T.);
#5036 = ORIENTED_EDGE('',*,*,#3776,.F.);
#5037 = ORIENTED_EDGE('',*,*,#5013,.F.);
#5038 = ORIENTED_EDGE('',*,*,#5039,.F.);
#5039 = EDGE_CURVE('',#5040,#5014,#5042,.T.);
#5040 = VERTEX_POINT('',#5041);
#5041 = CARTESIAN_POINT('',(7.493,-0.762,0.));
#5042 = LINE('',#5043,#5044);
#5043 = CARTESIAN_POINT('',(7.493,-0.762,0.));
#5044 = VECTOR('',#5045,1.);
#5045 = DIRECTION('',(2.648678412005E-31,-8.23531219008E-16,1.));
#5046 = ORIENTED_EDGE('',*,*,#5047,.F.);
#5047 = EDGE_CURVE('',#5048,#5040,#5050,.T.);
#5048 = VERTEX_POINT('',#5049);
#5049 = CARTESIAN_POINT('',(7.747,-0.762,0.));
#5050 = LINE('',#5051,#5052);
#5051 = CARTESIAN_POINT('',(7.747,-0.762,0.));
#5052 = VECTOR('',#5053,1.);
#5053 = DIRECTION('',(-1.,-3.216245299353E-16,0.));
#5054 = ORIENTED_EDGE('',*,*,#5055,.T.);
#5055 = EDGE_CURVE('',#5048,#5056,#5058,.T.);
#5056 = VERTEX_POINT('',#5057);
#5057 = CARTESIAN_POINT('',(7.747,-0.762,1.776));
#5058 = LINE('',#5059,#5060);
#5059 = CARTESIAN_POINT('',(7.747,-0.762,0.));
#5060 = VECTOR('',#5061,1.);
#5061 = DIRECTION('',(2.648678412005E-31,-8.23531219008E-16,1.));
#5062 = ORIENTED_EDGE('',*,*,#5063,.T.);
#5063 = EDGE_CURVE('',#5056,#5064,#5066,.T.);
#5064 = VERTEX_POINT('',#5065);
#5065 = CARTESIAN_POINT('',(7.366,-0.762,2.157));
#5066 = CIRCLE('',#5067,0.381);
#5067 = AXIS2_PLACEMENT_3D('',#5068,#5069,#5070);
#5068 = CARTESIAN_POINT('',(7.366,-0.762,1.776));
#5069 = DIRECTION('',(3.216245299353E-16,-1.,0.));
#5070 = DIRECTION('',(0.,0.,1.));
#5071 = ORIENTED_EDGE('',*,*,#5072,.T.);
#5072 = EDGE_CURVE('',#5064,#3839,#5073,.T.);
#5073 = LINE('',#5074,#5075);
#5074 = CARTESIAN_POINT('',(7.747,-0.762,2.157));
#5075 = VECTOR('',#5076,1.);
#5076 = DIRECTION('',(-1.,-3.216245299353E-16,0.));
#5077 = PLANE('',#5078);
#5078 = AXIS2_PLACEMENT_3D('',#5079,#5080,#5081);
#5079 = CARTESIAN_POINT('',(-0.127,-0.762,0.));
#5080 = DIRECTION('',(4.440892098501E-16,-1.,-1.000200923086E-15));
#5081 = DIRECTION('',(-4.441784376244E-31,1.000200923086E-15,-1.));
#5082 = ADVANCED_FACE('',(#5083),#5108,.T.);
#5083 = FACE_BOUND('',#5084,.T.);
#5084 = EDGE_LOOP('',(#5085,#5093,#5094,#5102));
#5085 = ORIENTED_EDGE('',*,*,#5086,.T.);
#5086 = EDGE_CURVE('',#5087,#3799,#5089,.T.);
#5087 = VERTEX_POINT('',#5088);
#5088 = CARTESIAN_POINT('',(6.91,-17.018,2.157));
#5089 = LINE('',#5090,#5091);
#5090 = CARTESIAN_POINT('',(3.81,-17.018,2.157));
#5091 = VECTOR('',#5092,1.);
#5092 = DIRECTION('',(1.,3.216245299353E-16,0.));
#5093 = ORIENTED_EDGE('',*,*,#3815,.T.);
#5094 = ORIENTED_EDGE('',*,*,#5095,.T.);
#5095 = EDGE_CURVE('',#3808,#5096,#5098,.T.);
#5096 = VERTEX_POINT('',#5097);
#5097 = CARTESIAN_POINT('',(6.91,-16.002,2.157));
#5098 = LINE('',#5099,#5100);
#5099 = CARTESIAN_POINT('',(7.62,-16.002,2.157));
#5100 = VECTOR('',#5101,1.);
#5101 = DIRECTION('',(-1.,-3.216245299353E-16,0.));
#5102 = ORIENTED_EDGE('',*,*,#5103,.F.);
#5103 = EDGE_CURVE('',#5087,#5096,#5104,.T.);
#5104 = LINE('',#5105,#5106);
#5105 = CARTESIAN_POINT('',(6.91,-18.4035,2.157));
#5106 = VECTOR('',#5107,1.);
#5107 = DIRECTION('',(-4.440892098501E-16,1.,0.));
#5108 = B_SPLINE_SURFACE_WITH_KNOTS('',1,1,(
    (#5109,#5110)
    ,(#5111,#5112
    )),.UNSPECIFIED.,.F.,.F.,.F.,(2,2),(2,2),(0.,19.177),(0.,1.),
  .PIECEWISE_BEZIER_KNOTS.);
#5109 = CARTESIAN_POINT('',(6.985,-18.4785,2.157));
#5110 = CARTESIAN_POINT('',(6.91,-18.4035,2.157));
#5111 = CARTESIAN_POINT('',(6.985,0.6985,2.157));
#5112 = CARTESIAN_POINT('',(6.91,0.6235,2.157));
#5113 = ADVANCED_FACE('',(#5114),#5166,.F.);
#5114 = FACE_BOUND('',#5115,.F.);
#5115 = EDGE_LOOP('',(#5116,#5117,#5118,#5126,#5135,#5143,#5151,#5159));
#5116 = ORIENTED_EDGE('',*,*,#3869,.T.);
#5117 = ORIENTED_EDGE('',*,*,#3807,.T.);
#5118 = ORIENTED_EDGE('',*,*,#5119,.F.);
#5119 = EDGE_CURVE('',#5120,#3808,#5122,.T.);
#5120 = VERTEX_POINT('',#5121);
#5121 = CARTESIAN_POINT('',(7.366,-16.002,2.157));
#5122 = LINE('',#5123,#5124);
#5123 = CARTESIAN_POINT('',(7.62,-16.002,2.157));
#5124 = VECTOR('',#5125,1.);
#5125 = DIRECTION('',(-1.,-3.216245299353E-16,0.));
#5126 = ORIENTED_EDGE('',*,*,#5127,.T.);
#5127 = EDGE_CURVE('',#5120,#5128,#5130,.T.);
#5128 = VERTEX_POINT('',#5129);
#5129 = CARTESIAN_POINT('',(7.747,-16.002,1.776));
#5130 = CIRCLE('',#5131,0.381);
#5131 = AXIS2_PLACEMENT_3D('',#5132,#5133,#5134);
#5132 = CARTESIAN_POINT('',(7.366,-16.002,1.776));
#5133 = DIRECTION('',(-3.216245299353E-16,1.,0.));
#5134 = DIRECTION('',(0.,0.,1.));
#5135 = ORIENTED_EDGE('',*,*,#5136,.T.);
#5136 = EDGE_CURVE('',#5128,#5137,#5139,.T.);
#5137 = VERTEX_POINT('',#5138);
#5138 = CARTESIAN_POINT('',(7.747,-16.002,0.));
#5139 = LINE('',#5140,#5141);
#5140 = CARTESIAN_POINT('',(7.747,-16.002,2.157));
#5141 = VECTOR('',#5142,1.);
#5142 = DIRECTION('',(-1.324339206003E-31,4.11765609504E-16,-1.));
#5143 = ORIENTED_EDGE('',*,*,#5144,.T.);
#5144 = EDGE_CURVE('',#5137,#5145,#5147,.T.);
#5145 = VERTEX_POINT('',#5146);
#5146 = CARTESIAN_POINT('',(7.493,-16.002,0.));
#5147 = LINE('',#5148,#5149);
#5148 = CARTESIAN_POINT('',(7.747,-16.002,0.));
#5149 = VECTOR('',#5150,1.);
#5150 = DIRECTION('',(-1.,-3.216245299353E-16,0.));
#5151 = ORIENTED_EDGE('',*,*,#5152,.F.);
#5152 = EDGE_CURVE('',#5153,#5145,#5155,.T.);
#5153 = VERTEX_POINT('',#5154);
#5154 = CARTESIAN_POINT('',(7.493,-16.002,1.776));
#5155 = LINE('',#5156,#5157);
#5156 = CARTESIAN_POINT('',(7.493,-16.002,2.157));
#5157 = VECTOR('',#5158,1.);
#5158 = DIRECTION('',(-1.324339206003E-31,4.11765609504E-16,-1.));
#5159 = ORIENTED_EDGE('',*,*,#5160,.T.);
#5160 = EDGE_CURVE('',#5153,#3870,#5161,.T.);
#5161 = CIRCLE('',#5162,0.127);
#5162 = AXIS2_PLACEMENT_3D('',#5163,#5164,#5165);
#5163 = CARTESIAN_POINT('',(7.366,-16.002,1.776));
#5164 = DIRECTION('',(3.216245299353E-16,-1.,0.));
#5165 = DIRECTION('',(0.,0.,-1.));
#5166 = PLANE('',#5167);
#5167 = AXIS2_PLACEMENT_3D('',#5168,#5169,#5170);
#5168 = CARTESIAN_POINT('',(0.254,-16.002,2.157));
#5169 = DIRECTION('',(-4.440892098501E-16,1.,0.));
#5170 = DIRECTION('',(0.,0.,1.));
#5171 = ADVANCED_FACE('',(#5172),#5224,.T.);
#5172 = FACE_BOUND('',#5173,.T.);
#5173 = EDGE_LOOP('',(#5174,#5175,#5176,#5184,#5193,#5201,#5209,#5217));
#5174 = ORIENTED_EDGE('',*,*,#3891,.F.);
#5175 = ORIENTED_EDGE('',*,*,#3829,.T.);
#5176 = ORIENTED_EDGE('',*,*,#5177,.T.);
#5177 = EDGE_CURVE('',#3830,#5178,#5180,.T.);
#5178 = VERTEX_POINT('',#5179);
#5179 = CARTESIAN_POINT('',(7.366,-1.778,2.157));
#5180 = LINE('',#5181,#5182);
#5181 = CARTESIAN_POINT('',(3.683,-1.778,2.157));
#5182 = VECTOR('',#5183,1.);
#5183 = DIRECTION('',(1.,3.216245299353E-16,0.));
#5184 = ORIENTED_EDGE('',*,*,#5185,.T.);
#5185 = EDGE_CURVE('',#5178,#5186,#5188,.T.);
#5186 = VERTEX_POINT('',#5187);
#5187 = CARTESIAN_POINT('',(7.747,-1.778,1.776));
#5188 = CIRCLE('',#5189,0.381);
#5189 = AXIS2_PLACEMENT_3D('',#5190,#5191,#5192);
#5190 = CARTESIAN_POINT('',(7.366,-1.778,1.776));
#5191 = DIRECTION('',(-3.216245299353E-16,1.,0.));
#5192 = DIRECTION('',(0.,0.,1.));
#5193 = ORIENTED_EDGE('',*,*,#5194,.F.);
#5194 = EDGE_CURVE('',#5195,#5186,#5197,.T.);
#5195 = VERTEX_POINT('',#5196);
#5196 = CARTESIAN_POINT('',(7.747,-1.778,0.));
#5197 = LINE('',#5198,#5199);
#5198 = CARTESIAN_POINT('',(7.747,-1.778,0.));
#5199 = VECTOR('',#5200,1.);
#5200 = DIRECTION('',(-1.324339206003E-31,4.11765609504E-16,1.));
#5201 = ORIENTED_EDGE('',*,*,#5202,.T.);
#5202 = EDGE_CURVE('',#5195,#5203,#5205,.T.);
#5203 = VERTEX_POINT('',#5204);
#5204 = CARTESIAN_POINT('',(7.493,-1.778,0.));
#5205 = LINE('',#5206,#5207);
#5206 = CARTESIAN_POINT('',(7.747,-1.778,0.));
#5207 = VECTOR('',#5208,1.);
#5208 = DIRECTION('',(-1.,-3.216245299353E-16,0.));
#5209 = ORIENTED_EDGE('',*,*,#5210,.T.);
#5210 = EDGE_CURVE('',#5203,#5211,#5213,.T.);
#5211 = VERTEX_POINT('',#5212);
#5212 = CARTESIAN_POINT('',(7.493,-1.778,1.776));
#5213 = LINE('',#5214,#5215);
#5214 = CARTESIAN_POINT('',(7.493,-1.778,0.));
#5215 = VECTOR('',#5216,1.);
#5216 = DIRECTION('',(-1.324339206003E-31,4.11765609504E-16,1.));
#5217 = ORIENTED_EDGE('',*,*,#5218,.T.);
#5218 = EDGE_CURVE('',#5211,#3892,#5219,.T.);
#5219 = CIRCLE('',#5220,0.127);
#5220 = AXIS2_PLACEMENT_3D('',#5221,#5222,#5223);
#5221 = CARTESIAN_POINT('',(7.366,-1.778,1.776));
#5222 = DIRECTION('',(3.216245299353E-16,-1.,0.));
#5223 = DIRECTION('',(0.,0.,-1.));
#5224 = PLANE('',#5225);
#5225 = AXIS2_PLACEMENT_3D('',#5226,#5227,#5228);
#5226 = CARTESIAN_POINT('',(0.254,-1.778,2.157));
#5227 = DIRECTION('',(-4.440892098501E-16,1.,0.));
#5228 = DIRECTION('',(0.,0.,1.));
#5229 = ADVANCED_FACE('',(#5230),#5255,.T.);
#5230 = FACE_BOUND('',#5231,.T.);
#5231 = EDGE_LOOP('',(#5232,#5240,#5241,#5249));
#5232 = ORIENTED_EDGE('',*,*,#5233,.T.);
#5233 = EDGE_CURVE('',#5234,#3830,#5236,.T.);
#5234 = VERTEX_POINT('',#5235);
#5235 = CARTESIAN_POINT('',(6.91,-1.778,2.157));
#5236 = LINE('',#5237,#5238);
#5237 = CARTESIAN_POINT('',(3.683,-1.778,2.157));
#5238 = VECTOR('',#5239,1.);
#5239 = DIRECTION('',(1.,3.216245299353E-16,0.));
#5240 = ORIENTED_EDGE('',*,*,#3846,.T.);
#5241 = ORIENTED_EDGE('',*,*,#5242,.T.);
#5242 = EDGE_CURVE('',#3839,#5243,#5245,.T.);
#5243 = VERTEX_POINT('',#5244);
#5244 = CARTESIAN_POINT('',(6.91,-0.762,2.157));
#5245 = LINE('',#5246,#5247);
#5246 = CARTESIAN_POINT('',(7.747,-0.762,2.157));
#5247 = VECTOR('',#5248,1.);
#5248 = DIRECTION('',(-1.,-3.216245299353E-16,0.));
#5249 = ORIENTED_EDGE('',*,*,#5250,.F.);
#5250 = EDGE_CURVE('',#5234,#5243,#5251,.T.);
#5251 = LINE('',#5252,#5253);
#5252 = CARTESIAN_POINT('',(6.91,-18.4035,2.157));
#5253 = VECTOR('',#5254,1.);
#5254 = DIRECTION('',(-4.440892098501E-16,1.,0.));
#5255 = B_SPLINE_SURFACE_WITH_KNOTS('',1,1,(
    (#5256,#5257)
    ,(#5258,#5259
    )),.UNSPECIFIED.,.F.,.F.,.F.,(2,2),(2,2),(0.,19.177),(0.,1.),
  .PIECEWISE_BEZIER_KNOTS.);
#5256 = CARTESIAN_POINT('',(6.985,-18.4785,2.157));
#5257 = CARTESIAN_POINT('',(6.91,-18.4035,2.157));
#5258 = CARTESIAN_POINT('',(6.985,0.6985,2.157));
#5259 = CARTESIAN_POINT('',(6.91,0.6235,2.157));
#5260 = ADVANCED_FACE('',(#5261),#5313,.T.);
#5261 = FACE_BOUND('',#5262,.T.);
#5262 = EDGE_LOOP('',(#5263,#5264,#5265,#5273,#5282,#5290,#5298,#5306));
#5263 = ORIENTED_EDGE('',*,*,#3860,.F.);
#5264 = ORIENTED_EDGE('',*,*,#3922,.T.);
#5265 = ORIENTED_EDGE('',*,*,#5266,.T.);
#5266 = EDGE_CURVE('',#3923,#5267,#5269,.T.);
#5267 = VERTEX_POINT('',#5268);
#5268 = CARTESIAN_POINT('',(7.366,-14.478,2.157));
#5269 = LINE('',#5270,#5271);
#5270 = CARTESIAN_POINT('',(3.683,-14.478,2.157));
#5271 = VECTOR('',#5272,1.);
#5272 = DIRECTION('',(1.,3.216245299353E-16,0.));
#5273 = ORIENTED_EDGE('',*,*,#5274,.T.);
#5274 = EDGE_CURVE('',#5267,#5275,#5277,.T.);
#5275 = VERTEX_POINT('',#5276);
#5276 = CARTESIAN_POINT('',(7.747,-14.478,1.776));
#5277 = CIRCLE('',#5278,0.381);
#5278 = AXIS2_PLACEMENT_3D('',#5279,#5280,#5281);
#5279 = CARTESIAN_POINT('',(7.366,-14.478,1.776));
#5280 = DIRECTION('',(-3.216245299353E-16,1.,0.));
#5281 = DIRECTION('',(0.,0.,1.));
#5282 = ORIENTED_EDGE('',*,*,#5283,.F.);
#5283 = EDGE_CURVE('',#5284,#5275,#5286,.T.);
#5284 = VERTEX_POINT('',#5285);
#5285 = CARTESIAN_POINT('',(7.747,-14.478,0.));
#5286 = LINE('',#5287,#5288);
#5287 = CARTESIAN_POINT('',(7.747,-14.478,0.));
#5288 = VECTOR('',#5289,1.);
#5289 = DIRECTION('',(-1.324339206003E-31,4.11765609504E-16,1.));
#5290 = ORIENTED_EDGE('',*,*,#5291,.T.);
#5291 = EDGE_CURVE('',#5284,#5292,#5294,.T.);
#5292 = VERTEX_POINT('',#5293);
#5293 = CARTESIAN_POINT('',(7.493,-14.478,0.));
#5294 = LINE('',#5295,#5296);
#5295 = CARTESIAN_POINT('',(7.747,-14.478,0.));
#5296 = VECTOR('',#5297,1.);
#5297 = DIRECTION('',(-1.,-3.216245299353E-16,0.));
#5298 = ORIENTED_EDGE('',*,*,#5299,.T.);
#5299 = EDGE_CURVE('',#5292,#5300,#5302,.T.);
#5300 = VERTEX_POINT('',#5301);
#5301 = CARTESIAN_POINT('',(7.493,-14.478,1.776));
#5302 = LINE('',#5303,#5304);
#5303 = CARTESIAN_POINT('',(7.493,-14.478,0.));
#5304 = VECTOR('',#5305,1.);
#5305 = DIRECTION('',(-1.324339206003E-31,4.11765609504E-16,1.));
#5306 = ORIENTED_EDGE('',*,*,#5307,.T.);
#5307 = EDGE_CURVE('',#5300,#3861,#5308,.T.);
#5308 = CIRCLE('',#5309,0.127);
#5309 = AXIS2_PLACEMENT_3D('',#5310,#5311,#5312);
#5310 = CARTESIAN_POINT('',(7.366,-14.478,1.776));
#5311 = DIRECTION('',(3.216245299353E-16,-1.,0.));
#5312 = DIRECTION('',(0.,0.,-1.));
#5313 = PLANE('',#5314);
#5314 = AXIS2_PLACEMENT_3D('',#5315,#5316,#5317);
#5315 = CARTESIAN_POINT('',(0.254,-14.478,2.157));
#5316 = DIRECTION('',(-4.440892098501E-16,1.,0.));
#5317 = DIRECTION('',(0.,0.,1.));
#5318 = ADVANCED_FACE('',(#5319),#5330,.F.);
#5319 = FACE_BOUND('',#5320,.F.);
#5320 = EDGE_LOOP('',(#5321,#5327,#5328,#5329));
#5321 = ORIENTED_EDGE('',*,*,#5322,.T.);
#5322 = EDGE_CURVE('',#5153,#5300,#5323,.T.);
#5323 = LINE('',#5324,#5325);
#5324 = CARTESIAN_POINT('',(7.493,-16.002,1.776));
#5325 = VECTOR('',#5326,1.);
#5326 = DIRECTION('',(-3.216245299353E-16,1.,0.));
#5327 = ORIENTED_EDGE('',*,*,#5307,.T.);
#5328 = ORIENTED_EDGE('',*,*,#3877,.F.);
#5329 = ORIENTED_EDGE('',*,*,#5160,.F.);
#5330 = CYLINDRICAL_SURFACE('',#5331,0.127);
#5331 = AXIS2_PLACEMENT_3D('',#5332,#5333,#5334);
#5332 = CARTESIAN_POINT('',(7.366,-16.002,1.776));
#5333 = DIRECTION('',(-3.216245299353E-16,1.,0.));
#5334 = DIRECTION('',(1.,3.216245299353E-16,0.));
#5335 = ADVANCED_FACE('',(#5336),#5355,.F.);
#5336 = FACE_BOUND('',#5337,.F.);
#5337 = EDGE_LOOP('',(#5338,#5346,#5347,#5348));
#5338 = ORIENTED_EDGE('',*,*,#5339,.T.);
#5339 = EDGE_CURVE('',#5340,#5211,#5342,.T.);
#5340 = VERTEX_POINT('',#5341);
#5341 = CARTESIAN_POINT('',(7.493,-3.302,1.776));
#5342 = LINE('',#5343,#5344);
#5343 = CARTESIAN_POINT('',(7.493,-3.302,1.776));
#5344 = VECTOR('',#5345,1.);
#5345 = DIRECTION('',(-3.216245299353E-16,1.,0.));
#5346 = ORIENTED_EDGE('',*,*,#5218,.T.);
#5347 = ORIENTED_EDGE('',*,*,#3908,.F.);
#5348 = ORIENTED_EDGE('',*,*,#5349,.F.);
#5349 = EDGE_CURVE('',#5340,#3901,#5350,.T.);
#5350 = CIRCLE('',#5351,0.127);
#5351 = AXIS2_PLACEMENT_3D('',#5352,#5353,#5354);
#5352 = CARTESIAN_POINT('',(7.366,-3.302,1.776));
#5353 = DIRECTION('',(3.216245299353E-16,-1.,0.));
#5354 = DIRECTION('',(0.,0.,-1.));
#5355 = CYLINDRICAL_SURFACE('',#5356,0.127);
#5356 = AXIS2_PLACEMENT_3D('',#5357,#5358,#5359);
#5357 = CARTESIAN_POINT('',(7.366,-3.302,1.776));
#5358 = DIRECTION('',(-3.216245299353E-16,1.,0.));
#5359 = DIRECTION('',(1.,3.216245299353E-16,0.));
#5360 = ADVANCED_FACE('',(#5361),#5405,.F.);
#5361 = FACE_BOUND('',#5362,.F.);
#5362 = EDGE_LOOP('',(#5363,#5364,#5365,#5373,#5382,#5390,#5398,#5404));
#5363 = ORIENTED_EDGE('',*,*,#3900,.T.);
#5364 = ORIENTED_EDGE('',*,*,#3962,.T.);
#5365 = ORIENTED_EDGE('',*,*,#5366,.F.);
#5366 = EDGE_CURVE('',#5367,#3963,#5369,.T.);
#5367 = VERTEX_POINT('',#5368);
#5368 = CARTESIAN_POINT('',(7.366,-3.302,2.157));
#5369 = LINE('',#5370,#5371);
#5370 = CARTESIAN_POINT('',(7.62,-3.302,2.157));
#5371 = VECTOR('',#5372,1.);
#5372 = DIRECTION('',(-1.,-3.216245299353E-16,0.));
#5373 = ORIENTED_EDGE('',*,*,#5374,.T.);
#5374 = EDGE_CURVE('',#5367,#5375,#5377,.T.);
#5375 = VERTEX_POINT('',#5376);
#5376 = CARTESIAN_POINT('',(7.747,-3.302,1.776));
#5377 = CIRCLE('',#5378,0.381);
#5378 = AXIS2_PLACEMENT_3D('',#5379,#5380,#5381);
#5379 = CARTESIAN_POINT('',(7.366,-3.302,1.776));
#5380 = DIRECTION('',(-3.216245299353E-16,1.,0.));
#5381 = DIRECTION('',(0.,0.,1.));
#5382 = ORIENTED_EDGE('',*,*,#5383,.T.);
#5383 = EDGE_CURVE('',#5375,#5384,#5386,.T.);
#5384 = VERTEX_POINT('',#5385);
#5385 = CARTESIAN_POINT('',(7.747,-3.302,0.));
#5386 = LINE('',#5387,#5388);
#5387 = CARTESIAN_POINT('',(7.747,-3.302,2.157));
#5388 = VECTOR('',#5389,1.);
#5389 = DIRECTION('',(-1.324339206003E-31,4.11765609504E-16,-1.));
#5390 = ORIENTED_EDGE('',*,*,#5391,.T.);
#5391 = EDGE_CURVE('',#5384,#5392,#5394,.T.);
#5392 = VERTEX_POINT('',#5393);
#5393 = CARTESIAN_POINT('',(7.493,-3.302,0.));
#5394 = LINE('',#5395,#5396);
#5395 = CARTESIAN_POINT('',(7.747,-3.302,0.));
#5396 = VECTOR('',#5397,1.);
#5397 = DIRECTION('',(-1.,-3.216245299353E-16,0.));
#5398 = ORIENTED_EDGE('',*,*,#5399,.F.);
#5399 = EDGE_CURVE('',#5340,#5392,#5400,.T.);
#5400 = LINE('',#5401,#5402);
#5401 = CARTESIAN_POINT('',(7.493,-3.302,2.157));
#5402 = VECTOR('',#5403,1.);
#5403 = DIRECTION('',(-1.324339206003E-31,4.11765609504E-16,-1.));
#5404 = ORIENTED_EDGE('',*,*,#5349,.T.);
#5405 = PLANE('',#5406);
#5406 = AXIS2_PLACEMENT_3D('',#5407,#5408,#5409);
#5407 = CARTESIAN_POINT('',(0.254,-3.302,2.157));
#5408 = DIRECTION('',(-4.440892098501E-16,1.,0.));
#5409 = DIRECTION('',(0.,0.,1.));
#5410 = ADVANCED_FACE('',(#5411),#5436,.T.);
#5411 = FACE_BOUND('',#5412,.T.);
#5412 = EDGE_LOOP('',(#5413,#5421,#5422,#5430));
#5413 = ORIENTED_EDGE('',*,*,#5414,.T.);
#5414 = EDGE_CURVE('',#5415,#3923,#5417,.T.);
#5415 = VERTEX_POINT('',#5416);
#5416 = CARTESIAN_POINT('',(6.91,-14.478,2.157));
#5417 = LINE('',#5418,#5419);
#5418 = CARTESIAN_POINT('',(3.683,-14.478,2.157));
#5419 = VECTOR('',#5420,1.);
#5420 = DIRECTION('',(1.,3.216245299353E-16,0.));
#5421 = ORIENTED_EDGE('',*,*,#3939,.T.);
#5422 = ORIENTED_EDGE('',*,*,#5423,.T.);
#5423 = EDGE_CURVE('',#3932,#5424,#5426,.T.);
#5424 = VERTEX_POINT('',#5425);
#5425 = CARTESIAN_POINT('',(6.91,-13.462,2.157));
#5426 = LINE('',#5427,#5428);
#5427 = CARTESIAN_POINT('',(7.62,-13.462,2.157));
#5428 = VECTOR('',#5429,1.);
#5429 = DIRECTION('',(-1.,-3.216245299353E-16,0.));
#5430 = ORIENTED_EDGE('',*,*,#5431,.F.);
#5431 = EDGE_CURVE('',#5415,#5424,#5432,.T.);
#5432 = LINE('',#5433,#5434);
#5433 = CARTESIAN_POINT('',(6.91,-18.4035,2.157));
#5434 = VECTOR('',#5435,1.);
#5435 = DIRECTION('',(-4.440892098501E-16,1.,0.));
#5436 = B_SPLINE_SURFACE_WITH_KNOTS('',1,1,(
    (#5437,#5438)
    ,(#5439,#5440
    )),.UNSPECIFIED.,.F.,.F.,.F.,(2,2),(2,2),(0.,19.177),(0.,1.),
  .PIECEWISE_BEZIER_KNOTS.);
#5437 = CARTESIAN_POINT('',(6.985,-18.4785,2.157));
#5438 = CARTESIAN_POINT('',(6.91,-18.4035,2.157));
#5439 = CARTESIAN_POINT('',(6.985,0.6985,2.157));
#5440 = CARTESIAN_POINT('',(6.91,0.6235,2.157));
#5441 = ADVANCED_FACE('',(#5442),#5494,.F.);
#5442 = FACE_BOUND('',#5443,.F.);
#5443 = EDGE_LOOP('',(#5444,#5445,#5446,#5454,#5463,#5471,#5479,#5487));
#5444 = ORIENTED_EDGE('',*,*,#3993,.T.);
#5445 = ORIENTED_EDGE('',*,*,#3931,.T.);
#5446 = ORIENTED_EDGE('',*,*,#5447,.F.);
#5447 = EDGE_CURVE('',#5448,#3932,#5450,.T.);
#5448 = VERTEX_POINT('',#5449);
#5449 = CARTESIAN_POINT('',(7.366,-13.462,2.157));
#5450 = LINE('',#5451,#5452);
#5451 = CARTESIAN_POINT('',(7.62,-13.462,2.157));
#5452 = VECTOR('',#5453,1.);
#5453 = DIRECTION('',(-1.,-3.216245299353E-16,0.));
#5454 = ORIENTED_EDGE('',*,*,#5455,.T.);
#5455 = EDGE_CURVE('',#5448,#5456,#5458,.T.);
#5456 = VERTEX_POINT('',#5457);
#5457 = CARTESIAN_POINT('',(7.747,-13.462,1.776));
#5458 = CIRCLE('',#5459,0.381);
#5459 = AXIS2_PLACEMENT_3D('',#5460,#5461,#5462);
#5460 = CARTESIAN_POINT('',(7.366,-13.462,1.776));
#5461 = DIRECTION('',(-3.216245299353E-16,1.,0.));
#5462 = DIRECTION('',(0.,0.,1.));
#5463 = ORIENTED_EDGE('',*,*,#5464,.T.);
#5464 = EDGE_CURVE('',#5456,#5465,#5467,.T.);
#5465 = VERTEX_POINT('',#5466);
#5466 = CARTESIAN_POINT('',(7.747,-13.462,0.));
#5467 = LINE('',#5468,#5469);
#5468 = CARTESIAN_POINT('',(7.747,-13.462,2.157));
#5469 = VECTOR('',#5470,1.);
#5470 = DIRECTION('',(-1.324339206003E-31,4.11765609504E-16,-1.));
#5471 = ORIENTED_EDGE('',*,*,#5472,.T.);
#5472 = EDGE_CURVE('',#5465,#5473,#5475,.T.);
#5473 = VERTEX_POINT('',#5474);
#5474 = CARTESIAN_POINT('',(7.493,-13.462,0.));
#5475 = LINE('',#5476,#5477);
#5476 = CARTESIAN_POINT('',(7.747,-13.462,0.));
#5477 = VECTOR('',#5478,1.);
#5478 = DIRECTION('',(-1.,-3.216245299353E-16,0.));
#5479 = ORIENTED_EDGE('',*,*,#5480,.F.);
#5480 = EDGE_CURVE('',#5481,#5473,#5483,.T.);
#5481 = VERTEX_POINT('',#5482);
#5482 = CARTESIAN_POINT('',(7.493,-13.462,1.776));
#5483 = LINE('',#5484,#5485);
#5484 = CARTESIAN_POINT('',(7.493,-13.462,2.157));
#5485 = VECTOR('',#5486,1.);
#5486 = DIRECTION('',(-1.324339206003E-31,4.11765609504E-16,-1.));
#5487 = ORIENTED_EDGE('',*,*,#5488,.T.);
#5488 = EDGE_CURVE('',#5481,#3994,#5489,.T.);
#5489 = CIRCLE('',#5490,0.127);
#5490 = AXIS2_PLACEMENT_3D('',#5491,#5492,#5493);
#5491 = CARTESIAN_POINT('',(7.366,-13.462,1.776));
#5492 = DIRECTION('',(3.216245299353E-16,-1.,0.));
#5493 = DIRECTION('',(0.,0.,-1.));
#5494 = PLANE('',#5495);
#5495 = AXIS2_PLACEMENT_3D('',#5496,#5497,#5498);
#5496 = CARTESIAN_POINT('',(0.254,-13.462,2.157));
#5497 = DIRECTION('',(-4.440892098501E-16,1.,0.));
#5498 = DIRECTION('',(0.,0.,1.));
#5499 = ADVANCED_FACE('',(#5500),#5552,.T.);
#5500 = FACE_BOUND('',#5501,.T.);
#5501 = EDGE_LOOP('',(#5502,#5503,#5504,#5512,#5521,#5529,#5537,#5545));
#5502 = ORIENTED_EDGE('',*,*,#4015,.F.);
#5503 = ORIENTED_EDGE('',*,*,#3953,.T.);
#5504 = ORIENTED_EDGE('',*,*,#5505,.T.);
#5505 = EDGE_CURVE('',#3954,#5506,#5508,.T.);
#5506 = VERTEX_POINT('',#5507);
#5507 = CARTESIAN_POINT('',(7.366,-4.318,2.157));
#5508 = LINE('',#5509,#5510);
#5509 = CARTESIAN_POINT('',(3.683,-4.318,2.157));
#5510 = VECTOR('',#5511,1.);
#5511 = DIRECTION('',(1.,3.216245299353E-16,0.));
#5512 = ORIENTED_EDGE('',*,*,#5513,.T.);
#5513 = EDGE_CURVE('',#5506,#5514,#5516,.T.);
#5514 = VERTEX_POINT('',#5515);
#5515 = CARTESIAN_POINT('',(7.747,-4.318,1.776));
#5516 = CIRCLE('',#5517,0.381);
#5517 = AXIS2_PLACEMENT_3D('',#5518,#5519,#5520);
#5518 = CARTESIAN_POINT('',(7.366,-4.318,1.776));
#5519 = DIRECTION('',(-3.216245299353E-16,1.,0.));
#5520 = DIRECTION('',(0.,0.,1.));
#5521 = ORIENTED_EDGE('',*,*,#5522,.F.);
#5522 = EDGE_CURVE('',#5523,#5514,#5525,.T.);
#5523 = VERTEX_POINT('',#5524);
#5524 = CARTESIAN_POINT('',(7.747,-4.318,0.));
#5525 = LINE('',#5526,#5527);
#5526 = CARTESIAN_POINT('',(7.747,-4.318,0.));
#5527 = VECTOR('',#5528,1.);
#5528 = DIRECTION('',(-1.324339206003E-31,4.11765609504E-16,1.));
#5529 = ORIENTED_EDGE('',*,*,#5530,.T.);
#5530 = EDGE_CURVE('',#5523,#5531,#5533,.T.);
#5531 = VERTEX_POINT('',#5532);
#5532 = CARTESIAN_POINT('',(7.493,-4.318,0.));
#5533 = LINE('',#5534,#5535);
#5534 = CARTESIAN_POINT('',(7.747,-4.318,0.));
#5535 = VECTOR('',#5536,1.);
#5536 = DIRECTION('',(-1.,-3.216245299353E-16,0.));
#5537 = ORIENTED_EDGE('',*,*,#5538,.T.);
#5538 = EDGE_CURVE('',#5531,#5539,#5541,.T.);
#5539 = VERTEX_POINT('',#5540);
#5540 = CARTESIAN_POINT('',(7.493,-4.318,1.776));
#5541 = LINE('',#5542,#5543);
#5542 = CARTESIAN_POINT('',(7.493,-4.318,0.));
#5543 = VECTOR('',#5544,1.);
#5544 = DIRECTION('',(-1.324339206003E-31,4.11765609504E-16,1.));
#5545 = ORIENTED_EDGE('',*,*,#5546,.T.);
#5546 = EDGE_CURVE('',#5539,#4016,#5547,.T.);
#5547 = CIRCLE('',#5548,0.127);
#5548 = AXIS2_PLACEMENT_3D('',#5549,#5550,#5551);
#5549 = CARTESIAN_POINT('',(7.366,-4.318,1.776));
#5550 = DIRECTION('',(3.216245299353E-16,-1.,0.));
#5551 = DIRECTION('',(0.,0.,-1.));
#5552 = PLANE('',#5553);
#5553 = AXIS2_PLACEMENT_3D('',#5554,#5555,#5556);
#5554 = CARTESIAN_POINT('',(0.254,-4.318,2.157));
#5555 = DIRECTION('',(-4.440892098501E-16,1.,0.));
#5556 = DIRECTION('',(0.,0.,1.));
#5557 = ADVANCED_FACE('',(#5558),#5583,.T.);
#5558 = FACE_BOUND('',#5559,.T.);
#5559 = EDGE_LOOP('',(#5560,#5568,#5569,#5577));
#5560 = ORIENTED_EDGE('',*,*,#5561,.T.);
#5561 = EDGE_CURVE('',#5562,#3954,#5564,.T.);
#5562 = VERTEX_POINT('',#5563);
#5563 = CARTESIAN_POINT('',(6.91,-4.318,2.157));
#5564 = LINE('',#5565,#5566);
#5565 = CARTESIAN_POINT('',(3.683,-4.318,2.157));
#5566 = VECTOR('',#5567,1.);
#5567 = DIRECTION('',(1.,3.216245299353E-16,0.));
#5568 = ORIENTED_EDGE('',*,*,#3970,.T.);
#5569 = ORIENTED_EDGE('',*,*,#5570,.T.);
#5570 = EDGE_CURVE('',#3963,#5571,#5573,.T.);
#5571 = VERTEX_POINT('',#5572);
#5572 = CARTESIAN_POINT('',(6.91,-3.302,2.157));
#5573 = LINE('',#5574,#5575);
#5574 = CARTESIAN_POINT('',(7.62,-3.302,2.157));
#5575 = VECTOR('',#5576,1.);
#5576 = DIRECTION('',(-1.,-3.216245299353E-16,0.));
#5577 = ORIENTED_EDGE('',*,*,#5578,.F.);
#5578 = EDGE_CURVE('',#5562,#5571,#5579,.T.);
#5579 = LINE('',#5580,#5581);
#5580 = CARTESIAN_POINT('',(6.91,-18.4035,2.157));
#5581 = VECTOR('',#5582,1.);
#5582 = DIRECTION('',(-4.440892098501E-16,1.,0.));
#5583 = B_SPLINE_SURFACE_WITH_KNOTS('',1,1,(
    (#5584,#5585)
    ,(#5586,#5587
    )),.UNSPECIFIED.,.F.,.F.,.F.,(2,2),(2,2),(0.,19.177),(0.,1.),
  .PIECEWISE_BEZIER_KNOTS.);
#5584 = CARTESIAN_POINT('',(6.985,-18.4785,2.157));
#5585 = CARTESIAN_POINT('',(6.91,-18.4035,2.157));
#5586 = CARTESIAN_POINT('',(6.985,0.6985,2.157));
#5587 = CARTESIAN_POINT('',(6.91,0.6235,2.157));
#5588 = ADVANCED_FACE('',(#5589),#5641,.T.);
#5589 = FACE_BOUND('',#5590,.T.);
#5590 = EDGE_LOOP('',(#5591,#5592,#5593,#5601,#5610,#5618,#5626,#5634));
#5591 = ORIENTED_EDGE('',*,*,#3984,.F.);
#5592 = ORIENTED_EDGE('',*,*,#4046,.T.);
#5593 = ORIENTED_EDGE('',*,*,#5594,.T.);
#5594 = EDGE_CURVE('',#4047,#5595,#5597,.T.);
#5595 = VERTEX_POINT('',#5596);
#5596 = CARTESIAN_POINT('',(7.366,-11.938,2.157));
#5597 = LINE('',#5598,#5599);
#5598 = CARTESIAN_POINT('',(3.683,-11.938,2.157));
#5599 = VECTOR('',#5600,1.);
#5600 = DIRECTION('',(1.,3.216245299353E-16,0.));
#5601 = ORIENTED_EDGE('',*,*,#5602,.T.);
#5602 = EDGE_CURVE('',#5595,#5603,#5605,.T.);
#5603 = VERTEX_POINT('',#5604);
#5604 = CARTESIAN_POINT('',(7.747,-11.938,1.776));
#5605 = CIRCLE('',#5606,0.381);
#5606 = AXIS2_PLACEMENT_3D('',#5607,#5608,#5609);
#5607 = CARTESIAN_POINT('',(7.366,-11.938,1.776));
#5608 = DIRECTION('',(-3.216245299353E-16,1.,0.));
#5609 = DIRECTION('',(0.,0.,1.));
#5610 = ORIENTED_EDGE('',*,*,#5611,.F.);
#5611 = EDGE_CURVE('',#5612,#5603,#5614,.T.);
#5612 = VERTEX_POINT('',#5613);
#5613 = CARTESIAN_POINT('',(7.747,-11.938,0.));
#5614 = LINE('',#5615,#5616);
#5615 = CARTESIAN_POINT('',(7.747,-11.938,0.));
#5616 = VECTOR('',#5617,1.);
#5617 = DIRECTION('',(-1.324339206003E-31,4.11765609504E-16,1.));
#5618 = ORIENTED_EDGE('',*,*,#5619,.T.);
#5619 = EDGE_CURVE('',#5612,#5620,#5622,.T.);
#5620 = VERTEX_POINT('',#5621);
#5621 = CARTESIAN_POINT('',(7.493,-11.938,0.));
#5622 = LINE('',#5623,#5624);
#5623 = CARTESIAN_POINT('',(7.747,-11.938,0.));
#5624 = VECTOR('',#5625,1.);
#5625 = DIRECTION('',(-1.,-3.216245299353E-16,0.));
#5626 = ORIENTED_EDGE('',*,*,#5627,.T.);
#5627 = EDGE_CURVE('',#5620,#5628,#5630,.T.);
#5628 = VERTEX_POINT('',#5629);
#5629 = CARTESIAN_POINT('',(7.493,-11.938,1.776));
#5630 = LINE('',#5631,#5632);
#5631 = CARTESIAN_POINT('',(7.493,-11.938,0.));
#5632 = VECTOR('',#5633,1.);
#5633 = DIRECTION('',(-1.324339206003E-31,4.11765609504E-16,1.));
#5634 = ORIENTED_EDGE('',*,*,#5635,.T.);
#5635 = EDGE_CURVE('',#5628,#3985,#5636,.T.);
#5636 = CIRCLE('',#5637,0.127);
#5637 = AXIS2_PLACEMENT_3D('',#5638,#5639,#5640);
#5638 = CARTESIAN_POINT('',(7.366,-11.938,1.776));
#5639 = DIRECTION('',(3.216245299353E-16,-1.,0.));
#5640 = DIRECTION('',(0.,0.,-1.));
#5641 = PLANE('',#5642);
#5642 = AXIS2_PLACEMENT_3D('',#5643,#5644,#5645);
#5643 = CARTESIAN_POINT('',(0.254,-11.938,2.157));
#5644 = DIRECTION('',(-4.440892098501E-16,1.,0.));
#5645 = DIRECTION('',(0.,0.,1.));
#5646 = ADVANCED_FACE('',(#5647),#5658,.F.);
#5647 = FACE_BOUND('',#5648,.F.);
#5648 = EDGE_LOOP('',(#5649,#5655,#5656,#5657));
#5649 = ORIENTED_EDGE('',*,*,#5650,.T.);
#5650 = EDGE_CURVE('',#5481,#5628,#5651,.T.);
#5651 = LINE('',#5652,#5653);
#5652 = CARTESIAN_POINT('',(7.493,-13.462,1.776));
#5653 = VECTOR('',#5654,1.);
#5654 = DIRECTION('',(-3.216245299353E-16,1.,0.));
#5655 = ORIENTED_EDGE('',*,*,#5635,.T.);
#5656 = ORIENTED_EDGE('',*,*,#4001,.F.);
#5657 = ORIENTED_EDGE('',*,*,#5488,.F.);
#5658 = CYLINDRICAL_SURFACE('',#5659,0.127);
#5659 = AXIS2_PLACEMENT_3D('',#5660,#5661,#5662);
#5660 = CARTESIAN_POINT('',(7.366,-13.462,1.776));
#5661 = DIRECTION('',(-3.216245299353E-16,1.,0.));
#5662 = DIRECTION('',(1.,3.216245299353E-16,0.));
#5663 = ADVANCED_FACE('',(#5664),#5683,.F.);
#5664 = FACE_BOUND('',#5665,.F.);
#5665 = EDGE_LOOP('',(#5666,#5674,#5675,#5676));
#5666 = ORIENTED_EDGE('',*,*,#5667,.T.);
#5667 = EDGE_CURVE('',#5668,#5539,#5670,.T.);
#5668 = VERTEX_POINT('',#5669);
#5669 = CARTESIAN_POINT('',(7.493,-5.842,1.776));
#5670 = LINE('',#5671,#5672);
#5671 = CARTESIAN_POINT('',(7.493,-5.842,1.776));
#5672 = VECTOR('',#5673,1.);
#5673 = DIRECTION('',(-3.216245299353E-16,1.,0.));
#5674 = ORIENTED_EDGE('',*,*,#5546,.T.);
#5675 = ORIENTED_EDGE('',*,*,#4032,.F.);
#5676 = ORIENTED_EDGE('',*,*,#5677,.F.);
#5677 = EDGE_CURVE('',#5668,#4025,#5678,.T.);
#5678 = CIRCLE('',#5679,0.127);
#5679 = AXIS2_PLACEMENT_3D('',#5680,#5681,#5682);
#5680 = CARTESIAN_POINT('',(7.366,-5.842,1.776));
#5681 = DIRECTION('',(3.216245299353E-16,-1.,0.));
#5682 = DIRECTION('',(0.,0.,-1.));
#5683 = CYLINDRICAL_SURFACE('',#5684,0.127);
#5684 = AXIS2_PLACEMENT_3D('',#5685,#5686,#5687);
#5685 = CARTESIAN_POINT('',(7.366,-5.842,1.776));
#5686 = DIRECTION('',(-3.216245299353E-16,1.,0.));
#5687 = DIRECTION('',(1.,3.216245299353E-16,0.));
#5688 = ADVANCED_FACE('',(#5689),#5733,.F.);
#5689 = FACE_BOUND('',#5690,.F.);
#5690 = EDGE_LOOP('',(#5691,#5692,#5693,#5701,#5710,#5718,#5726,#5732));
#5691 = ORIENTED_EDGE('',*,*,#4024,.T.);
#5692 = ORIENTED_EDGE('',*,*,#4086,.T.);
#5693 = ORIENTED_EDGE('',*,*,#5694,.F.);
#5694 = EDGE_CURVE('',#5695,#4087,#5697,.T.);
#5695 = VERTEX_POINT('',#5696);
#5696 = CARTESIAN_POINT('',(7.366,-5.842,2.157));
#5697 = LINE('',#5698,#5699);
#5698 = CARTESIAN_POINT('',(7.62,-5.842,2.157));
#5699 = VECTOR('',#5700,1.);
#5700 = DIRECTION('',(-1.,-3.216245299353E-16,0.));
#5701 = ORIENTED_EDGE('',*,*,#5702,.T.);
#5702 = EDGE_CURVE('',#5695,#5703,#5705,.T.);
#5703 = VERTEX_POINT('',#5704);
#5704 = CARTESIAN_POINT('',(7.747,-5.842,1.776));
#5705 = CIRCLE('',#5706,0.381);
#5706 = AXIS2_PLACEMENT_3D('',#5707,#5708,#5709);
#5707 = CARTESIAN_POINT('',(7.366,-5.842,1.776));
#5708 = DIRECTION('',(-3.216245299353E-16,1.,0.));
#5709 = DIRECTION('',(0.,0.,1.));
#5710 = ORIENTED_EDGE('',*,*,#5711,.T.);
#5711 = EDGE_CURVE('',#5703,#5712,#5714,.T.);
#5712 = VERTEX_POINT('',#5713);
#5713 = CARTESIAN_POINT('',(7.747,-5.842,0.));
#5714 = LINE('',#5715,#5716);
#5715 = CARTESIAN_POINT('',(7.747,-5.842,2.157));
#5716 = VECTOR('',#5717,1.);
#5717 = DIRECTION('',(-1.324339206003E-31,4.11765609504E-16,-1.));
#5718 = ORIENTED_EDGE('',*,*,#5719,.T.);
#5719 = EDGE_CURVE('',#5712,#5720,#5722,.T.);
#5720 = VERTEX_POINT('',#5721);
#5721 = CARTESIAN_POINT('',(7.493,-5.842,0.));
#5722 = LINE('',#5723,#5724);
#5723 = CARTESIAN_POINT('',(7.747,-5.842,0.));
#5724 = VECTOR('',#5725,1.);
#5725 = DIRECTION('',(-1.,-3.216245299353E-16,0.));
#5726 = ORIENTED_EDGE('',*,*,#5727,.F.);
#5727 = EDGE_CURVE('',#5668,#5720,#5728,.T.);
#5728 = LINE('',#5729,#5730);
#5729 = CARTESIAN_POINT('',(7.493,-5.842,2.157));
#5730 = VECTOR('',#5731,1.);
#5731 = DIRECTION('',(-1.324339206003E-31,4.11765609504E-16,-1.));
#5732 = ORIENTED_EDGE('',*,*,#5677,.T.);
#5733 = PLANE('',#5734);
#5734 = AXIS2_PLACEMENT_3D('',#5735,#5736,#5737);
#5735 = CARTESIAN_POINT('',(0.254,-5.842,2.157));
#5736 = DIRECTION('',(-4.440892098501E-16,1.,0.));
#5737 = DIRECTION('',(0.,0.,1.));
#5738 = ADVANCED_FACE('',(#5739),#5764,.T.);
#5739 = FACE_BOUND('',#5740,.T.);
#5740 = EDGE_LOOP('',(#5741,#5749,#5750,#5758));
#5741 = ORIENTED_EDGE('',*,*,#5742,.T.);
#5742 = EDGE_CURVE('',#5743,#4047,#5745,.T.);
#5743 = VERTEX_POINT('',#5744);
#5744 = CARTESIAN_POINT('',(6.91,-11.938,2.157));
#5745 = LINE('',#5746,#5747);
#5746 = CARTESIAN_POINT('',(3.683,-11.938,2.157));
#5747 = VECTOR('',#5748,1.);
#5748 = DIRECTION('',(1.,3.216245299353E-16,0.));
#5749 = ORIENTED_EDGE('',*,*,#4063,.T.);
#5750 = ORIENTED_EDGE('',*,*,#5751,.T.);
#5751 = EDGE_CURVE('',#4056,#5752,#5754,.T.);
#5752 = VERTEX_POINT('',#5753);
#5753 = CARTESIAN_POINT('',(6.91,-10.922,2.157));
#5754 = LINE('',#5755,#5756);
#5755 = CARTESIAN_POINT('',(7.62,-10.922,2.157));
#5756 = VECTOR('',#5757,1.);
#5757 = DIRECTION('',(-1.,-3.216245299353E-16,0.));
#5758 = ORIENTED_EDGE('',*,*,#5759,.F.);
#5759 = EDGE_CURVE('',#5743,#5752,#5760,.T.);
#5760 = LINE('',#5761,#5762);
#5761 = CARTESIAN_POINT('',(6.91,-18.4035,2.157));
#5762 = VECTOR('',#5763,1.);
#5763 = DIRECTION('',(-4.440892098501E-16,1.,0.));
#5764 = B_SPLINE_SURFACE_WITH_KNOTS('',1,1,(
    (#5765,#5766)
    ,(#5767,#5768
    )),.UNSPECIFIED.,.F.,.F.,.F.,(2,2),(2,2),(0.,19.177),(0.,1.),
  .PIECEWISE_BEZIER_KNOTS.);
#5765 = CARTESIAN_POINT('',(6.985,-18.4785,2.157));
#5766 = CARTESIAN_POINT('',(6.91,-18.4035,2.157));
#5767 = CARTESIAN_POINT('',(6.985,0.6985,2.157));
#5768 = CARTESIAN_POINT('',(6.91,0.6235,2.157));
#5769 = ADVANCED_FACE('',(#5770),#5822,.F.);
#5770 = FACE_BOUND('',#5771,.F.);
#5771 = EDGE_LOOP('',(#5772,#5773,#5774,#5782,#5791,#5799,#5807,#5815));
#5772 = ORIENTED_EDGE('',*,*,#4117,.T.);
#5773 = ORIENTED_EDGE('',*,*,#4055,.T.);
#5774 = ORIENTED_EDGE('',*,*,#5775,.F.);
#5775 = EDGE_CURVE('',#5776,#4056,#5778,.T.);
#5776 = VERTEX_POINT('',#5777);
#5777 = CARTESIAN_POINT('',(7.366,-10.922,2.157));
#5778 = LINE('',#5779,#5780);
#5779 = CARTESIAN_POINT('',(7.62,-10.922,2.157));
#5780 = VECTOR('',#5781,1.);
#5781 = DIRECTION('',(-1.,-3.216245299353E-16,0.));
#5782 = ORIENTED_EDGE('',*,*,#5783,.T.);
#5783 = EDGE_CURVE('',#5776,#5784,#5786,.T.);
#5784 = VERTEX_POINT('',#5785);
#5785 = CARTESIAN_POINT('',(7.747,-10.922,1.776));
#5786 = CIRCLE('',#5787,0.381);
#5787 = AXIS2_PLACEMENT_3D('',#5788,#5789,#5790);
#5788 = CARTESIAN_POINT('',(7.366,-10.922,1.776));
#5789 = DIRECTION('',(-3.216245299353E-16,1.,0.));
#5790 = DIRECTION('',(0.,0.,1.));
#5791 = ORIENTED_EDGE('',*,*,#5792,.T.);
#5792 = EDGE_CURVE('',#5784,#5793,#5795,.T.);
#5793 = VERTEX_POINT('',#5794);
#5794 = CARTESIAN_POINT('',(7.747,-10.922,0.));
#5795 = LINE('',#5796,#5797);
#5796 = CARTESIAN_POINT('',(7.747,-10.922,2.157));
#5797 = VECTOR('',#5798,1.);
#5798 = DIRECTION('',(-1.324339206003E-31,4.11765609504E-16,-1.));
#5799 = ORIENTED_EDGE('',*,*,#5800,.T.);
#5800 = EDGE_CURVE('',#5793,#5801,#5803,.T.);
#5801 = VERTEX_POINT('',#5802);
#5802 = CARTESIAN_POINT('',(7.493,-10.922,0.));
#5803 = LINE('',#5804,#5805);
#5804 = CARTESIAN_POINT('',(7.747,-10.922,0.));
#5805 = VECTOR('',#5806,1.);
#5806 = DIRECTION('',(-1.,-3.216245299353E-16,0.));
#5807 = ORIENTED_EDGE('',*,*,#5808,.F.);
#5808 = EDGE_CURVE('',#5809,#5801,#5811,.T.);
#5809 = VERTEX_POINT('',#5810);
#5810 = CARTESIAN_POINT('',(7.493,-10.922,1.776));
#5811 = LINE('',#5812,#5813);
#5812 = CARTESIAN_POINT('',(7.493,-10.922,2.157));
#5813 = VECTOR('',#5814,1.);
#5814 = DIRECTION('',(-1.324339206003E-31,4.11765609504E-16,-1.));
#5815 = ORIENTED_EDGE('',*,*,#5816,.T.);
#5816 = EDGE_CURVE('',#5809,#4118,#5817,.T.);
#5817 = CIRCLE('',#5818,0.127);
#5818 = AXIS2_PLACEMENT_3D('',#5819,#5820,#5821);
#5819 = CARTESIAN_POINT('',(7.366,-10.922,1.776));
#5820 = DIRECTION('',(3.216245299353E-16,-1.,0.));
#5821 = DIRECTION('',(0.,0.,-1.));
#5822 = PLANE('',#5823);
#5823 = AXIS2_PLACEMENT_3D('',#5824,#5825,#5826);
#5824 = CARTESIAN_POINT('',(0.254,-10.922,2.157));
#5825 = DIRECTION('',(-4.440892098501E-16,1.,0.));
#5826 = DIRECTION('',(0.,0.,1.));
#5827 = ADVANCED_FACE('',(#5828),#5880,.T.);
#5828 = FACE_BOUND('',#5829,.T.);
#5829 = EDGE_LOOP('',(#5830,#5831,#5832,#5840,#5849,#5857,#5865,#5873));
#5830 = ORIENTED_EDGE('',*,*,#4139,.F.);
#5831 = ORIENTED_EDGE('',*,*,#4077,.T.);
#5832 = ORIENTED_EDGE('',*,*,#5833,.T.);
#5833 = EDGE_CURVE('',#4078,#5834,#5836,.T.);
#5834 = VERTEX_POINT('',#5835);
#5835 = CARTESIAN_POINT('',(7.366,-6.858,2.157));
#5836 = LINE('',#5837,#5838);
#5837 = CARTESIAN_POINT('',(3.683,-6.858,2.157));
#5838 = VECTOR('',#5839,1.);
#5839 = DIRECTION('',(1.,3.216245299353E-16,0.));
#5840 = ORIENTED_EDGE('',*,*,#5841,.T.);
#5841 = EDGE_CURVE('',#5834,#5842,#5844,.T.);
#5842 = VERTEX_POINT('',#5843);
#5843 = CARTESIAN_POINT('',(7.747,-6.858,1.776));
#5844 = CIRCLE('',#5845,0.381);
#5845 = AXIS2_PLACEMENT_3D('',#5846,#5847,#5848);
#5846 = CARTESIAN_POINT('',(7.366,-6.858,1.776));
#5847 = DIRECTION('',(-3.216245299353E-16,1.,0.));
#5848 = DIRECTION('',(0.,0.,1.));
#5849 = ORIENTED_EDGE('',*,*,#5850,.F.);
#5850 = EDGE_CURVE('',#5851,#5842,#5853,.T.);
#5851 = VERTEX_POINT('',#5852);
#5852 = CARTESIAN_POINT('',(7.747,-6.858,0.));
#5853 = LINE('',#5854,#5855);
#5854 = CARTESIAN_POINT('',(7.747,-6.858,0.));
#5855 = VECTOR('',#5856,1.);
#5856 = DIRECTION('',(-1.324339206003E-31,4.11765609504E-16,1.));
#5857 = ORIENTED_EDGE('',*,*,#5858,.T.);
#5858 = EDGE_CURVE('',#5851,#5859,#5861,.T.);
#5859 = VERTEX_POINT('',#5860);
#5860 = CARTESIAN_POINT('',(7.493,-6.858,0.));
#5861 = LINE('',#5862,#5863);
#5862 = CARTESIAN_POINT('',(7.747,-6.858,0.));
#5863 = VECTOR('',#5864,1.);
#5864 = DIRECTION('',(-1.,-3.216245299353E-16,0.));
#5865 = ORIENTED_EDGE('',*,*,#5866,.T.);
#5866 = EDGE_CURVE('',#5859,#5867,#5869,.T.);
#5867 = VERTEX_POINT('',#5868);
#5868 = CARTESIAN_POINT('',(7.493,-6.858,1.776));
#5869 = LINE('',#5870,#5871);
#5870 = CARTESIAN_POINT('',(7.493,-6.858,0.));
#5871 = VECTOR('',#5872,1.);
#5872 = DIRECTION('',(-1.324339206003E-31,4.11765609504E-16,1.));
#5873 = ORIENTED_EDGE('',*,*,#5874,.T.);
#5874 = EDGE_CURVE('',#5867,#4140,#5875,.T.);
#5875 = CIRCLE('',#5876,0.127);
#5876 = AXIS2_PLACEMENT_3D('',#5877,#5878,#5879);
#5877 = CARTESIAN_POINT('',(7.366,-6.858,1.776));
#5878 = DIRECTION('',(3.216245299353E-16,-1.,0.));
#5879 = DIRECTION('',(0.,0.,-1.));
#5880 = PLANE('',#5881);
#5881 = AXIS2_PLACEMENT_3D('',#5882,#5883,#5884);
#5882 = CARTESIAN_POINT('',(0.254,-6.858,2.157));
#5883 = DIRECTION('',(-4.440892098501E-16,1.,0.));
#5884 = DIRECTION('',(0.,0.,1.));
#5885 = ADVANCED_FACE('',(#5886),#5911,.T.);
#5886 = FACE_BOUND('',#5887,.T.);
#5887 = EDGE_LOOP('',(#5888,#5896,#5897,#5905));
#5888 = ORIENTED_EDGE('',*,*,#5889,.T.);
#5889 = EDGE_CURVE('',#5890,#4078,#5892,.T.);
#5890 = VERTEX_POINT('',#5891);
#5891 = CARTESIAN_POINT('',(6.91,-6.858,2.157));
#5892 = LINE('',#5893,#5894);
#5893 = CARTESIAN_POINT('',(3.683,-6.858,2.157));
#5894 = VECTOR('',#5895,1.);
#5895 = DIRECTION('',(1.,3.216245299353E-16,0.));
#5896 = ORIENTED_EDGE('',*,*,#4094,.T.);
#5897 = ORIENTED_EDGE('',*,*,#5898,.T.);
#5898 = EDGE_CURVE('',#4087,#5899,#5901,.T.);
#5899 = VERTEX_POINT('',#5900);
#5900 = CARTESIAN_POINT('',(6.91,-5.842,2.157));
#5901 = LINE('',#5902,#5903);
#5902 = CARTESIAN_POINT('',(7.62,-5.842,2.157));
#5903 = VECTOR('',#5904,1.);
#5904 = DIRECTION('',(-1.,-3.216245299353E-16,0.));
#5905 = ORIENTED_EDGE('',*,*,#5906,.F.);
#5906 = EDGE_CURVE('',#5890,#5899,#5907,.T.);
#5907 = LINE('',#5908,#5909);
#5908 = CARTESIAN_POINT('',(6.91,-18.4035,2.157));
#5909 = VECTOR('',#5910,1.);
#5910 = DIRECTION('',(-4.440892098501E-16,1.,0.));
#5911 = B_SPLINE_SURFACE_WITH_KNOTS('',1,1,(
    (#5912,#5913)
    ,(#5914,#5915
    )),.UNSPECIFIED.,.F.,.F.,.F.,(2,2),(2,2),(0.,19.177),(0.,1.),
  .PIECEWISE_BEZIER_KNOTS.);
#5912 = CARTESIAN_POINT('',(6.985,-18.4785,2.157));
#5913 = CARTESIAN_POINT('',(6.91,-18.4035,2.157));
#5914 = CARTESIAN_POINT('',(6.985,0.6985,2.157));
#5915 = CARTESIAN_POINT('',(6.91,0.6235,2.157));
#5916 = ADVANCED_FACE('',(#5917),#5969,.T.);
#5917 = FACE_BOUND('',#5918,.T.);
#5918 = EDGE_LOOP('',(#5919,#5920,#5921,#5929,#5938,#5946,#5954,#5962));
#5919 = ORIENTED_EDGE('',*,*,#4108,.F.);
#5920 = ORIENTED_EDGE('',*,*,#4170,.T.);
#5921 = ORIENTED_EDGE('',*,*,#5922,.T.);
#5922 = EDGE_CURVE('',#4171,#5923,#5925,.T.);
#5923 = VERTEX_POINT('',#5924);
#5924 = CARTESIAN_POINT('',(7.366,-9.398,2.157));
#5925 = LINE('',#5926,#5927);
#5926 = CARTESIAN_POINT('',(3.683,-9.398,2.157));
#5927 = VECTOR('',#5928,1.);
#5928 = DIRECTION('',(1.,3.216245299353E-16,0.));
#5929 = ORIENTED_EDGE('',*,*,#5930,.T.);
#5930 = EDGE_CURVE('',#5923,#5931,#5933,.T.);
#5931 = VERTEX_POINT('',#5932);
#5932 = CARTESIAN_POINT('',(7.747,-9.398,1.776));
#5933 = CIRCLE('',#5934,0.381);
#5934 = AXIS2_PLACEMENT_3D('',#5935,#5936,#5937);
#5935 = CARTESIAN_POINT('',(7.366,-9.398,1.776));
#5936 = DIRECTION('',(-3.216245299353E-16,1.,0.));
#5937 = DIRECTION('',(0.,0.,1.));
#5938 = ORIENTED_EDGE('',*,*,#5939,.F.);
#5939 = EDGE_CURVE('',#5940,#5931,#5942,.T.);
#5940 = VERTEX_POINT('',#5941);
#5941 = CARTESIAN_POINT('',(7.747,-9.398,0.));
#5942 = LINE('',#5943,#5944);
#5943 = CARTESIAN_POINT('',(7.747,-9.398,0.));
#5944 = VECTOR('',#5945,1.);
#5945 = DIRECTION('',(-1.324339206003E-31,4.11765609504E-16,1.));
#5946 = ORIENTED_EDGE('',*,*,#5947,.T.);
#5947 = EDGE_CURVE('',#5940,#5948,#5950,.T.);
#5948 = VERTEX_POINT('',#5949);
#5949 = CARTESIAN_POINT('',(7.493,-9.398,0.));
#5950 = LINE('',#5951,#5952);
#5951 = CARTESIAN_POINT('',(7.747,-9.398,0.));
#5952 = VECTOR('',#5953,1.);
#5953 = DIRECTION('',(-1.,-3.216245299353E-16,0.));
#5954 = ORIENTED_EDGE('',*,*,#5955,.T.);
#5955 = EDGE_CURVE('',#5948,#5956,#5958,.T.);
#5956 = VERTEX_POINT('',#5957);
#5957 = CARTESIAN_POINT('',(7.493,-9.398,1.776));
#5958 = LINE('',#5959,#5960);
#5959 = CARTESIAN_POINT('',(7.493,-9.398,0.));
#5960 = VECTOR('',#5961,1.);
#5961 = DIRECTION('',(-1.324339206003E-31,4.11765609504E-16,1.));
#5962 = ORIENTED_EDGE('',*,*,#5963,.T.);
#5963 = EDGE_CURVE('',#5956,#4109,#5964,.T.);
#5964 = CIRCLE('',#5965,0.127);
#5965 = AXIS2_PLACEMENT_3D('',#5966,#5967,#5968);
#5966 = CARTESIAN_POINT('',(7.366,-9.398,1.776));
#5967 = DIRECTION('',(3.216245299353E-16,-1.,0.));
#5968 = DIRECTION('',(0.,0.,-1.));
#5969 = PLANE('',#5970);
#5970 = AXIS2_PLACEMENT_3D('',#5971,#5972,#5973);
#5971 = CARTESIAN_POINT('',(0.254,-9.398,2.157));
#5972 = DIRECTION('',(-4.440892098501E-16,1.,0.));
#5973 = DIRECTION('',(0.,0.,1.));
#5974 = ADVANCED_FACE('',(#5975),#5986,.F.);
#5975 = FACE_BOUND('',#5976,.F.);
#5976 = EDGE_LOOP('',(#5977,#5983,#5984,#5985));
#5977 = ORIENTED_EDGE('',*,*,#5978,.T.);
#5978 = EDGE_CURVE('',#5809,#5956,#5979,.T.);
#5979 = LINE('',#5980,#5981);
#5980 = CARTESIAN_POINT('',(7.493,-10.922,1.776));
#5981 = VECTOR('',#5982,1.);
#5982 = DIRECTION('',(-3.216245299353E-16,1.,0.));
#5983 = ORIENTED_EDGE('',*,*,#5963,.T.);
#5984 = ORIENTED_EDGE('',*,*,#4125,.F.);
#5985 = ORIENTED_EDGE('',*,*,#5816,.F.);
#5986 = CYLINDRICAL_SURFACE('',#5987,0.127);
#5987 = AXIS2_PLACEMENT_3D('',#5988,#5989,#5990);
#5988 = CARTESIAN_POINT('',(7.366,-10.922,1.776));
#5989 = DIRECTION('',(-3.216245299353E-16,1.,0.));
#5990 = DIRECTION('',(1.,3.216245299353E-16,0.));
#5991 = ADVANCED_FACE('',(#5992),#6011,.F.);
#5992 = FACE_BOUND('',#5993,.F.);
#5993 = EDGE_LOOP('',(#5994,#6002,#6003,#6004));
#5994 = ORIENTED_EDGE('',*,*,#5995,.T.);
#5995 = EDGE_CURVE('',#5996,#5867,#5998,.T.);
#5996 = VERTEX_POINT('',#5997);
#5997 = CARTESIAN_POINT('',(7.493,-8.382,1.776));
#5998 = LINE('',#5999,#6000);
#5999 = CARTESIAN_POINT('',(7.493,-8.382,1.776));
#6000 = VECTOR('',#6001,1.);
#6001 = DIRECTION('',(-3.216245299353E-16,1.,0.));
#6002 = ORIENTED_EDGE('',*,*,#5874,.T.);
#6003 = ORIENTED_EDGE('',*,*,#4156,.F.);
#6004 = ORIENTED_EDGE('',*,*,#6005,.F.);
#6005 = EDGE_CURVE('',#5996,#4149,#6006,.T.);
#6006 = CIRCLE('',#6007,0.127);
#6007 = AXIS2_PLACEMENT_3D('',#6008,#6009,#6010);
#6008 = CARTESIAN_POINT('',(7.366,-8.382,1.776));
#6009 = DIRECTION('',(3.216245299353E-16,-1.,0.));
#6010 = DIRECTION('',(0.,0.,-1.));
#6011 = CYLINDRICAL_SURFACE('',#6012,0.127);
#6012 = AXIS2_PLACEMENT_3D('',#6013,#6014,#6015);
#6013 = CARTESIAN_POINT('',(7.366,-8.382,1.776));
#6014 = DIRECTION('',(-3.216245299353E-16,1.,0.));
#6015 = DIRECTION('',(1.,3.216245299353E-16,0.));
#6016 = ADVANCED_FACE('',(#6017),#6061,.F.);
#6017 = FACE_BOUND('',#6018,.F.);
#6018 = EDGE_LOOP('',(#6019,#6020,#6021,#6029,#6038,#6046,#6054,#6060));
#6019 = ORIENTED_EDGE('',*,*,#4148,.T.);
#6020 = ORIENTED_EDGE('',*,*,#4179,.T.);
#6021 = ORIENTED_EDGE('',*,*,#6022,.F.);
#6022 = EDGE_CURVE('',#6023,#4180,#6025,.T.);
#6023 = VERTEX_POINT('',#6024);
#6024 = CARTESIAN_POINT('',(7.366,-8.382,2.157));
#6025 = LINE('',#6026,#6027);
#6026 = CARTESIAN_POINT('',(7.62,-8.382,2.157));
#6027 = VECTOR('',#6028,1.);
#6028 = DIRECTION('',(-1.,-3.216245299353E-16,0.));
#6029 = ORIENTED_EDGE('',*,*,#6030,.T.);
#6030 = EDGE_CURVE('',#6023,#6031,#6033,.T.);
#6031 = VERTEX_POINT('',#6032);
#6032 = CARTESIAN_POINT('',(7.747,-8.382,1.776));
#6033 = CIRCLE('',#6034,0.381);
#6034 = AXIS2_PLACEMENT_3D('',#6035,#6036,#6037);
#6035 = CARTESIAN_POINT('',(7.366,-8.382,1.776));
#6036 = DIRECTION('',(-3.216245299353E-16,1.,0.));
#6037 = DIRECTION('',(0.,0.,1.));
#6038 = ORIENTED_EDGE('',*,*,#6039,.T.);
#6039 = EDGE_CURVE('',#6031,#6040,#6042,.T.);
#6040 = VERTEX_POINT('',#6041);
#6041 = CARTESIAN_POINT('',(7.747,-8.382,0.));
#6042 = LINE('',#6043,#6044);
#6043 = CARTESIAN_POINT('',(7.747,-8.382,2.157));
#6044 = VECTOR('',#6045,1.);
#6045 = DIRECTION('',(-1.324339206003E-31,4.11765609504E-16,-1.));
#6046 = ORIENTED_EDGE('',*,*,#6047,.T.);
#6047 = EDGE_CURVE('',#6040,#6048,#6050,.T.);
#6048 = VERTEX_POINT('',#6049);
#6049 = CARTESIAN_POINT('',(7.493,-8.382,0.));
#6050 = LINE('',#6051,#6052);
#6051 = CARTESIAN_POINT('',(7.747,-8.382,0.));
#6052 = VECTOR('',#6053,1.);
#6053 = DIRECTION('',(-1.,-3.216245299353E-16,0.));
#6054 = ORIENTED_EDGE('',*,*,#6055,.F.);
#6055 = EDGE_CURVE('',#5996,#6048,#6056,.T.);
#6056 = LINE('',#6057,#6058);
#6057 = CARTESIAN_POINT('',(7.493,-8.382,2.157));
#6058 = VECTOR('',#6059,1.);
#6059 = DIRECTION('',(-1.324339206003E-31,4.11765609504E-16,-1.));
#6060 = ORIENTED_EDGE('',*,*,#6005,.T.);
#6061 = PLANE('',#6062);
#6062 = AXIS2_PLACEMENT_3D('',#6063,#6064,#6065);
#6063 = CARTESIAN_POINT('',(0.254,-8.382,2.157));
#6064 = DIRECTION('',(-4.440892098501E-16,1.,0.));
#6065 = DIRECTION('',(0.,0.,1.));
#6066 = ADVANCED_FACE('',(#6067),#6092,.T.);
#6067 = FACE_BOUND('',#6068,.T.);
#6068 = EDGE_LOOP('',(#6069,#6077,#6078,#6086));
#6069 = ORIENTED_EDGE('',*,*,#6070,.T.);
#6070 = EDGE_CURVE('',#6071,#4171,#6073,.T.);
#6071 = VERTEX_POINT('',#6072);
#6072 = CARTESIAN_POINT('',(6.91,-9.398,2.157));
#6073 = LINE('',#6074,#6075);
#6074 = CARTESIAN_POINT('',(3.683,-9.398,2.157));
#6075 = VECTOR('',#6076,1.);
#6076 = DIRECTION('',(1.,3.216245299353E-16,0.));
#6077 = ORIENTED_EDGE('',*,*,#4187,.T.);
#6078 = ORIENTED_EDGE('',*,*,#6079,.T.);
#6079 = EDGE_CURVE('',#4180,#6080,#6082,.T.);
#6080 = VERTEX_POINT('',#6081);
#6081 = CARTESIAN_POINT('',(6.91,-8.382,2.157));
#6082 = LINE('',#6083,#6084);
#6083 = CARTESIAN_POINT('',(7.62,-8.382,2.157));
#6084 = VECTOR('',#6085,1.);
#6085 = DIRECTION('',(-1.,-3.216245299353E-16,0.));
#6086 = ORIENTED_EDGE('',*,*,#6087,.F.);
#6087 = EDGE_CURVE('',#6071,#6080,#6088,.T.);
#6088 = LINE('',#6089,#6090);
#6089 = CARTESIAN_POINT('',(6.91,-18.4035,2.157));
#6090 = VECTOR('',#6091,1.);
#6091 = DIRECTION('',(-4.440892098501E-16,1.,0.));
#6092 = B_SPLINE_SURFACE_WITH_KNOTS('',1,1,(
    (#6093,#6094)
    ,(#6095,#6096
    )),.UNSPECIFIED.,.F.,.F.,.F.,(2,2),(2,2),(0.,19.177),(0.,1.),
  .PIECEWISE_BEZIER_KNOTS.);
#6093 = CARTESIAN_POINT('',(6.985,-18.4785,2.157));
#6094 = CARTESIAN_POINT('',(6.91,-18.4035,2.157));
#6095 = CARTESIAN_POINT('',(6.985,0.6985,2.157));
#6096 = CARTESIAN_POINT('',(6.91,0.6235,2.157));
#6097 = ADVANCED_FACE('',(#6098),#6115,.T.);
#6098 = FACE_BOUND('',#6099,.T.);
#6099 = EDGE_LOOP('',(#6100,#6101,#6108,#6114));
#6100 = ORIENTED_EDGE('',*,*,#4209,.T.);
#6101 = ORIENTED_EDGE('',*,*,#6102,.T.);
#6102 = EDGE_CURVE('',#4203,#6103,#6105,.T.);
#6103 = VERTEX_POINT('',#6104);
#6104 = CARTESIAN_POINT('',(0.71,0.6235,2.157));
#6105 = B_SPLINE_CURVE_WITH_KNOTS('',1,(#6106,#6107),.UNSPECIFIED.,.F.,
  .F.,(2,2),(0.,1.),.PIECEWISE_BEZIER_KNOTS.);
#6106 = CARTESIAN_POINT('',(0.635,0.6985,2.157));
#6107 = CARTESIAN_POINT('',(0.71,0.6235,2.157));
#6108 = ORIENTED_EDGE('',*,*,#6109,.F.);
#6109 = EDGE_CURVE('',#4916,#6103,#6110,.T.);
#6110 = LINE('',#6111,#6112);
#6111 = CARTESIAN_POINT('',(6.91,0.6235,2.157));
#6112 = VECTOR('',#6113,1.);
#6113 = DIRECTION('',(-1.,-4.440892098501E-16,0.));
#6114 = ORIENTED_EDGE('',*,*,#4915,.F.);
#6115 = B_SPLINE_SURFACE_WITH_KNOTS('',1,1,(
    (#6116,#6117)
    ,(#6118,#6119
    )),.UNSPECIFIED.,.F.,.F.,.F.,(2,2),(2,2),(0.,6.35),(0.,1.),
  .PIECEWISE_BEZIER_KNOTS.);
#6116 = CARTESIAN_POINT('',(6.985,0.6985,2.157));
#6117 = CARTESIAN_POINT('',(6.91,0.6235,2.157));
#6118 = CARTESIAN_POINT('',(0.635,0.6985,2.157));
#6119 = CARTESIAN_POINT('',(0.71,0.6235,2.157));
#6120 = ADVANCED_FACE('',(#6121),#6139,.T.);
#6121 = FACE_BOUND('',#6122,.T.);
#6122 = EDGE_LOOP('',(#6123,#6124,#6125,#6133));
#6123 = ORIENTED_EDGE('',*,*,#6102,.F.);
#6124 = ORIENTED_EDGE('',*,*,#4234,.T.);
#6125 = ORIENTED_EDGE('',*,*,#6126,.T.);
#6126 = EDGE_CURVE('',#4227,#6127,#6129,.T.);
#6127 = VERTEX_POINT('',#6128);
#6128 = CARTESIAN_POINT('',(0.71,0.2285,2.157));
#6129 = LINE('',#6130,#6131);
#6130 = CARTESIAN_POINT('',(-0.127,0.2285,2.157));
#6131 = VECTOR('',#6132,1.);
#6132 = DIRECTION('',(1.,4.440892098501E-16,0.));
#6133 = ORIENTED_EDGE('',*,*,#6134,.F.);
#6134 = EDGE_CURVE('',#6103,#6127,#6135,.T.);
#6135 = LINE('',#6136,#6137);
#6136 = CARTESIAN_POINT('',(0.71,0.6235,2.157));
#6137 = VECTOR('',#6138,1.);
#6138 = DIRECTION('',(4.440892098501E-16,-1.,0.));
#6139 = B_SPLINE_SURFACE_WITH_KNOTS('',1,1,(
    (#6140,#6141)
    ,(#6142,#6143
    )),.UNSPECIFIED.,.F.,.F.,.F.,(2,2),(2,2),(0.,19.177),(0.,1.),
  .PIECEWISE_BEZIER_KNOTS.);
#6140 = CARTESIAN_POINT('',(0.635,0.6985,2.157));
#6141 = CARTESIAN_POINT('',(0.71,0.6235,2.157));
#6142 = CARTESIAN_POINT('',(0.635,-18.4785,2.157));
#6143 = CARTESIAN_POINT('',(0.71,-18.4035,2.157));
#6144 = ADVANCED_FACE('',(#6145),#6197,.F.);
#6145 = FACE_BOUND('',#6146,.F.);
#6146 = EDGE_LOOP('',(#6147,#6155,#6164,#6172,#6180,#6188,#6195,#6196));
#6147 = ORIENTED_EDGE('',*,*,#6148,.F.);
#6148 = EDGE_CURVE('',#6149,#4227,#6151,.T.);
#6149 = VERTEX_POINT('',#6150);
#6150 = CARTESIAN_POINT('',(0.254,0.2285,2.157));
#6151 = LINE('',#6152,#6153);
#6152 = CARTESIAN_POINT('',(-0.127,0.2285,2.157));
#6153 = VECTOR('',#6154,1.);
#6154 = DIRECTION('',(1.,4.440892098501E-16,0.));
#6155 = ORIENTED_EDGE('',*,*,#6156,.T.);
#6156 = EDGE_CURVE('',#6149,#6157,#6159,.T.);
#6157 = VERTEX_POINT('',#6158);
#6158 = CARTESIAN_POINT('',(-0.127,0.2285,1.776));
#6159 = CIRCLE('',#6160,0.381);
#6160 = AXIS2_PLACEMENT_3D('',#6161,#6162,#6163);
#6161 = CARTESIAN_POINT('',(0.254,0.2285,1.776));
#6162 = DIRECTION('',(4.440892098501E-16,-1.,0.));
#6163 = DIRECTION('',(0.,0.,1.));
#6164 = ORIENTED_EDGE('',*,*,#6165,.T.);
#6165 = EDGE_CURVE('',#6157,#6166,#6168,.T.);
#6166 = VERTEX_POINT('',#6167);
#6167 = CARTESIAN_POINT('',(-0.127,0.2285,-2.843));
#6168 = LINE('',#6169,#6170);
#6169 = CARTESIAN_POINT('',(-0.127,0.2285,2.157));
#6170 = VECTOR('',#6171,1.);
#6171 = DIRECTION('',(1.577721810442E-31,-3.552713678801E-16,-1.));
#6172 = ORIENTED_EDGE('',*,*,#6173,.T.);
#6173 = EDGE_CURVE('',#6166,#6174,#6176,.T.);
#6174 = VERTEX_POINT('',#6175);
#6175 = CARTESIAN_POINT('',(0.127,0.2285,-2.843));
#6176 = LINE('',#6177,#6178);
#6177 = CARTESIAN_POINT('',(-0.127,0.2285,-2.843));
#6178 = VECTOR('',#6179,1.);
#6179 = DIRECTION('',(1.,4.440892098501E-16,0.));
#6180 = ORIENTED_EDGE('',*,*,#6181,.F.);
#6181 = EDGE_CURVE('',#6182,#6174,#6184,.T.);
#6182 = VERTEX_POINT('',#6183);
#6183 = CARTESIAN_POINT('',(0.127,0.2285,1.776));
#6184 = LINE('',#6185,#6186);
#6185 = CARTESIAN_POINT('',(0.127,0.2285,2.157));
#6186 = VECTOR('',#6187,1.);
#6187 = DIRECTION('',(1.577721810442E-31,-3.552713678801E-16,-1.));
#6188 = ORIENTED_EDGE('',*,*,#6189,.T.);
#6189 = EDGE_CURVE('',#6182,#4279,#6190,.T.);
#6190 = CIRCLE('',#6191,0.127);
#6191 = AXIS2_PLACEMENT_3D('',#6192,#6193,#6194);
#6192 = CARTESIAN_POINT('',(0.254,0.2285,1.776));
#6193 = DIRECTION('',(-4.440892098501E-16,1.,0.));
#6194 = DIRECTION('',(0.,0.,-1.));
#6195 = ORIENTED_EDGE('',*,*,#4278,.T.);
#6196 = ORIENTED_EDGE('',*,*,#4226,.T.);
#6197 = PLANE('',#6198);
#6198 = AXIS2_PLACEMENT_3D('',#6199,#6200,#6201);
#6199 = CARTESIAN_POINT('',(0.254,0.2285,2.157));
#6200 = DIRECTION('',(4.440892098501E-16,-1.,-1.864941563675E-14));
#6201 = DIRECTION('',(-8.282004254289E-30,1.864941563675E-14,-1.));
#6202 = ADVANCED_FACE('',(#6203),#6255,.F.);
#6203 = FACE_BOUND('',#6204,.F.);
#6204 = EDGE_LOOP('',(#6205,#6215,#6224,#6230,#6231,#6232,#6241,#6249));
#6205 = ORIENTED_EDGE('',*,*,#6206,.F.);
#6206 = EDGE_CURVE('',#6207,#6209,#6211,.T.);
#6207 = VERTEX_POINT('',#6208);
#6208 = CARTESIAN_POINT('',(-0.127,-18.0085,1.776));
#6209 = VERTEX_POINT('',#6210);
#6210 = CARTESIAN_POINT('',(-0.127,-18.0085,-2.843));
#6211 = LINE('',#6212,#6213);
#6212 = CARTESIAN_POINT('',(-0.127,-18.0085,2.157));
#6213 = VECTOR('',#6214,1.);
#6214 = DIRECTION('',(-1.577721810442E-31,3.552713678801E-16,-1.));
#6215 = ORIENTED_EDGE('',*,*,#6216,.T.);
#6216 = EDGE_CURVE('',#6207,#6217,#6219,.T.);
#6217 = VERTEX_POINT('',#6218);
#6218 = CARTESIAN_POINT('',(0.254,-18.0085,2.157));
#6219 = CIRCLE('',#6220,0.381);
#6220 = AXIS2_PLACEMENT_3D('',#6221,#6222,#6223);
#6221 = CARTESIAN_POINT('',(0.254,-18.0085,1.776));
#6222 = DIRECTION('',(-4.440892098501E-16,1.,0.));
#6223 = DIRECTION('',(0.,0.,1.));
#6224 = ORIENTED_EDGE('',*,*,#6225,.F.);
#6225 = EDGE_CURVE('',#4249,#6217,#6226,.T.);
#6226 = LINE('',#6227,#6228);
#6227 = CARTESIAN_POINT('',(3.81,-18.0085,2.157));
#6228 = VECTOR('',#6229,1.);
#6229 = DIRECTION('',(-1.,-4.440892098501E-16,0.));
#6230 = ORIENTED_EDGE('',*,*,#4248,.T.);
#6231 = ORIENTED_EDGE('',*,*,#4325,.T.);
#6232 = ORIENTED_EDGE('',*,*,#6233,.F.);
#6233 = EDGE_CURVE('',#6234,#4318,#6236,.T.);
#6234 = VERTEX_POINT('',#6235);
#6235 = CARTESIAN_POINT('',(0.127,-18.0085,1.776));
#6236 = CIRCLE('',#6237,0.127);
#6237 = AXIS2_PLACEMENT_3D('',#6238,#6239,#6240);
#6238 = CARTESIAN_POINT('',(0.254,-18.0085,1.776));
#6239 = DIRECTION('',(-4.440892098501E-16,1.,0.));
#6240 = DIRECTION('',(0.,0.,1.));
#6241 = ORIENTED_EDGE('',*,*,#6242,.T.);
#6242 = EDGE_CURVE('',#6234,#6243,#6245,.T.);
#6243 = VERTEX_POINT('',#6244);
#6244 = CARTESIAN_POINT('',(0.127,-18.0085,-2.843));
#6245 = LINE('',#6246,#6247);
#6246 = CARTESIAN_POINT('',(0.127,-18.0085,2.157));
#6247 = VECTOR('',#6248,1.);
#6248 = DIRECTION('',(-1.577721810442E-31,3.552713678801E-16,-1.));
#6249 = ORIENTED_EDGE('',*,*,#6250,.F.);
#6250 = EDGE_CURVE('',#6209,#6243,#6251,.T.);
#6251 = LINE('',#6252,#6253);
#6252 = CARTESIAN_POINT('',(-0.127,-18.0085,-2.843));
#6253 = VECTOR('',#6254,1.);
#6254 = DIRECTION('',(1.,4.440892098501E-16,0.));
#6255 = PLANE('',#6256);
#6256 = AXIS2_PLACEMENT_3D('',#6257,#6258,#6259);
#6257 = CARTESIAN_POINT('',(-0.127,-18.0085,1.776));
#6258 = DIRECTION('',(-4.440892098501E-16,1.,3.845760639533E-16));
#6259 = DIRECTION('',(1.707860803683E-31,-3.845760639533E-16,1.));
#6260 = ADVANCED_FACE('',(#6261),#6285,.T.);
#6261 = FACE_BOUND('',#6262,.T.);
#6262 = EDGE_LOOP('',(#6263,#6271,#6272,#6279));
#6263 = ORIENTED_EDGE('',*,*,#6264,.T.);
#6264 = EDGE_CURVE('',#6265,#4249,#6267,.T.);
#6265 = VERTEX_POINT('',#6266);
#6266 = CARTESIAN_POINT('',(0.71,-18.0085,2.157));
#6267 = LINE('',#6268,#6269);
#6268 = CARTESIAN_POINT('',(3.81,-18.0085,2.157));
#6269 = VECTOR('',#6270,1.);
#6270 = DIRECTION('',(-1.,-4.440892098501E-16,0.));
#6271 = ORIENTED_EDGE('',*,*,#4264,.T.);
#6272 = ORIENTED_EDGE('',*,*,#6273,.T.);
#6273 = EDGE_CURVE('',#4258,#6274,#6276,.T.);
#6274 = VERTEX_POINT('',#6275);
#6275 = CARTESIAN_POINT('',(0.71,-18.4035,2.157));
#6276 = B_SPLINE_CURVE_WITH_KNOTS('',1,(#6277,#6278),.UNSPECIFIED.,.F.,
  .F.,(2,2),(0.,1.),.PIECEWISE_BEZIER_KNOTS.);
#6277 = CARTESIAN_POINT('',(0.635,-18.4785,2.157));
#6278 = CARTESIAN_POINT('',(0.71,-18.4035,2.157));
#6279 = ORIENTED_EDGE('',*,*,#6280,.F.);
#6280 = EDGE_CURVE('',#6265,#6274,#6281,.T.);
#6281 = LINE('',#6282,#6283);
#6282 = CARTESIAN_POINT('',(0.71,0.6235,2.157));
#6283 = VECTOR('',#6284,1.);
#6284 = DIRECTION('',(4.440892098501E-16,-1.,0.));
#6285 = B_SPLINE_SURFACE_WITH_KNOTS('',1,1,(
    (#6286,#6287)
    ,(#6288,#6289
    )),.UNSPECIFIED.,.F.,.F.,.F.,(2,2),(2,2),(0.,19.177),(0.,1.),
  .PIECEWISE_BEZIER_KNOTS.);
#6286 = CARTESIAN_POINT('',(0.635,0.6985,2.157));
#6287 = CARTESIAN_POINT('',(0.71,0.6235,2.157));
#6288 = CARTESIAN_POINT('',(0.635,-18.4785,2.157));
#6289 = CARTESIAN_POINT('',(0.71,-18.4035,2.157));
#6290 = ADVANCED_FACE('',(#6291),#6343,.T.);
#6291 = FACE_BOUND('',#6292,.T.);
#6292 = EDGE_LOOP('',(#6293,#6304,#6312,#6320,#6328,#6335,#6336,#6337));
#6293 = ORIENTED_EDGE('',*,*,#6294,.T.);
#6294 = EDGE_CURVE('',#6295,#6297,#6299,.T.);
#6295 = VERTEX_POINT('',#6296);
#6296 = CARTESIAN_POINT('',(0.254,-0.762,2.157));
#6297 = VERTEX_POINT('',#6298);
#6298 = CARTESIAN_POINT('',(-0.127,-0.762,1.776));
#6299 = CIRCLE('',#6300,0.381);
#6300 = AXIS2_PLACEMENT_3D('',#6301,#6302,#6303);
#6301 = CARTESIAN_POINT('',(0.254,-0.762,1.776));
#6302 = DIRECTION('',(4.440892098501E-16,-1.,0.));
#6303 = DIRECTION('',(0.,0.,1.));
#6304 = ORIENTED_EDGE('',*,*,#6305,.F.);
#6305 = EDGE_CURVE('',#6306,#6297,#6308,.T.);
#6306 = VERTEX_POINT('',#6307);
#6307 = CARTESIAN_POINT('',(-0.127,-0.762,0.));
#6308 = LINE('',#6309,#6310);
#6309 = CARTESIAN_POINT('',(-0.127,-0.762,0.));
#6310 = VECTOR('',#6311,1.);
#6311 = DIRECTION('',(3.657213283361E-31,-8.23531219008E-16,1.));
#6312 = ORIENTED_EDGE('',*,*,#6313,.T.);
#6313 = EDGE_CURVE('',#6306,#6314,#6316,.T.);
#6314 = VERTEX_POINT('',#6315);
#6315 = CARTESIAN_POINT('',(0.127,-0.762,0.));
#6316 = LINE('',#6317,#6318);
#6317 = CARTESIAN_POINT('',(-0.127,-0.762,0.));
#6318 = VECTOR('',#6319,1.);
#6319 = DIRECTION('',(1.,4.440892098501E-16,0.));
#6320 = ORIENTED_EDGE('',*,*,#6321,.T.);
#6321 = EDGE_CURVE('',#6314,#6322,#6324,.T.);
#6322 = VERTEX_POINT('',#6323);
#6323 = CARTESIAN_POINT('',(0.127,-0.762,1.776));
#6324 = LINE('',#6325,#6326);
#6325 = CARTESIAN_POINT('',(0.127,-0.762,0.));
#6326 = VECTOR('',#6327,1.);
#6327 = DIRECTION('',(3.657213283361E-31,-8.23531219008E-16,1.));
#6328 = ORIENTED_EDGE('',*,*,#6329,.T.);
#6329 = EDGE_CURVE('',#6322,#4287,#6330,.T.);
#6330 = CIRCLE('',#6331,0.127);
#6331 = AXIS2_PLACEMENT_3D('',#6332,#6333,#6334);
#6332 = CARTESIAN_POINT('',(0.254,-0.762,1.776));
#6333 = DIRECTION('',(-4.440892098501E-16,1.,0.));
#6334 = DIRECTION('',(0.,0.,-1.));
#6335 = ORIENTED_EDGE('',*,*,#4294,.F.);
#6336 = ORIENTED_EDGE('',*,*,#4340,.T.);
#6337 = ORIENTED_EDGE('',*,*,#6338,.T.);
#6338 = EDGE_CURVE('',#4341,#6295,#6339,.T.);
#6339 = LINE('',#6340,#6341);
#6340 = CARTESIAN_POINT('',(3.81,-0.762,2.157));
#6341 = VECTOR('',#6342,1.);
#6342 = DIRECTION('',(-1.,-4.440892098501E-16,0.));
#6343 = PLANE('',#6344);
#6344 = AXIS2_PLACEMENT_3D('',#6345,#6346,#6347);
#6345 = CARTESIAN_POINT('',(-0.127,-0.762,0.));
#6346 = DIRECTION('',(4.440892098501E-16,-1.,-1.000200923086E-15));
#6347 = DIRECTION('',(-4.441784376244E-31,1.000200923086E-15,-1.));
#6348 = ADVANCED_FACE('',(#6349),#6360,.F.);
#6349 = FACE_BOUND('',#6350,.F.);
#6350 = EDGE_LOOP('',(#6351,#6357,#6358,#6359));
#6351 = ORIENTED_EDGE('',*,*,#6352,.T.);
#6352 = EDGE_CURVE('',#6182,#6322,#6353,.T.);
#6353 = LINE('',#6354,#6355);
#6354 = CARTESIAN_POINT('',(0.127,0.2285,1.776));
#6355 = VECTOR('',#6356,1.);
#6356 = DIRECTION('',(4.440892098501E-16,-1.,0.));
#6357 = ORIENTED_EDGE('',*,*,#6329,.T.);
#6358 = ORIENTED_EDGE('',*,*,#4286,.F.);
#6359 = ORIENTED_EDGE('',*,*,#6189,.F.);
#6360 = CYLINDRICAL_SURFACE('',#6361,0.127);
#6361 = AXIS2_PLACEMENT_3D('',#6362,#6363,#6364);
#6362 = CARTESIAN_POINT('',(0.254,0.2285,1.776));
#6363 = DIRECTION('',(4.440892098501E-16,-1.,0.));
#6364 = DIRECTION('',(-1.,-4.440892098501E-16,0.));
#6365 = ADVANCED_FACE('',(#6366),#6418,.F.);
#6366 = FACE_BOUND('',#6367,.F.);
#6367 = EDGE_LOOP('',(#6368,#6376,#6385,#6393,#6401,#6409,#6416,#6417));
#6368 = ORIENTED_EDGE('',*,*,#6369,.F.);
#6369 = EDGE_CURVE('',#6370,#4381,#6372,.T.);
#6370 = VERTEX_POINT('',#6371);
#6371 = CARTESIAN_POINT('',(0.254,-17.018,2.157));
#6372 = LINE('',#6373,#6374);
#6373 = CARTESIAN_POINT('',(-0.127,-17.018,2.157));
#6374 = VECTOR('',#6375,1.);
#6375 = DIRECTION('',(1.,4.440892098501E-16,0.));
#6376 = ORIENTED_EDGE('',*,*,#6377,.F.);
#6377 = EDGE_CURVE('',#6378,#6370,#6380,.T.);
#6378 = VERTEX_POINT('',#6379);
#6379 = CARTESIAN_POINT('',(-0.127,-17.018,1.776));
#6380 = CIRCLE('',#6381,0.381);
#6381 = AXIS2_PLACEMENT_3D('',#6382,#6383,#6384);
#6382 = CARTESIAN_POINT('',(0.254,-17.018,1.776));
#6383 = DIRECTION('',(-4.440892098501E-16,1.,0.));
#6384 = DIRECTION('',(0.,0.,1.));
#6385 = ORIENTED_EDGE('',*,*,#6386,.F.);
#6386 = EDGE_CURVE('',#6387,#6378,#6389,.T.);
#6387 = VERTEX_POINT('',#6388);
#6388 = CARTESIAN_POINT('',(-0.127,-17.018,0.));
#6389 = LINE('',#6390,#6391);
#6390 = CARTESIAN_POINT('',(-0.127,-17.018,0.));
#6391 = VECTOR('',#6392,1.);
#6392 = DIRECTION('',(-3.657213283361E-31,8.23531219008E-16,1.));
#6393 = ORIENTED_EDGE('',*,*,#6394,.T.);
#6394 = EDGE_CURVE('',#6387,#6395,#6397,.T.);
#6395 = VERTEX_POINT('',#6396);
#6396 = CARTESIAN_POINT('',(0.127,-17.018,0.));
#6397 = LINE('',#6398,#6399);
#6398 = CARTESIAN_POINT('',(-0.127,-17.018,0.));
#6399 = VECTOR('',#6400,1.);
#6400 = DIRECTION('',(1.,4.440892098501E-16,0.));
#6401 = ORIENTED_EDGE('',*,*,#6402,.T.);
#6402 = EDGE_CURVE('',#6395,#6403,#6405,.T.);
#6403 = VERTEX_POINT('',#6404);
#6404 = CARTESIAN_POINT('',(0.127,-17.018,1.776));
#6405 = LINE('',#6406,#6407);
#6406 = CARTESIAN_POINT('',(0.127,-17.018,0.));
#6407 = VECTOR('',#6408,1.);
#6408 = DIRECTION('',(-3.657213283361E-31,8.23531219008E-16,1.));
#6409 = ORIENTED_EDGE('',*,*,#6410,.T.);
#6410 = EDGE_CURVE('',#6403,#4310,#6411,.T.);
#6411 = CIRCLE('',#6412,0.127);
#6412 = AXIS2_PLACEMENT_3D('',#6413,#6414,#6415);
#6413 = CARTESIAN_POINT('',(0.254,-17.018,1.776));
#6414 = DIRECTION('',(-4.440892098501E-16,1.,0.));
#6415 = DIRECTION('',(0.,0.,1.));
#6416 = ORIENTED_EDGE('',*,*,#4309,.T.);
#6417 = ORIENTED_EDGE('',*,*,#4380,.T.);
#6418 = PLANE('',#6419);
#6419 = AXIS2_PLACEMENT_3D('',#6420,#6421,#6422);
#6420 = CARTESIAN_POINT('',(0.254,-17.018,2.157));
#6421 = DIRECTION('',(4.440892098501E-16,-1.,-1.044008500317E-13));
#6422 = DIRECTION('',(-4.636329099826E-29,1.044008500317E-13,-1.));
#6423 = ADVANCED_FACE('',(#6424),#6435,.F.);
#6424 = FACE_BOUND('',#6425,.F.);
#6425 = EDGE_LOOP('',(#6426,#6427,#6428,#6429));
#6426 = ORIENTED_EDGE('',*,*,#6233,.T.);
#6427 = ORIENTED_EDGE('',*,*,#4317,.T.);
#6428 = ORIENTED_EDGE('',*,*,#6410,.F.);
#6429 = ORIENTED_EDGE('',*,*,#6430,.F.);
#6430 = EDGE_CURVE('',#6234,#6403,#6431,.T.);
#6431 = LINE('',#6432,#6433);
#6432 = CARTESIAN_POINT('',(0.127,-18.0085,1.776));
#6433 = VECTOR('',#6434,1.);
#6434 = DIRECTION('',(-4.440892098501E-16,1.,0.));
#6435 = CYLINDRICAL_SURFACE('',#6436,0.127);
#6436 = AXIS2_PLACEMENT_3D('',#6437,#6438,#6439);
#6437 = CARTESIAN_POINT('',(0.254,-18.0085,1.776));
#6438 = DIRECTION('',(-4.440892098501E-16,1.,0.));
#6439 = DIRECTION('',(-1.,-4.440892098501E-16,0.));
#6440 = ADVANCED_FACE('',(#6441),#6466,.T.);
#6441 = FACE_BOUND('',#6442,.T.);
#6442 = EDGE_LOOP('',(#6443,#6451,#6452,#6460));
#6443 = ORIENTED_EDGE('',*,*,#6444,.T.);
#6444 = EDGE_CURVE('',#6445,#4341,#6447,.T.);
#6445 = VERTEX_POINT('',#6446);
#6446 = CARTESIAN_POINT('',(0.71,-0.762,2.157));
#6447 = LINE('',#6448,#6449);
#6448 = CARTESIAN_POINT('',(3.81,-0.762,2.157));
#6449 = VECTOR('',#6450,1.);
#6450 = DIRECTION('',(-1.,-4.440892098501E-16,0.));
#6451 = ORIENTED_EDGE('',*,*,#4357,.T.);
#6452 = ORIENTED_EDGE('',*,*,#6453,.T.);
#6453 = EDGE_CURVE('',#4350,#6454,#6456,.T.);
#6454 = VERTEX_POINT('',#6455);
#6455 = CARTESIAN_POINT('',(0.71,-1.778,2.157));
#6456 = LINE('',#6457,#6458);
#6457 = CARTESIAN_POINT('',(-3.996802888651E-15,-1.778,2.157));
#6458 = VECTOR('',#6459,1.);
#6459 = DIRECTION('',(1.,4.440892098501E-16,0.));
#6460 = ORIENTED_EDGE('',*,*,#6461,.F.);
#6461 = EDGE_CURVE('',#6445,#6454,#6462,.T.);
#6462 = LINE('',#6463,#6464);
#6463 = CARTESIAN_POINT('',(0.71,0.6235,2.157));
#6464 = VECTOR('',#6465,1.);
#6465 = DIRECTION('',(4.440892098501E-16,-1.,0.));
#6466 = B_SPLINE_SURFACE_WITH_KNOTS('',1,1,(
    (#6467,#6468)
    ,(#6469,#6470
    )),.UNSPECIFIED.,.F.,.F.,.F.,(2,2),(2,2),(0.,19.177),(0.,1.),
  .PIECEWISE_BEZIER_KNOTS.);
#6467 = CARTESIAN_POINT('',(0.635,0.6985,2.157));
#6468 = CARTESIAN_POINT('',(0.71,0.6235,2.157));
#6469 = CARTESIAN_POINT('',(0.635,-18.4785,2.157));
#6470 = CARTESIAN_POINT('',(0.71,-18.4035,2.157));
#6471 = ADVANCED_FACE('',(#6472),#6524,.T.);
#6472 = FACE_BOUND('',#6473,.T.);
#6473 = EDGE_LOOP('',(#6474,#6485,#6491,#6492,#6493,#6502,#6510,#6518));
#6474 = ORIENTED_EDGE('',*,*,#6475,.F.);
#6475 = EDGE_CURVE('',#6476,#6478,#6480,.T.);
#6476 = VERTEX_POINT('',#6477);
#6477 = CARTESIAN_POINT('',(0.254,-1.778,2.157));
#6478 = VERTEX_POINT('',#6479);
#6479 = CARTESIAN_POINT('',(-0.127,-1.778,1.776));
#6480 = CIRCLE('',#6481,0.381);
#6481 = AXIS2_PLACEMENT_3D('',#6482,#6483,#6484);
#6482 = CARTESIAN_POINT('',(0.254,-1.778,1.776));
#6483 = DIRECTION('',(4.440892098501E-16,-1.,0.));
#6484 = DIRECTION('',(0.,0.,1.));
#6485 = ORIENTED_EDGE('',*,*,#6486,.T.);
#6486 = EDGE_CURVE('',#6476,#4350,#6487,.T.);
#6487 = LINE('',#6488,#6489);
#6488 = CARTESIAN_POINT('',(-3.996802888651E-15,-1.778,2.157));
#6489 = VECTOR('',#6490,1.);
#6490 = DIRECTION('',(1.,4.440892098501E-16,0.));
#6491 = ORIENTED_EDGE('',*,*,#4349,.T.);
#6492 = ORIENTED_EDGE('',*,*,#4402,.F.);
#6493 = ORIENTED_EDGE('',*,*,#6494,.F.);
#6494 = EDGE_CURVE('',#6495,#4403,#6497,.T.);
#6495 = VERTEX_POINT('',#6496);
#6496 = CARTESIAN_POINT('',(0.127,-1.778,1.776));
#6497 = CIRCLE('',#6498,0.127);
#6498 = AXIS2_PLACEMENT_3D('',#6499,#6500,#6501);
#6499 = CARTESIAN_POINT('',(0.254,-1.778,1.776));
#6500 = DIRECTION('',(-4.440892098501E-16,1.,0.));
#6501 = DIRECTION('',(0.,0.,-1.));
#6502 = ORIENTED_EDGE('',*,*,#6503,.T.);
#6503 = EDGE_CURVE('',#6495,#6504,#6506,.T.);
#6504 = VERTEX_POINT('',#6505);
#6505 = CARTESIAN_POINT('',(0.127,-1.778,0.));
#6506 = LINE('',#6507,#6508);
#6507 = CARTESIAN_POINT('',(0.127,-1.778,2.157));
#6508 = VECTOR('',#6509,1.);
#6509 = DIRECTION('',(1.828606641681E-31,-4.11765609504E-16,-1.));
#6510 = ORIENTED_EDGE('',*,*,#6511,.F.);
#6511 = EDGE_CURVE('',#6512,#6504,#6514,.T.);
#6512 = VERTEX_POINT('',#6513);
#6513 = CARTESIAN_POINT('',(-0.127,-1.778,0.));
#6514 = LINE('',#6515,#6516);
#6515 = CARTESIAN_POINT('',(-0.127,-1.778,0.));
#6516 = VECTOR('',#6517,1.);
#6517 = DIRECTION('',(1.,4.440892098501E-16,0.));
#6518 = ORIENTED_EDGE('',*,*,#6519,.F.);
#6519 = EDGE_CURVE('',#6478,#6512,#6520,.T.);
#6520 = LINE('',#6521,#6522);
#6521 = CARTESIAN_POINT('',(-0.127,-1.778,2.157));
#6522 = VECTOR('',#6523,1.);
#6523 = DIRECTION('',(1.828606641681E-31,-4.11765609504E-16,-1.));
#6524 = PLANE('',#6525);
#6525 = AXIS2_PLACEMENT_3D('',#6526,#6527,#6528);
#6526 = CARTESIAN_POINT('',(0.254,-1.778,2.157));
#6527 = DIRECTION('',(-4.440892098501E-16,1.,0.));
#6528 = DIRECTION('',(0.,0.,1.));
#6529 = ADVANCED_FACE('',(#6530),#6582,.F.);
#6530 = FACE_BOUND('',#6531,.F.);
#6531 = EDGE_LOOP('',(#6532,#6543,#6549,#6550,#6551,#6560,#6568,#6576));
#6532 = ORIENTED_EDGE('',*,*,#6533,.F.);
#6533 = EDGE_CURVE('',#6534,#6536,#6538,.T.);
#6534 = VERTEX_POINT('',#6535);
#6535 = CARTESIAN_POINT('',(0.254,-16.002,2.157));
#6536 = VERTEX_POINT('',#6537);
#6537 = CARTESIAN_POINT('',(-0.127,-16.002,1.776));
#6538 = CIRCLE('',#6539,0.381);
#6539 = AXIS2_PLACEMENT_3D('',#6540,#6541,#6542);
#6540 = CARTESIAN_POINT('',(0.254,-16.002,1.776));
#6541 = DIRECTION('',(4.440892098501E-16,-1.,0.));
#6542 = DIRECTION('',(0.,0.,1.));
#6543 = ORIENTED_EDGE('',*,*,#6544,.F.);
#6544 = EDGE_CURVE('',#4372,#6534,#6545,.T.);
#6545 = LINE('',#6546,#6547);
#6546 = CARTESIAN_POINT('',(3.937,-16.002,2.157));
#6547 = VECTOR('',#6548,1.);
#6548 = DIRECTION('',(-1.,-4.440892098501E-16,0.));
#6549 = ORIENTED_EDGE('',*,*,#4371,.T.);
#6550 = ORIENTED_EDGE('',*,*,#4449,.T.);
#6551 = ORIENTED_EDGE('',*,*,#6552,.F.);
#6552 = EDGE_CURVE('',#6553,#4442,#6555,.T.);
#6553 = VERTEX_POINT('',#6554);
#6554 = CARTESIAN_POINT('',(0.127,-16.002,1.776));
#6555 = CIRCLE('',#6556,0.127);
#6556 = AXIS2_PLACEMENT_3D('',#6557,#6558,#6559);
#6557 = CARTESIAN_POINT('',(0.254,-16.002,1.776));
#6558 = DIRECTION('',(-4.440892098501E-16,1.,0.));
#6559 = DIRECTION('',(0.,0.,-1.));
#6560 = ORIENTED_EDGE('',*,*,#6561,.F.);
#6561 = EDGE_CURVE('',#6562,#6553,#6564,.T.);
#6562 = VERTEX_POINT('',#6563);
#6563 = CARTESIAN_POINT('',(0.127,-16.002,0.));
#6564 = LINE('',#6565,#6566);
#6565 = CARTESIAN_POINT('',(0.127,-16.002,0.));
#6566 = VECTOR('',#6567,1.);
#6567 = DIRECTION('',(1.828606641681E-31,-4.11765609504E-16,1.));
#6568 = ORIENTED_EDGE('',*,*,#6569,.F.);
#6569 = EDGE_CURVE('',#6570,#6562,#6572,.T.);
#6570 = VERTEX_POINT('',#6571);
#6571 = CARTESIAN_POINT('',(-0.127,-16.002,0.));
#6572 = LINE('',#6573,#6574);
#6573 = CARTESIAN_POINT('',(-0.127,-16.002,0.));
#6574 = VECTOR('',#6575,1.);
#6575 = DIRECTION('',(1.,4.440892098501E-16,0.));
#6576 = ORIENTED_EDGE('',*,*,#6577,.T.);
#6577 = EDGE_CURVE('',#6570,#6536,#6578,.T.);
#6578 = LINE('',#6579,#6580);
#6579 = CARTESIAN_POINT('',(-0.127,-16.002,0.));
#6580 = VECTOR('',#6581,1.);
#6581 = DIRECTION('',(1.828606641681E-31,-4.11765609504E-16,1.));
#6582 = PLANE('',#6583);
#6583 = AXIS2_PLACEMENT_3D('',#6584,#6585,#6586);
#6584 = CARTESIAN_POINT('',(0.254,-16.002,2.157));
#6585 = DIRECTION('',(-4.440892098501E-16,1.,0.));
#6586 = DIRECTION('',(0.,0.,1.));
#6587 = ADVANCED_FACE('',(#6588),#6613,.T.);
#6588 = FACE_BOUND('',#6589,.T.);
#6589 = EDGE_LOOP('',(#6590,#6598,#6599,#6607));
#6590 = ORIENTED_EDGE('',*,*,#6591,.T.);
#6591 = EDGE_CURVE('',#6592,#4372,#6594,.T.);
#6592 = VERTEX_POINT('',#6593);
#6593 = CARTESIAN_POINT('',(0.71,-16.002,2.157));
#6594 = LINE('',#6595,#6596);
#6595 = CARTESIAN_POINT('',(3.937,-16.002,2.157));
#6596 = VECTOR('',#6597,1.);
#6597 = DIRECTION('',(-1.,-4.440892098501E-16,0.));
#6598 = ORIENTED_EDGE('',*,*,#4388,.T.);
#6599 = ORIENTED_EDGE('',*,*,#6600,.T.);
#6600 = EDGE_CURVE('',#4381,#6601,#6603,.T.);
#6601 = VERTEX_POINT('',#6602);
#6602 = CARTESIAN_POINT('',(0.71,-17.018,2.157));
#6603 = LINE('',#6604,#6605);
#6604 = CARTESIAN_POINT('',(-0.127,-17.018,2.157));
#6605 = VECTOR('',#6606,1.);
#6606 = DIRECTION('',(1.,4.440892098501E-16,0.));
#6607 = ORIENTED_EDGE('',*,*,#6608,.F.);
#6608 = EDGE_CURVE('',#6592,#6601,#6609,.T.);
#6609 = LINE('',#6610,#6611);
#6610 = CARTESIAN_POINT('',(0.71,0.6235,2.157));
#6611 = VECTOR('',#6612,1.);
#6612 = DIRECTION('',(4.440892098501E-16,-1.,0.));
#6613 = B_SPLINE_SURFACE_WITH_KNOTS('',1,1,(
    (#6614,#6615)
    ,(#6616,#6617
    )),.UNSPECIFIED.,.F.,.F.,.F.,(2,2),(2,2),(0.,19.177),(0.,1.),
  .PIECEWISE_BEZIER_KNOTS.);
#6614 = CARTESIAN_POINT('',(0.635,0.6985,2.157));
#6615 = CARTESIAN_POINT('',(0.71,0.6235,2.157));
#6616 = CARTESIAN_POINT('',(0.635,-18.4785,2.157));
#6617 = CARTESIAN_POINT('',(0.71,-18.4035,2.157));
#6618 = ADVANCED_FACE('',(#6619),#6671,.F.);
#6619 = FACE_BOUND('',#6620,.F.);
#6620 = EDGE_LOOP('',(#6621,#6632,#6638,#6639,#6640,#6649,#6657,#6665));
#6621 = ORIENTED_EDGE('',*,*,#6622,.F.);
#6622 = EDGE_CURVE('',#6623,#6625,#6627,.T.);
#6623 = VERTEX_POINT('',#6624);
#6624 = CARTESIAN_POINT('',(0.254,-3.302,2.157));
#6625 = VERTEX_POINT('',#6626);
#6626 = CARTESIAN_POINT('',(-0.127,-3.302,1.776));
#6627 = CIRCLE('',#6628,0.381);
#6628 = AXIS2_PLACEMENT_3D('',#6629,#6630,#6631);
#6629 = CARTESIAN_POINT('',(0.254,-3.302,1.776));
#6630 = DIRECTION('',(4.440892098501E-16,-1.,0.));
#6631 = DIRECTION('',(0.,0.,1.));
#6632 = ORIENTED_EDGE('',*,*,#6633,.F.);
#6633 = EDGE_CURVE('',#4465,#6623,#6634,.T.);
#6634 = LINE('',#6635,#6636);
#6635 = CARTESIAN_POINT('',(3.937,-3.302,2.157));
#6636 = VECTOR('',#6637,1.);
#6637 = DIRECTION('',(-1.,-4.440892098501E-16,0.));
#6638 = ORIENTED_EDGE('',*,*,#4464,.T.);
#6639 = ORIENTED_EDGE('',*,*,#4418,.T.);
#6640 = ORIENTED_EDGE('',*,*,#6641,.F.);
#6641 = EDGE_CURVE('',#6642,#4411,#6644,.T.);
#6642 = VERTEX_POINT('',#6643);
#6643 = CARTESIAN_POINT('',(0.127,-3.302,1.776));
#6644 = CIRCLE('',#6645,0.127);
#6645 = AXIS2_PLACEMENT_3D('',#6646,#6647,#6648);
#6646 = CARTESIAN_POINT('',(0.254,-3.302,1.776));
#6647 = DIRECTION('',(-4.440892098501E-16,1.,0.));
#6648 = DIRECTION('',(0.,0.,-1.));
#6649 = ORIENTED_EDGE('',*,*,#6650,.F.);
#6650 = EDGE_CURVE('',#6651,#6642,#6653,.T.);
#6651 = VERTEX_POINT('',#6652);
#6652 = CARTESIAN_POINT('',(0.127,-3.302,0.));
#6653 = LINE('',#6654,#6655);
#6654 = CARTESIAN_POINT('',(0.127,-3.302,0.));
#6655 = VECTOR('',#6656,1.);
#6656 = DIRECTION('',(1.828606641681E-31,-4.11765609504E-16,1.));
#6657 = ORIENTED_EDGE('',*,*,#6658,.F.);
#6658 = EDGE_CURVE('',#6659,#6651,#6661,.T.);
#6659 = VERTEX_POINT('',#6660);
#6660 = CARTESIAN_POINT('',(-0.127,-3.302,0.));
#6661 = LINE('',#6662,#6663);
#6662 = CARTESIAN_POINT('',(-0.127,-3.302,0.));
#6663 = VECTOR('',#6664,1.);
#6664 = DIRECTION('',(1.,4.440892098501E-16,0.));
#6665 = ORIENTED_EDGE('',*,*,#6666,.T.);
#6666 = EDGE_CURVE('',#6659,#6625,#6667,.T.);
#6667 = LINE('',#6668,#6669);
#6668 = CARTESIAN_POINT('',(-0.127,-3.302,0.));
#6669 = VECTOR('',#6670,1.);
#6670 = DIRECTION('',(1.828606641681E-31,-4.11765609504E-16,1.));
#6671 = PLANE('',#6672);
#6672 = AXIS2_PLACEMENT_3D('',#6673,#6674,#6675);
#6673 = CARTESIAN_POINT('',(0.254,-3.302,2.157));
#6674 = DIRECTION('',(-4.440892098501E-16,1.,0.));
#6675 = DIRECTION('',(0.,0.,1.));
#6676 = ADVANCED_FACE('',(#6677),#6688,.F.);
#6677 = FACE_BOUND('',#6678,.F.);
#6678 = EDGE_LOOP('',(#6679,#6685,#6686,#6687));
#6679 = ORIENTED_EDGE('',*,*,#6680,.T.);
#6680 = EDGE_CURVE('',#6495,#6642,#6681,.T.);
#6681 = LINE('',#6682,#6683);
#6682 = CARTESIAN_POINT('',(0.127,-1.778,1.776));
#6683 = VECTOR('',#6684,1.);
#6684 = DIRECTION('',(4.440892098501E-16,-1.,0.));
#6685 = ORIENTED_EDGE('',*,*,#6641,.T.);
#6686 = ORIENTED_EDGE('',*,*,#4410,.F.);
#6687 = ORIENTED_EDGE('',*,*,#6494,.F.);
#6688 = CYLINDRICAL_SURFACE('',#6689,0.127);
#6689 = AXIS2_PLACEMENT_3D('',#6690,#6691,#6692);
#6690 = CARTESIAN_POINT('',(0.254,-1.778,1.776));
#6691 = DIRECTION('',(4.440892098501E-16,-1.,0.));
#6692 = DIRECTION('',(-1.,-4.440892098501E-16,0.));
#6693 = ADVANCED_FACE('',(#6694),#6746,.T.);
#6694 = FACE_BOUND('',#6695,.T.);
#6695 = EDGE_LOOP('',(#6696,#6707,#6713,#6714,#6715,#6724,#6732,#6740));
#6696 = ORIENTED_EDGE('',*,*,#6697,.F.);
#6697 = EDGE_CURVE('',#6698,#6700,#6702,.T.);
#6698 = VERTEX_POINT('',#6699);
#6699 = CARTESIAN_POINT('',(0.254,-14.478,2.157));
#6700 = VERTEX_POINT('',#6701);
#6701 = CARTESIAN_POINT('',(-0.127,-14.478,1.776));
#6702 = CIRCLE('',#6703,0.381);
#6703 = AXIS2_PLACEMENT_3D('',#6704,#6705,#6706);
#6704 = CARTESIAN_POINT('',(0.254,-14.478,1.776));
#6705 = DIRECTION('',(4.440892098501E-16,-1.,0.));
#6706 = DIRECTION('',(0.,0.,1.));
#6707 = ORIENTED_EDGE('',*,*,#6708,.T.);
#6708 = EDGE_CURVE('',#6698,#4505,#6709,.T.);
#6709 = LINE('',#6710,#6711);
#6710 = CARTESIAN_POINT('',(1.7763568394E-15,-14.478,2.157));
#6711 = VECTOR('',#6712,1.);
#6712 = DIRECTION('',(1.,4.440892098501E-16,0.));
#6713 = ORIENTED_EDGE('',*,*,#4504,.T.);
#6714 = ORIENTED_EDGE('',*,*,#4433,.F.);
#6715 = ORIENTED_EDGE('',*,*,#6716,.F.);
#6716 = EDGE_CURVE('',#6717,#4434,#6719,.T.);
#6717 = VERTEX_POINT('',#6718);
#6718 = CARTESIAN_POINT('',(0.127,-14.478,1.776));
#6719 = CIRCLE('',#6720,0.127);
#6720 = AXIS2_PLACEMENT_3D('',#6721,#6722,#6723);
#6721 = CARTESIAN_POINT('',(0.254,-14.478,1.776));
#6722 = DIRECTION('',(-4.440892098501E-16,1.,0.));
#6723 = DIRECTION('',(0.,0.,-1.));
#6724 = ORIENTED_EDGE('',*,*,#6725,.T.);
#6725 = EDGE_CURVE('',#6717,#6726,#6728,.T.);
#6726 = VERTEX_POINT('',#6727);
#6727 = CARTESIAN_POINT('',(0.127,-14.478,0.));
#6728 = LINE('',#6729,#6730);
#6729 = CARTESIAN_POINT('',(0.127,-14.478,2.157));
#6730 = VECTOR('',#6731,1.);
#6731 = DIRECTION('',(1.828606641681E-31,-4.11765609504E-16,-1.));
#6732 = ORIENTED_EDGE('',*,*,#6733,.F.);
#6733 = EDGE_CURVE('',#6734,#6726,#6736,.T.);
#6734 = VERTEX_POINT('',#6735);
#6735 = CARTESIAN_POINT('',(-0.127,-14.478,0.));
#6736 = LINE('',#6737,#6738);
#6737 = CARTESIAN_POINT('',(-0.127,-14.478,0.));
#6738 = VECTOR('',#6739,1.);
#6739 = DIRECTION('',(1.,4.440892098501E-16,0.));
#6740 = ORIENTED_EDGE('',*,*,#6741,.F.);
#6741 = EDGE_CURVE('',#6700,#6734,#6742,.T.);
#6742 = LINE('',#6743,#6744);
#6743 = CARTESIAN_POINT('',(-0.127,-14.478,2.157));
#6744 = VECTOR('',#6745,1.);
#6745 = DIRECTION('',(1.828606641681E-31,-4.11765609504E-16,-1.));
#6746 = PLANE('',#6747);
#6747 = AXIS2_PLACEMENT_3D('',#6748,#6749,#6750);
#6748 = CARTESIAN_POINT('',(0.254,-14.478,2.157));
#6749 = DIRECTION('',(-4.440892098501E-16,1.,0.));
#6750 = DIRECTION('',(0.,0.,1.));
#6751 = ADVANCED_FACE('',(#6752),#6763,.F.);
#6752 = FACE_BOUND('',#6753,.F.);
#6753 = EDGE_LOOP('',(#6754,#6760,#6761,#6762));
#6754 = ORIENTED_EDGE('',*,*,#6755,.T.);
#6755 = EDGE_CURVE('',#6717,#6553,#6756,.T.);
#6756 = LINE('',#6757,#6758);
#6757 = CARTESIAN_POINT('',(0.127,-14.478,1.776));
#6758 = VECTOR('',#6759,1.);
#6759 = DIRECTION('',(4.440892098501E-16,-1.,0.));
#6760 = ORIENTED_EDGE('',*,*,#6552,.T.);
#6761 = ORIENTED_EDGE('',*,*,#4441,.F.);
#6762 = ORIENTED_EDGE('',*,*,#6716,.F.);
#6763 = CYLINDRICAL_SURFACE('',#6764,0.127);
#6764 = AXIS2_PLACEMENT_3D('',#6765,#6766,#6767);
#6765 = CARTESIAN_POINT('',(0.254,-14.478,1.776));
#6766 = DIRECTION('',(4.440892098501E-16,-1.,0.));
#6767 = DIRECTION('',(-1.,-4.440892098501E-16,0.));
#6768 = ADVANCED_FACE('',(#6769),#6794,.T.);
#6769 = FACE_BOUND('',#6770,.T.);
#6770 = EDGE_LOOP('',(#6771,#6779,#6780,#6788));
#6771 = ORIENTED_EDGE('',*,*,#6772,.T.);
#6772 = EDGE_CURVE('',#6773,#4465,#6775,.T.);
#6773 = VERTEX_POINT('',#6774);
#6774 = CARTESIAN_POINT('',(0.71,-3.302,2.157));
#6775 = LINE('',#6776,#6777);
#6776 = CARTESIAN_POINT('',(3.937,-3.302,2.157));
#6777 = VECTOR('',#6778,1.);
#6778 = DIRECTION('',(-1.,-4.440892098501E-16,0.));
#6779 = ORIENTED_EDGE('',*,*,#4481,.T.);
#6780 = ORIENTED_EDGE('',*,*,#6781,.T.);
#6781 = EDGE_CURVE('',#4474,#6782,#6784,.T.);
#6782 = VERTEX_POINT('',#6783);
#6783 = CARTESIAN_POINT('',(0.71,-4.318,2.157));
#6784 = LINE('',#6785,#6786);
#6785 = CARTESIAN_POINT('',(-2.6645352591E-15,-4.318,2.157));
#6786 = VECTOR('',#6787,1.);
#6787 = DIRECTION('',(1.,4.440892098501E-16,0.));
#6788 = ORIENTED_EDGE('',*,*,#6789,.F.);
#6789 = EDGE_CURVE('',#6773,#6782,#6790,.T.);
#6790 = LINE('',#6791,#6792);
#6791 = CARTESIAN_POINT('',(0.71,0.6235,2.157));
#6792 = VECTOR('',#6793,1.);
#6793 = DIRECTION('',(4.440892098501E-16,-1.,0.));
#6794 = B_SPLINE_SURFACE_WITH_KNOTS('',1,1,(
    (#6795,#6796)
    ,(#6797,#6798
    )),.UNSPECIFIED.,.F.,.F.,.F.,(2,2),(2,2),(0.,19.177),(0.,1.),
  .PIECEWISE_BEZIER_KNOTS.);
#6795 = CARTESIAN_POINT('',(0.635,0.6985,2.157));
#6796 = CARTESIAN_POINT('',(0.71,0.6235,2.157));
#6797 = CARTESIAN_POINT('',(0.635,-18.4785,2.157));
#6798 = CARTESIAN_POINT('',(0.71,-18.4035,2.157));
#6799 = ADVANCED_FACE('',(#6800),#6852,.T.);
#6800 = FACE_BOUND('',#6801,.T.);
#6801 = EDGE_LOOP('',(#6802,#6813,#6819,#6820,#6821,#6830,#6838,#6846));
#6802 = ORIENTED_EDGE('',*,*,#6803,.F.);
#6803 = EDGE_CURVE('',#6804,#6806,#6808,.T.);
#6804 = VERTEX_POINT('',#6805);
#6805 = CARTESIAN_POINT('',(0.254,-4.318,2.157));
#6806 = VERTEX_POINT('',#6807);
#6807 = CARTESIAN_POINT('',(-0.127,-4.318,1.776));
#6808 = CIRCLE('',#6809,0.381);
#6809 = AXIS2_PLACEMENT_3D('',#6810,#6811,#6812);
#6810 = CARTESIAN_POINT('',(0.254,-4.318,1.776));
#6811 = DIRECTION('',(4.440892098501E-16,-1.,0.));
#6812 = DIRECTION('',(0.,0.,1.));
#6813 = ORIENTED_EDGE('',*,*,#6814,.T.);
#6814 = EDGE_CURVE('',#6804,#4474,#6815,.T.);
#6815 = LINE('',#6816,#6817);
#6816 = CARTESIAN_POINT('',(-2.6645352591E-15,-4.318,2.157));
#6817 = VECTOR('',#6818,1.);
#6818 = DIRECTION('',(1.,4.440892098501E-16,0.));
#6819 = ORIENTED_EDGE('',*,*,#4473,.T.);
#6820 = ORIENTED_EDGE('',*,*,#4526,.F.);
#6821 = ORIENTED_EDGE('',*,*,#6822,.F.);
#6822 = EDGE_CURVE('',#6823,#4527,#6825,.T.);
#6823 = VERTEX_POINT('',#6824);
#6824 = CARTESIAN_POINT('',(0.127,-4.318,1.776));
#6825 = CIRCLE('',#6826,0.127);
#6826 = AXIS2_PLACEMENT_3D('',#6827,#6828,#6829);
#6827 = CARTESIAN_POINT('',(0.254,-4.318,1.776));
#6828 = DIRECTION('',(-4.440892098501E-16,1.,0.));
#6829 = DIRECTION('',(0.,0.,-1.));
#6830 = ORIENTED_EDGE('',*,*,#6831,.T.);
#6831 = EDGE_CURVE('',#6823,#6832,#6834,.T.);
#6832 = VERTEX_POINT('',#6833);
#6833 = CARTESIAN_POINT('',(0.127,-4.318,0.));
#6834 = LINE('',#6835,#6836);
#6835 = CARTESIAN_POINT('',(0.127,-4.318,2.157));
#6836 = VECTOR('',#6837,1.);
#6837 = DIRECTION('',(1.828606641681E-31,-4.11765609504E-16,-1.));
#6838 = ORIENTED_EDGE('',*,*,#6839,.F.);
#6839 = EDGE_CURVE('',#6840,#6832,#6842,.T.);
#6840 = VERTEX_POINT('',#6841);
#6841 = CARTESIAN_POINT('',(-0.127,-4.318,0.));
#6842 = LINE('',#6843,#6844);
#6843 = CARTESIAN_POINT('',(-0.127,-4.318,0.));
#6844 = VECTOR('',#6845,1.);
#6845 = DIRECTION('',(1.,4.440892098501E-16,0.));
#6846 = ORIENTED_EDGE('',*,*,#6847,.F.);
#6847 = EDGE_CURVE('',#6806,#6840,#6848,.T.);
#6848 = LINE('',#6849,#6850);
#6849 = CARTESIAN_POINT('',(-0.127,-4.318,2.157));
#6850 = VECTOR('',#6851,1.);
#6851 = DIRECTION('',(1.828606641681E-31,-4.11765609504E-16,-1.));
#6852 = PLANE('',#6853);
#6853 = AXIS2_PLACEMENT_3D('',#6854,#6855,#6856);
#6854 = CARTESIAN_POINT('',(0.254,-4.318,2.157));
#6855 = DIRECTION('',(-4.440892098501E-16,1.,0.));
#6856 = DIRECTION('',(0.,0.,1.));
#6857 = ADVANCED_FACE('',(#6858),#6910,.F.);
#6858 = FACE_BOUND('',#6859,.F.);
#6859 = EDGE_LOOP('',(#6860,#6871,#6877,#6878,#6879,#6888,#6896,#6904));
#6860 = ORIENTED_EDGE('',*,*,#6861,.F.);
#6861 = EDGE_CURVE('',#6862,#6864,#6866,.T.);
#6862 = VERTEX_POINT('',#6863);
#6863 = CARTESIAN_POINT('',(0.254,-13.462,2.157));
#6864 = VERTEX_POINT('',#6865);
#6865 = CARTESIAN_POINT('',(-0.127,-13.462,1.776));
#6866 = CIRCLE('',#6867,0.381);
#6867 = AXIS2_PLACEMENT_3D('',#6868,#6869,#6870);
#6868 = CARTESIAN_POINT('',(0.254,-13.462,1.776));
#6869 = DIRECTION('',(4.440892098501E-16,-1.,0.));
#6870 = DIRECTION('',(0.,0.,1.));
#6871 = ORIENTED_EDGE('',*,*,#6872,.F.);
#6872 = EDGE_CURVE('',#4496,#6862,#6873,.T.);
#6873 = LINE('',#6874,#6875);
#6874 = CARTESIAN_POINT('',(3.937,-13.462,2.157));
#6875 = VECTOR('',#6876,1.);
#6876 = DIRECTION('',(-1.,-4.440892098501E-16,0.));
#6877 = ORIENTED_EDGE('',*,*,#4495,.T.);
#6878 = ORIENTED_EDGE('',*,*,#4573,.T.);
#6879 = ORIENTED_EDGE('',*,*,#6880,.F.);
#6880 = EDGE_CURVE('',#6881,#4566,#6883,.T.);
#6881 = VERTEX_POINT('',#6882);
#6882 = CARTESIAN_POINT('',(0.127,-13.462,1.776));
#6883 = CIRCLE('',#6884,0.127);
#6884 = AXIS2_PLACEMENT_3D('',#6885,#6886,#6887);
#6885 = CARTESIAN_POINT('',(0.254,-13.462,1.776));
#6886 = DIRECTION('',(-4.440892098501E-16,1.,0.));
#6887 = DIRECTION('',(0.,0.,-1.));
#6888 = ORIENTED_EDGE('',*,*,#6889,.F.);
#6889 = EDGE_CURVE('',#6890,#6881,#6892,.T.);
#6890 = VERTEX_POINT('',#6891);
#6891 = CARTESIAN_POINT('',(0.127,-13.462,0.));
#6892 = LINE('',#6893,#6894);
#6893 = CARTESIAN_POINT('',(0.127,-13.462,0.));
#6894 = VECTOR('',#6895,1.);
#6895 = DIRECTION('',(1.828606641681E-31,-4.11765609504E-16,1.));
#6896 = ORIENTED_EDGE('',*,*,#6897,.F.);
#6897 = EDGE_CURVE('',#6898,#6890,#6900,.T.);
#6898 = VERTEX_POINT('',#6899);
#6899 = CARTESIAN_POINT('',(-0.127,-13.462,0.));
#6900 = LINE('',#6901,#6902);
#6901 = CARTESIAN_POINT('',(-0.127,-13.462,0.));
#6902 = VECTOR('',#6903,1.);
#6903 = DIRECTION('',(1.,4.440892098501E-16,0.));
#6904 = ORIENTED_EDGE('',*,*,#6905,.T.);
#6905 = EDGE_CURVE('',#6898,#6864,#6906,.T.);
#6906 = LINE('',#6907,#6908);
#6907 = CARTESIAN_POINT('',(-0.127,-13.462,0.));
#6908 = VECTOR('',#6909,1.);
#6909 = DIRECTION('',(1.828606641681E-31,-4.11765609504E-16,1.));
#6910 = PLANE('',#6911);
#6911 = AXIS2_PLACEMENT_3D('',#6912,#6913,#6914);
#6912 = CARTESIAN_POINT('',(0.254,-13.462,2.157));
#6913 = DIRECTION('',(-4.440892098501E-16,1.,0.));
#6914 = DIRECTION('',(0.,0.,1.));
#6915 = ADVANCED_FACE('',(#6916),#6941,.T.);
#6916 = FACE_BOUND('',#6917,.T.);
#6917 = EDGE_LOOP('',(#6918,#6926,#6927,#6935));
#6918 = ORIENTED_EDGE('',*,*,#6919,.T.);
#6919 = EDGE_CURVE('',#6920,#4496,#6922,.T.);
#6920 = VERTEX_POINT('',#6921);
#6921 = CARTESIAN_POINT('',(0.71,-13.462,2.157));
#6922 = LINE('',#6923,#6924);
#6923 = CARTESIAN_POINT('',(3.937,-13.462,2.157));
#6924 = VECTOR('',#6925,1.);
#6925 = DIRECTION('',(-1.,-4.440892098501E-16,0.));
#6926 = ORIENTED_EDGE('',*,*,#4512,.T.);
#6927 = ORIENTED_EDGE('',*,*,#6928,.T.);
#6928 = EDGE_CURVE('',#4505,#6929,#6931,.T.);
#6929 = VERTEX_POINT('',#6930);
#6930 = CARTESIAN_POINT('',(0.71,-14.478,2.157));
#6931 = LINE('',#6932,#6933);
#6932 = CARTESIAN_POINT('',(1.7763568394E-15,-14.478,2.157));
#6933 = VECTOR('',#6934,1.);
#6934 = DIRECTION('',(1.,4.440892098501E-16,0.));
#6935 = ORIENTED_EDGE('',*,*,#6936,.F.);
#6936 = EDGE_CURVE('',#6920,#6929,#6937,.T.);
#6937 = LINE('',#6938,#6939);
#6938 = CARTESIAN_POINT('',(0.71,0.6235,2.157));
#6939 = VECTOR('',#6940,1.);
#6940 = DIRECTION('',(4.440892098501E-16,-1.,0.));
#6941 = B_SPLINE_SURFACE_WITH_KNOTS('',1,1,(
    (#6942,#6943)
    ,(#6944,#6945
    )),.UNSPECIFIED.,.F.,.F.,.F.,(2,2),(2,2),(0.,19.177),(0.,1.),
  .PIECEWISE_BEZIER_KNOTS.);
#6942 = CARTESIAN_POINT('',(0.635,0.6985,2.157));
#6943 = CARTESIAN_POINT('',(0.71,0.6235,2.157));
#6944 = CARTESIAN_POINT('',(0.635,-18.4785,2.157));
#6945 = CARTESIAN_POINT('',(0.71,-18.4035,2.157));
#6946 = ADVANCED_FACE('',(#6947),#6999,.F.);
#6947 = FACE_BOUND('',#6948,.F.);
#6948 = EDGE_LOOP('',(#6949,#6960,#6966,#6967,#6968,#6977,#6985,#6993));
#6949 = ORIENTED_EDGE('',*,*,#6950,.F.);
#6950 = EDGE_CURVE('',#6951,#6953,#6955,.T.);
#6951 = VERTEX_POINT('',#6952);
#6952 = CARTESIAN_POINT('',(0.254,-5.842,2.157));
#6953 = VERTEX_POINT('',#6954);
#6954 = CARTESIAN_POINT('',(-0.127,-5.842,1.776));
#6955 = CIRCLE('',#6956,0.381);
#6956 = AXIS2_PLACEMENT_3D('',#6957,#6958,#6959);
#6957 = CARTESIAN_POINT('',(0.254,-5.842,1.776));
#6958 = DIRECTION('',(4.440892098501E-16,-1.,0.));
#6959 = DIRECTION('',(0.,0.,1.));
#6960 = ORIENTED_EDGE('',*,*,#6961,.F.);
#6961 = EDGE_CURVE('',#4589,#6951,#6962,.T.);
#6962 = LINE('',#6963,#6964);
#6963 = CARTESIAN_POINT('',(3.937,-5.842,2.157));
#6964 = VECTOR('',#6965,1.);
#6965 = DIRECTION('',(-1.,-4.440892098501E-16,0.));
#6966 = ORIENTED_EDGE('',*,*,#4588,.T.);
#6967 = ORIENTED_EDGE('',*,*,#4542,.T.);
#6968 = ORIENTED_EDGE('',*,*,#6969,.F.);
#6969 = EDGE_CURVE('',#6970,#4535,#6972,.T.);
#6970 = VERTEX_POINT('',#6971);
#6971 = CARTESIAN_POINT('',(0.127,-5.842,1.776));
#6972 = CIRCLE('',#6973,0.127);
#6973 = AXIS2_PLACEMENT_3D('',#6974,#6975,#6976);
#6974 = CARTESIAN_POINT('',(0.254,-5.842,1.776));
#6975 = DIRECTION('',(-4.440892098501E-16,1.,0.));
#6976 = DIRECTION('',(0.,0.,-1.));
#6977 = ORIENTED_EDGE('',*,*,#6978,.F.);
#6978 = EDGE_CURVE('',#6979,#6970,#6981,.T.);
#6979 = VERTEX_POINT('',#6980);
#6980 = CARTESIAN_POINT('',(0.127,-5.842,0.));
#6981 = LINE('',#6982,#6983);
#6982 = CARTESIAN_POINT('',(0.127,-5.842,0.));
#6983 = VECTOR('',#6984,1.);
#6984 = DIRECTION('',(1.828606641681E-31,-4.11765609504E-16,1.));
#6985 = ORIENTED_EDGE('',*,*,#6986,.F.);
#6986 = EDGE_CURVE('',#6987,#6979,#6989,.T.);
#6987 = VERTEX_POINT('',#6988);
#6988 = CARTESIAN_POINT('',(-0.127,-5.842,0.));
#6989 = LINE('',#6990,#6991);
#6990 = CARTESIAN_POINT('',(-0.127,-5.842,0.));
#6991 = VECTOR('',#6992,1.);
#6992 = DIRECTION('',(1.,4.440892098501E-16,0.));
#6993 = ORIENTED_EDGE('',*,*,#6994,.T.);
#6994 = EDGE_CURVE('',#6987,#6953,#6995,.T.);
#6995 = LINE('',#6996,#6997);
#6996 = CARTESIAN_POINT('',(-0.127,-5.842,0.));
#6997 = VECTOR('',#6998,1.);
#6998 = DIRECTION('',(1.828606641681E-31,-4.11765609504E-16,1.));
#6999 = PLANE('',#7000);
#7000 = AXIS2_PLACEMENT_3D('',#7001,#7002,#7003);
#7001 = CARTESIAN_POINT('',(0.254,-5.842,2.157));
#7002 = DIRECTION('',(-4.440892098501E-16,1.,0.));
#7003 = DIRECTION('',(0.,0.,1.));
#7004 = ADVANCED_FACE('',(#7005),#7016,.F.);
#7005 = FACE_BOUND('',#7006,.F.);
#7006 = EDGE_LOOP('',(#7007,#7013,#7014,#7015));
#7007 = ORIENTED_EDGE('',*,*,#7008,.T.);
#7008 = EDGE_CURVE('',#6823,#6970,#7009,.T.);
#7009 = LINE('',#7010,#7011);
#7010 = CARTESIAN_POINT('',(0.127,-4.318,1.776));
#7011 = VECTOR('',#7012,1.);
#7012 = DIRECTION('',(4.440892098501E-16,-1.,0.));
#7013 = ORIENTED_EDGE('',*,*,#6969,.T.);
#7014 = ORIENTED_EDGE('',*,*,#4534,.F.);
#7015 = ORIENTED_EDGE('',*,*,#6822,.F.);
#7016 = CYLINDRICAL_SURFACE('',#7017,0.127);
#7017 = AXIS2_PLACEMENT_3D('',#7018,#7019,#7020);
#7018 = CARTESIAN_POINT('',(0.254,-4.318,1.776));
#7019 = DIRECTION('',(4.440892098501E-16,-1.,0.));
#7020 = DIRECTION('',(-1.,-4.440892098501E-16,0.));
#7021 = ADVANCED_FACE('',(#7022),#7074,.T.);
#7022 = FACE_BOUND('',#7023,.T.);
#7023 = EDGE_LOOP('',(#7024,#7035,#7041,#7042,#7043,#7052,#7060,#7068));
#7024 = ORIENTED_EDGE('',*,*,#7025,.F.);
#7025 = EDGE_CURVE('',#7026,#7028,#7030,.T.);
#7026 = VERTEX_POINT('',#7027);
#7027 = CARTESIAN_POINT('',(0.254,-11.938,2.157));
#7028 = VERTEX_POINT('',#7029);
#7029 = CARTESIAN_POINT('',(-0.127,-11.938,1.776));
#7030 = CIRCLE('',#7031,0.381);
#7031 = AXIS2_PLACEMENT_3D('',#7032,#7033,#7034);
#7032 = CARTESIAN_POINT('',(0.254,-11.938,1.776));
#7033 = DIRECTION('',(4.440892098501E-16,-1.,0.));
#7034 = DIRECTION('',(0.,0.,1.));
#7035 = ORIENTED_EDGE('',*,*,#7036,.T.);
#7036 = EDGE_CURVE('',#7026,#4629,#7037,.T.);
#7037 = LINE('',#7038,#7039);
#7038 = CARTESIAN_POINT('',(4.440892098501E-16,-11.938,2.157));
#7039 = VECTOR('',#7040,1.);
#7040 = DIRECTION('',(1.,4.440892098501E-16,0.));
#7041 = ORIENTED_EDGE('',*,*,#4628,.T.);
#7042 = ORIENTED_EDGE('',*,*,#4557,.F.);
#7043 = ORIENTED_EDGE('',*,*,#7044,.F.);
#7044 = EDGE_CURVE('',#7045,#4558,#7047,.T.);
#7045 = VERTEX_POINT('',#7046);
#7046 = CARTESIAN_POINT('',(0.127,-11.938,1.776));
#7047 = CIRCLE('',#7048,0.127);
#7048 = AXIS2_PLACEMENT_3D('',#7049,#7050,#7051);
#7049 = CARTESIAN_POINT('',(0.254,-11.938,1.776));
#7050 = DIRECTION('',(-4.440892098501E-16,1.,0.));
#7051 = DIRECTION('',(0.,0.,-1.));
#7052 = ORIENTED_EDGE('',*,*,#7053,.T.);
#7053 = EDGE_CURVE('',#7045,#7054,#7056,.T.);
#7054 = VERTEX_POINT('',#7055);
#7055 = CARTESIAN_POINT('',(0.127,-11.938,0.));
#7056 = LINE('',#7057,#7058);
#7057 = CARTESIAN_POINT('',(0.127,-11.938,2.157));
#7058 = VECTOR('',#7059,1.);
#7059 = DIRECTION('',(1.828606641681E-31,-4.11765609504E-16,-1.));
#7060 = ORIENTED_EDGE('',*,*,#7061,.F.);
#7061 = EDGE_CURVE('',#7062,#7054,#7064,.T.);
#7062 = VERTEX_POINT('',#7063);
#7063 = CARTESIAN_POINT('',(-0.127,-11.938,0.));
#7064 = LINE('',#7065,#7066);
#7065 = CARTESIAN_POINT('',(-0.127,-11.938,0.));
#7066 = VECTOR('',#7067,1.);
#7067 = DIRECTION('',(1.,4.440892098501E-16,0.));
#7068 = ORIENTED_EDGE('',*,*,#7069,.F.);
#7069 = EDGE_CURVE('',#7028,#7062,#7070,.T.);
#7070 = LINE('',#7071,#7072);
#7071 = CARTESIAN_POINT('',(-0.127,-11.938,2.157));
#7072 = VECTOR('',#7073,1.);
#7073 = DIRECTION('',(1.828606641681E-31,-4.11765609504E-16,-1.));
#7074 = PLANE('',#7075);
#7075 = AXIS2_PLACEMENT_3D('',#7076,#7077,#7078);
#7076 = CARTESIAN_POINT('',(0.254,-11.938,2.157));
#7077 = DIRECTION('',(-4.440892098501E-16,1.,0.));
#7078 = DIRECTION('',(0.,0.,1.));
#7079 = ADVANCED_FACE('',(#7080),#7091,.F.);
#7080 = FACE_BOUND('',#7081,.F.);
#7081 = EDGE_LOOP('',(#7082,#7088,#7089,#7090));
#7082 = ORIENTED_EDGE('',*,*,#7083,.T.);
#7083 = EDGE_CURVE('',#7045,#6881,#7084,.T.);
#7084 = LINE('',#7085,#7086);
#7085 = CARTESIAN_POINT('',(0.127,-11.938,1.776));
#7086 = VECTOR('',#7087,1.);
#7087 = DIRECTION('',(4.440892098501E-16,-1.,0.));
#7088 = ORIENTED_EDGE('',*,*,#6880,.T.);
#7089 = ORIENTED_EDGE('',*,*,#4565,.F.);
#7090 = ORIENTED_EDGE('',*,*,#7044,.F.);
#7091 = CYLINDRICAL_SURFACE('',#7092,0.127);
#7092 = AXIS2_PLACEMENT_3D('',#7093,#7094,#7095);
#7093 = CARTESIAN_POINT('',(0.254,-11.938,1.776));
#7094 = DIRECTION('',(4.440892098501E-16,-1.,0.));
#7095 = DIRECTION('',(-1.,-4.440892098501E-16,0.));
#7096 = ADVANCED_FACE('',(#7097),#7122,.T.);
#7097 = FACE_BOUND('',#7098,.T.);
#7098 = EDGE_LOOP('',(#7099,#7107,#7108,#7116));
#7099 = ORIENTED_EDGE('',*,*,#7100,.T.);
#7100 = EDGE_CURVE('',#7101,#4589,#7103,.T.);
#7101 = VERTEX_POINT('',#7102);
#7102 = CARTESIAN_POINT('',(0.71,-5.842,2.157));
#7103 = LINE('',#7104,#7105);
#7104 = CARTESIAN_POINT('',(3.937,-5.842,2.157));
#7105 = VECTOR('',#7106,1.);
#7106 = DIRECTION('',(-1.,-4.440892098501E-16,0.));
#7107 = ORIENTED_EDGE('',*,*,#4605,.T.);
#7108 = ORIENTED_EDGE('',*,*,#7109,.T.);
#7109 = EDGE_CURVE('',#4598,#7110,#7112,.T.);
#7110 = VERTEX_POINT('',#7111);
#7111 = CARTESIAN_POINT('',(0.71,-6.858,2.157));
#7112 = LINE('',#7113,#7114);
#7113 = CARTESIAN_POINT('',(-1.7763568394E-15,-6.858,2.157));
#7114 = VECTOR('',#7115,1.);
#7115 = DIRECTION('',(1.,4.440892098501E-16,0.));
#7116 = ORIENTED_EDGE('',*,*,#7117,.F.);
#7117 = EDGE_CURVE('',#7101,#7110,#7118,.T.);
#7118 = LINE('',#7119,#7120);
#7119 = CARTESIAN_POINT('',(0.71,0.6235,2.157));
#7120 = VECTOR('',#7121,1.);
#7121 = DIRECTION('',(4.440892098501E-16,-1.,0.));
#7122 = B_SPLINE_SURFACE_WITH_KNOTS('',1,1,(
    (#7123,#7124)
    ,(#7125,#7126
    )),.UNSPECIFIED.,.F.,.F.,.F.,(2,2),(2,2),(0.,19.177),(0.,1.),
  .PIECEWISE_BEZIER_KNOTS.);
#7123 = CARTESIAN_POINT('',(0.635,0.6985,2.157));
#7124 = CARTESIAN_POINT('',(0.71,0.6235,2.157));
#7125 = CARTESIAN_POINT('',(0.635,-18.4785,2.157));
#7126 = CARTESIAN_POINT('',(0.71,-18.4035,2.157));
#7127 = ADVANCED_FACE('',(#7128),#7180,.T.);
#7128 = FACE_BOUND('',#7129,.T.);
#7129 = EDGE_LOOP('',(#7130,#7141,#7147,#7148,#7149,#7158,#7166,#7174));
#7130 = ORIENTED_EDGE('',*,*,#7131,.F.);
#7131 = EDGE_CURVE('',#7132,#7134,#7136,.T.);
#7132 = VERTEX_POINT('',#7133);
#7133 = CARTESIAN_POINT('',(0.254,-6.858,2.157));
#7134 = VERTEX_POINT('',#7135);
#7135 = CARTESIAN_POINT('',(-0.127,-6.858,1.776));
#7136 = CIRCLE('',#7137,0.381);
#7137 = AXIS2_PLACEMENT_3D('',#7138,#7139,#7140);
#7138 = CARTESIAN_POINT('',(0.254,-6.858,1.776));
#7139 = DIRECTION('',(4.440892098501E-16,-1.,0.));
#7140 = DIRECTION('',(0.,0.,1.));
#7141 = ORIENTED_EDGE('',*,*,#7142,.T.);
#7142 = EDGE_CURVE('',#7132,#4598,#7143,.T.);
#7143 = LINE('',#7144,#7145);
#7144 = CARTESIAN_POINT('',(-1.7763568394E-15,-6.858,2.157));
#7145 = VECTOR('',#7146,1.);
#7146 = DIRECTION('',(1.,4.440892098501E-16,0.));
#7147 = ORIENTED_EDGE('',*,*,#4597,.T.);
#7148 = ORIENTED_EDGE('',*,*,#4650,.F.);
#7149 = ORIENTED_EDGE('',*,*,#7150,.F.);
#7150 = EDGE_CURVE('',#7151,#4651,#7153,.T.);
#7151 = VERTEX_POINT('',#7152);
#7152 = CARTESIAN_POINT('',(0.127,-6.858,1.776));
#7153 = CIRCLE('',#7154,0.127);
#7154 = AXIS2_PLACEMENT_3D('',#7155,#7156,#7157);
#7155 = CARTESIAN_POINT('',(0.254,-6.858,1.776));
#7156 = DIRECTION('',(-4.440892098501E-16,1.,0.));
#7157 = DIRECTION('',(0.,0.,-1.));
#7158 = ORIENTED_EDGE('',*,*,#7159,.T.);
#7159 = EDGE_CURVE('',#7151,#7160,#7162,.T.);
#7160 = VERTEX_POINT('',#7161);
#7161 = CARTESIAN_POINT('',(0.127,-6.858,0.));
#7162 = LINE('',#7163,#7164);
#7163 = CARTESIAN_POINT('',(0.127,-6.858,2.157));
#7164 = VECTOR('',#7165,1.);
#7165 = DIRECTION('',(1.828606641681E-31,-4.11765609504E-16,-1.));
#7166 = ORIENTED_EDGE('',*,*,#7167,.F.);
#7167 = EDGE_CURVE('',#7168,#7160,#7170,.T.);
#7168 = VERTEX_POINT('',#7169);
#7169 = CARTESIAN_POINT('',(-0.127,-6.858,0.));
#7170 = LINE('',#7171,#7172);
#7171 = CARTESIAN_POINT('',(-0.127,-6.858,0.));
#7172 = VECTOR('',#7173,1.);
#7173 = DIRECTION('',(1.,4.440892098501E-16,0.));
#7174 = ORIENTED_EDGE('',*,*,#7175,.F.);
#7175 = EDGE_CURVE('',#7134,#7168,#7176,.T.);
#7176 = LINE('',#7177,#7178);
#7177 = CARTESIAN_POINT('',(-0.127,-6.858,2.157));
#7178 = VECTOR('',#7179,1.);
#7179 = DIRECTION('',(1.828606641681E-31,-4.11765609504E-16,-1.));
#7180 = PLANE('',#7181);
#7181 = AXIS2_PLACEMENT_3D('',#7182,#7183,#7184);
#7182 = CARTESIAN_POINT('',(0.254,-6.858,2.157));
#7183 = DIRECTION('',(-4.440892098501E-16,1.,0.));
#7184 = DIRECTION('',(0.,0.,1.));
#7185 = ADVANCED_FACE('',(#7186),#7238,.F.);
#7186 = FACE_BOUND('',#7187,.F.);
#7187 = EDGE_LOOP('',(#7188,#7199,#7205,#7206,#7207,#7216,#7224,#7232));
#7188 = ORIENTED_EDGE('',*,*,#7189,.F.);
#7189 = EDGE_CURVE('',#7190,#7192,#7194,.T.);
#7190 = VERTEX_POINT('',#7191);
#7191 = CARTESIAN_POINT('',(0.254,-10.922,2.157));
#7192 = VERTEX_POINT('',#7193);
#7193 = CARTESIAN_POINT('',(-0.127,-10.922,1.776));
#7194 = CIRCLE('',#7195,0.381);
#7195 = AXIS2_PLACEMENT_3D('',#7196,#7197,#7198);
#7196 = CARTESIAN_POINT('',(0.254,-10.922,1.776));
#7197 = DIRECTION('',(4.440892098501E-16,-1.,0.));
#7198 = DIRECTION('',(0.,0.,1.));
#7199 = ORIENTED_EDGE('',*,*,#7200,.F.);
#7200 = EDGE_CURVE('',#4620,#7190,#7201,.T.);
#7201 = LINE('',#7202,#7203);
#7202 = CARTESIAN_POINT('',(3.937,-10.922,2.157));
#7203 = VECTOR('',#7204,1.);
#7204 = DIRECTION('',(-1.,-4.440892098501E-16,0.));
#7205 = ORIENTED_EDGE('',*,*,#4619,.T.);
#7206 = ORIENTED_EDGE('',*,*,#4697,.T.);
#7207 = ORIENTED_EDGE('',*,*,#7208,.F.);
#7208 = EDGE_CURVE('',#7209,#4690,#7211,.T.);
#7209 = VERTEX_POINT('',#7210);
#7210 = CARTESIAN_POINT('',(0.127,-10.922,1.776));
#7211 = CIRCLE('',#7212,0.127);
#7212 = AXIS2_PLACEMENT_3D('',#7213,#7214,#7215);
#7213 = CARTESIAN_POINT('',(0.254,-10.922,1.776));
#7214 = DIRECTION('',(-4.440892098501E-16,1.,0.));
#7215 = DIRECTION('',(0.,0.,-1.));
#7216 = ORIENTED_EDGE('',*,*,#7217,.F.);
#7217 = EDGE_CURVE('',#7218,#7209,#7220,.T.);
#7218 = VERTEX_POINT('',#7219);
#7219 = CARTESIAN_POINT('',(0.127,-10.922,0.));
#7220 = LINE('',#7221,#7222);
#7221 = CARTESIAN_POINT('',(0.127,-10.922,0.));
#7222 = VECTOR('',#7223,1.);
#7223 = DIRECTION('',(1.828606641681E-31,-4.11765609504E-16,1.));
#7224 = ORIENTED_EDGE('',*,*,#7225,.F.);
#7225 = EDGE_CURVE('',#7226,#7218,#7228,.T.);
#7226 = VERTEX_POINT('',#7227);
#7227 = CARTESIAN_POINT('',(-0.127,-10.922,0.));
#7228 = LINE('',#7229,#7230);
#7229 = CARTESIAN_POINT('',(-0.127,-10.922,0.));
#7230 = VECTOR('',#7231,1.);
#7231 = DIRECTION('',(1.,4.440892098501E-16,0.));
#7232 = ORIENTED_EDGE('',*,*,#7233,.T.);
#7233 = EDGE_CURVE('',#7226,#7192,#7234,.T.);
#7234 = LINE('',#7235,#7236);
#7235 = CARTESIAN_POINT('',(-0.127,-10.922,0.));
#7236 = VECTOR('',#7237,1.);
#7237 = DIRECTION('',(1.828606641681E-31,-4.11765609504E-16,1.));
#7238 = PLANE('',#7239);
#7239 = AXIS2_PLACEMENT_3D('',#7240,#7241,#7242);
#7240 = CARTESIAN_POINT('',(0.254,-10.922,2.157));
#7241 = DIRECTION('',(-4.440892098501E-16,1.,0.));
#7242 = DIRECTION('',(0.,0.,1.));
#7243 = ADVANCED_FACE('',(#7244),#7269,.T.);
#7244 = FACE_BOUND('',#7245,.T.);
#7245 = EDGE_LOOP('',(#7246,#7254,#7255,#7263));
#7246 = ORIENTED_EDGE('',*,*,#7247,.T.);
#7247 = EDGE_CURVE('',#7248,#4620,#7250,.T.);
#7248 = VERTEX_POINT('',#7249);
#7249 = CARTESIAN_POINT('',(0.71,-10.922,2.157));
#7250 = LINE('',#7251,#7252);
#7251 = CARTESIAN_POINT('',(3.937,-10.922,2.157));
#7252 = VECTOR('',#7253,1.);
#7253 = DIRECTION('',(-1.,-4.440892098501E-16,0.));
#7254 = ORIENTED_EDGE('',*,*,#4636,.T.);
#7255 = ORIENTED_EDGE('',*,*,#7256,.T.);
#7256 = EDGE_CURVE('',#4629,#7257,#7259,.T.);
#7257 = VERTEX_POINT('',#7258);
#7258 = CARTESIAN_POINT('',(0.71,-11.938,2.157));
#7259 = LINE('',#7260,#7261);
#7260 = CARTESIAN_POINT('',(4.440892098501E-16,-11.938,2.157));
#7261 = VECTOR('',#7262,1.);
#7262 = DIRECTION('',(1.,4.440892098501E-16,0.));
#7263 = ORIENTED_EDGE('',*,*,#7264,.F.);
#7264 = EDGE_CURVE('',#7248,#7257,#7265,.T.);
#7265 = LINE('',#7266,#7267);
#7266 = CARTESIAN_POINT('',(0.71,0.6235,2.157));
#7267 = VECTOR('',#7268,1.);
#7268 = DIRECTION('',(4.440892098501E-16,-1.,0.));
#7269 = B_SPLINE_SURFACE_WITH_KNOTS('',1,1,(
    (#7270,#7271)
    ,(#7272,#7273
    )),.UNSPECIFIED.,.F.,.F.,.F.,(2,2),(2,2),(0.,19.177),(0.,1.),
  .PIECEWISE_BEZIER_KNOTS.);
#7270 = CARTESIAN_POINT('',(0.635,0.6985,2.157));
#7271 = CARTESIAN_POINT('',(0.71,0.6235,2.157));
#7272 = CARTESIAN_POINT('',(0.635,-18.4785,2.157));
#7273 = CARTESIAN_POINT('',(0.71,-18.4035,2.157));
#7274 = ADVANCED_FACE('',(#7275),#7327,.F.);
#7275 = FACE_BOUND('',#7276,.F.);
#7276 = EDGE_LOOP('',(#7277,#7288,#7294,#7295,#7296,#7305,#7313,#7321));
#7277 = ORIENTED_EDGE('',*,*,#7278,.F.);
#7278 = EDGE_CURVE('',#7279,#7281,#7283,.T.);
#7279 = VERTEX_POINT('',#7280);
#7280 = CARTESIAN_POINT('',(0.254,-8.382,2.157));
#7281 = VERTEX_POINT('',#7282);
#7282 = CARTESIAN_POINT('',(-0.127,-8.382,1.776));
#7283 = CIRCLE('',#7284,0.381);
#7284 = AXIS2_PLACEMENT_3D('',#7285,#7286,#7287);
#7285 = CARTESIAN_POINT('',(0.254,-8.382,1.776));
#7286 = DIRECTION('',(4.440892098501E-16,-1.,0.));
#7287 = DIRECTION('',(0.,0.,1.));
#7288 = ORIENTED_EDGE('',*,*,#7289,.F.);
#7289 = EDGE_CURVE('',#4713,#7279,#7290,.T.);
#7290 = LINE('',#7291,#7292);
#7291 = CARTESIAN_POINT('',(3.937,-8.382,2.157));
#7292 = VECTOR('',#7293,1.);
#7293 = DIRECTION('',(-1.,-4.440892098501E-16,0.));
#7294 = ORIENTED_EDGE('',*,*,#4712,.T.);
#7295 = ORIENTED_EDGE('',*,*,#4666,.T.);
#7296 = ORIENTED_EDGE('',*,*,#7297,.F.);
#7297 = EDGE_CURVE('',#7298,#4659,#7300,.T.);
#7298 = VERTEX_POINT('',#7299);
#7299 = CARTESIAN_POINT('',(0.127,-8.382,1.776));
#7300 = CIRCLE('',#7301,0.127);
#7301 = AXIS2_PLACEMENT_3D('',#7302,#7303,#7304);
#7302 = CARTESIAN_POINT('',(0.254,-8.382,1.776));
#7303 = DIRECTION('',(-4.440892098501E-16,1.,0.));
#7304 = DIRECTION('',(0.,0.,-1.));
#7305 = ORIENTED_EDGE('',*,*,#7306,.F.);
#7306 = EDGE_CURVE('',#7307,#7298,#7309,.T.);
#7307 = VERTEX_POINT('',#7308);
#7308 = CARTESIAN_POINT('',(0.127,-8.382,0.));
#7309 = LINE('',#7310,#7311);
#7310 = CARTESIAN_POINT('',(0.127,-8.382,0.));
#7311 = VECTOR('',#7312,1.);
#7312 = DIRECTION('',(1.828606641681E-31,-4.11765609504E-16,1.));
#7313 = ORIENTED_EDGE('',*,*,#7314,.F.);
#7314 = EDGE_CURVE('',#7315,#7307,#7317,.T.);
#7315 = VERTEX_POINT('',#7316);
#7316 = CARTESIAN_POINT('',(-0.127,-8.382,0.));
#7317 = LINE('',#7318,#7319);
#7318 = CARTESIAN_POINT('',(-0.127,-8.382,0.));
#7319 = VECTOR('',#7320,1.);
#7320 = DIRECTION('',(1.,4.440892098501E-16,0.));
#7321 = ORIENTED_EDGE('',*,*,#7322,.T.);
#7322 = EDGE_CURVE('',#7315,#7281,#7323,.T.);
#7323 = LINE('',#7324,#7325);
#7324 = CARTESIAN_POINT('',(-0.127,-8.382,0.));
#7325 = VECTOR('',#7326,1.);
#7326 = DIRECTION('',(1.828606641681E-31,-4.11765609504E-16,1.));
#7327 = PLANE('',#7328);
#7328 = AXIS2_PLACEMENT_3D('',#7329,#7330,#7331);
#7329 = CARTESIAN_POINT('',(0.254,-8.382,2.157));
#7330 = DIRECTION('',(-4.440892098501E-16,1.,0.));
#7331 = DIRECTION('',(0.,0.,1.));
#7332 = ADVANCED_FACE('',(#7333),#7344,.F.);
#7333 = FACE_BOUND('',#7334,.F.);
#7334 = EDGE_LOOP('',(#7335,#7341,#7342,#7343));
#7335 = ORIENTED_EDGE('',*,*,#7336,.T.);
#7336 = EDGE_CURVE('',#7151,#7298,#7337,.T.);
#7337 = LINE('',#7338,#7339);
#7338 = CARTESIAN_POINT('',(0.127,-6.858,1.776));
#7339 = VECTOR('',#7340,1.);
#7340 = DIRECTION('',(4.440892098501E-16,-1.,0.));
#7341 = ORIENTED_EDGE('',*,*,#7297,.T.);
#7342 = ORIENTED_EDGE('',*,*,#4658,.F.);
#7343 = ORIENTED_EDGE('',*,*,#7150,.F.);
#7344 = CYLINDRICAL_SURFACE('',#7345,0.127);
#7345 = AXIS2_PLACEMENT_3D('',#7346,#7347,#7348);
#7346 = CARTESIAN_POINT('',(0.254,-6.858,1.776));
#7347 = DIRECTION('',(4.440892098501E-16,-1.,0.));
#7348 = DIRECTION('',(-1.,-4.440892098501E-16,0.));
#7349 = ADVANCED_FACE('',(#7350),#7402,.T.);
#7350 = FACE_BOUND('',#7351,.T.);
#7351 = EDGE_LOOP('',(#7352,#7363,#7369,#7370,#7371,#7380,#7388,#7396));
#7352 = ORIENTED_EDGE('',*,*,#7353,.F.);
#7353 = EDGE_CURVE('',#7354,#7356,#7358,.T.);
#7354 = VERTEX_POINT('',#7355);
#7355 = CARTESIAN_POINT('',(0.254,-9.398,2.157));
#7356 = VERTEX_POINT('',#7357);
#7357 = CARTESIAN_POINT('',(-0.127,-9.398,1.776));
#7358 = CIRCLE('',#7359,0.381);
#7359 = AXIS2_PLACEMENT_3D('',#7360,#7361,#7362);
#7360 = CARTESIAN_POINT('',(0.254,-9.398,1.776));
#7361 = DIRECTION('',(4.440892098501E-16,-1.,0.));
#7362 = DIRECTION('',(0.,0.,1.));
#7363 = ORIENTED_EDGE('',*,*,#7364,.T.);
#7364 = EDGE_CURVE('',#7354,#4722,#7365,.T.);
#7365 = LINE('',#7366,#7367);
#7366 = CARTESIAN_POINT('',(-4.440892098501E-16,-9.398,2.157));
#7367 = VECTOR('',#7368,1.);
#7368 = DIRECTION('',(1.,4.440892098501E-16,0.));
#7369 = ORIENTED_EDGE('',*,*,#4721,.T.);
#7370 = ORIENTED_EDGE('',*,*,#4681,.F.);
#7371 = ORIENTED_EDGE('',*,*,#7372,.F.);
#7372 = EDGE_CURVE('',#7373,#4682,#7375,.T.);
#7373 = VERTEX_POINT('',#7374);
#7374 = CARTESIAN_POINT('',(0.127,-9.398,1.776));
#7375 = CIRCLE('',#7376,0.127);
#7376 = AXIS2_PLACEMENT_3D('',#7377,#7378,#7379);
#7377 = CARTESIAN_POINT('',(0.254,-9.398,1.776));
#7378 = DIRECTION('',(-4.440892098501E-16,1.,0.));
#7379 = DIRECTION('',(0.,0.,-1.));
#7380 = ORIENTED_EDGE('',*,*,#7381,.T.);
#7381 = EDGE_CURVE('',#7373,#7382,#7384,.T.);
#7382 = VERTEX_POINT('',#7383);
#7383 = CARTESIAN_POINT('',(0.127,-9.398,0.));
#7384 = LINE('',#7385,#7386);
#7385 = CARTESIAN_POINT('',(0.127,-9.398,2.157));
#7386 = VECTOR('',#7387,1.);
#7387 = DIRECTION('',(1.828606641681E-31,-4.11765609504E-16,-1.));
#7388 = ORIENTED_EDGE('',*,*,#7389,.F.);
#7389 = EDGE_CURVE('',#7390,#7382,#7392,.T.);
#7390 = VERTEX_POINT('',#7391);
#7391 = CARTESIAN_POINT('',(-0.127,-9.398,0.));
#7392 = LINE('',#7393,#7394);
#7393 = CARTESIAN_POINT('',(-0.127,-9.398,0.));
#7394 = VECTOR('',#7395,1.);
#7395 = DIRECTION('',(1.,4.440892098501E-16,0.));
#7396 = ORIENTED_EDGE('',*,*,#7397,.F.);
#7397 = EDGE_CURVE('',#7356,#7390,#7398,.T.);
#7398 = LINE('',#7399,#7400);
#7399 = CARTESIAN_POINT('',(-0.127,-9.398,2.157));
#7400 = VECTOR('',#7401,1.);
#7401 = DIRECTION('',(1.828606641681E-31,-4.11765609504E-16,-1.));
#7402 = PLANE('',#7403);
#7403 = AXIS2_PLACEMENT_3D('',#7404,#7405,#7406);
#7404 = CARTESIAN_POINT('',(0.254,-9.398,2.157));
#7405 = DIRECTION('',(-4.440892098501E-16,1.,0.));
#7406 = DIRECTION('',(0.,0.,1.));
#7407 = ADVANCED_FACE('',(#7408),#7419,.F.);
#7408 = FACE_BOUND('',#7409,.F.);
#7409 = EDGE_LOOP('',(#7410,#7416,#7417,#7418));
#7410 = ORIENTED_EDGE('',*,*,#7411,.T.);
#7411 = EDGE_CURVE('',#7373,#7209,#7412,.T.);
#7412 = LINE('',#7413,#7414);
#7413 = CARTESIAN_POINT('',(0.127,-9.398,1.776));
#7414 = VECTOR('',#7415,1.);
#7415 = DIRECTION('',(4.440892098501E-16,-1.,0.));
#7416 = ORIENTED_EDGE('',*,*,#7208,.T.);
#7417 = ORIENTED_EDGE('',*,*,#4689,.F.);
#7418 = ORIENTED_EDGE('',*,*,#7372,.F.);
#7419 = CYLINDRICAL_SURFACE('',#7420,0.127);
#7420 = AXIS2_PLACEMENT_3D('',#7421,#7422,#7423);
#7421 = CARTESIAN_POINT('',(0.254,-9.398,1.776));
#7422 = DIRECTION('',(4.440892098501E-16,-1.,0.));
#7423 = DIRECTION('',(-1.,-4.440892098501E-16,0.));
#7424 = ADVANCED_FACE('',(#7425),#7450,.T.);
#7425 = FACE_BOUND('',#7426,.T.);
#7426 = EDGE_LOOP('',(#7427,#7435,#7436,#7444));
#7427 = ORIENTED_EDGE('',*,*,#7428,.T.);
#7428 = EDGE_CURVE('',#7429,#4713,#7431,.T.);
#7429 = VERTEX_POINT('',#7430);
#7430 = CARTESIAN_POINT('',(0.71,-8.382,2.157));
#7431 = LINE('',#7432,#7433);
#7432 = CARTESIAN_POINT('',(3.937,-8.382,2.157));
#7433 = VECTOR('',#7434,1.);
#7434 = DIRECTION('',(-1.,-4.440892098501E-16,0.));
#7435 = ORIENTED_EDGE('',*,*,#4729,.T.);
#7436 = ORIENTED_EDGE('',*,*,#7437,.T.);
#7437 = EDGE_CURVE('',#4722,#7438,#7440,.T.);
#7438 = VERTEX_POINT('',#7439);
#7439 = CARTESIAN_POINT('',(0.71,-9.398,2.157));
#7440 = LINE('',#7441,#7442);
#7441 = CARTESIAN_POINT('',(-4.440892098501E-16,-9.398,2.157));
#7442 = VECTOR('',#7443,1.);
#7443 = DIRECTION('',(1.,4.440892098501E-16,0.));
#7444 = ORIENTED_EDGE('',*,*,#7445,.F.);
#7445 = EDGE_CURVE('',#7429,#7438,#7446,.T.);
#7446 = LINE('',#7447,#7448);
#7447 = CARTESIAN_POINT('',(0.71,0.6235,2.157));
#7448 = VECTOR('',#7449,1.);
#7449 = DIRECTION('',(4.440892098501E-16,-1.,0.));
#7450 = B_SPLINE_SURFACE_WITH_KNOTS('',1,1,(
    (#7451,#7452)
    ,(#7453,#7454
    )),.UNSPECIFIED.,.F.,.F.,.F.,(2,2),(2,2),(0.,19.177),(0.,1.),
  .PIECEWISE_BEZIER_KNOTS.);
#7451 = CARTESIAN_POINT('',(0.635,0.6985,2.157));
#7452 = CARTESIAN_POINT('',(0.71,0.6235,2.157));
#7453 = CARTESIAN_POINT('',(0.635,-18.4785,2.157));
#7454 = CARTESIAN_POINT('',(0.71,-18.4035,2.157));
#7455 = ADVANCED_FACE('',(#7456),#7467,.T.);
#7456 = FACE_BOUND('',#7457,.T.);
#7457 = EDGE_LOOP('',(#7458,#7459,#7460,#7466));
#7458 = ORIENTED_EDGE('',*,*,#4745,.T.);
#7459 = ORIENTED_EDGE('',*,*,#4760,.T.);
#7460 = ORIENTED_EDGE('',*,*,#7461,.F.);
#7461 = EDGE_CURVE('',#6274,#4761,#7462,.T.);
#7462 = LINE('',#7463,#7464);
#7463 = CARTESIAN_POINT('',(0.71,-18.4035,2.157));
#7464 = VECTOR('',#7465,1.);
#7465 = DIRECTION('',(1.,4.440892098501E-16,0.));
#7466 = ORIENTED_EDGE('',*,*,#6273,.F.);
#7467 = B_SPLINE_SURFACE_WITH_KNOTS('',1,1,(
    (#7468,#7469)
    ,(#7470,#7471
    )),.UNSPECIFIED.,.F.,.F.,.F.,(2,2),(2,2),(0.,6.35),(0.,1.),
  .PIECEWISE_BEZIER_KNOTS.);
#7468 = CARTESIAN_POINT('',(0.635,-18.4785,2.157));
#7469 = CARTESIAN_POINT('',(0.71,-18.4035,2.157));
#7470 = CARTESIAN_POINT('',(6.985,-18.4785,2.157));
#7471 = CARTESIAN_POINT('',(6.91,-18.4035,2.157));
#7472 = ADVANCED_FACE('',(#7473),#7552,.T.);
#7473 = FACE_BOUND('',#7474,.T.);
#7474 = EDGE_LOOP('',(#7475,#7476,#7482,#7483,#7489,#7490,#7496,#7497,
    #7503,#7504,#7510,#7511,#7517,#7518,#7524,#7525,#7531,#7532,#7539,
    #7547));
#7475 = ORIENTED_EDGE('',*,*,#4776,.T.);
#7476 = ORIENTED_EDGE('',*,*,#7477,.T.);
#7477 = EDGE_CURVE('',#4769,#5087,#7478,.T.);
#7478 = LINE('',#7479,#7480);
#7479 = CARTESIAN_POINT('',(6.91,-18.4035,2.157));
#7480 = VECTOR('',#7481,1.);
#7481 = DIRECTION('',(-4.440892098501E-16,1.,0.));
#7482 = ORIENTED_EDGE('',*,*,#5103,.T.);
#7483 = ORIENTED_EDGE('',*,*,#7484,.T.);
#7484 = EDGE_CURVE('',#5096,#5415,#7485,.T.);
#7485 = LINE('',#7486,#7487);
#7486 = CARTESIAN_POINT('',(6.91,-18.4035,2.157));
#7487 = VECTOR('',#7488,1.);
#7488 = DIRECTION('',(-4.440892098501E-16,1.,0.));
#7489 = ORIENTED_EDGE('',*,*,#5431,.T.);
#7490 = ORIENTED_EDGE('',*,*,#7491,.T.);
#7491 = EDGE_CURVE('',#5424,#5743,#7492,.T.);
#7492 = LINE('',#7493,#7494);
#7493 = CARTESIAN_POINT('',(6.91,-18.4035,2.157));
#7494 = VECTOR('',#7495,1.);
#7495 = DIRECTION('',(-4.440892098501E-16,1.,0.));
#7496 = ORIENTED_EDGE('',*,*,#5759,.T.);
#7497 = ORIENTED_EDGE('',*,*,#7498,.T.);
#7498 = EDGE_CURVE('',#5752,#6071,#7499,.T.);
#7499 = LINE('',#7500,#7501);
#7500 = CARTESIAN_POINT('',(6.91,-18.4035,2.157));
#7501 = VECTOR('',#7502,1.);
#7502 = DIRECTION('',(-4.440892098501E-16,1.,0.));
#7503 = ORIENTED_EDGE('',*,*,#6087,.T.);
#7504 = ORIENTED_EDGE('',*,*,#7505,.T.);
#7505 = EDGE_CURVE('',#6080,#5890,#7506,.T.);
#7506 = LINE('',#7507,#7508);
#7507 = CARTESIAN_POINT('',(6.91,-18.4035,2.157));
#7508 = VECTOR('',#7509,1.);
#7509 = DIRECTION('',(-4.440892098501E-16,1.,0.));
#7510 = ORIENTED_EDGE('',*,*,#5906,.T.);
#7511 = ORIENTED_EDGE('',*,*,#7512,.T.);
#7512 = EDGE_CURVE('',#5899,#5562,#7513,.T.);
#7513 = LINE('',#7514,#7515);
#7514 = CARTESIAN_POINT('',(6.91,-18.4035,2.157));
#7515 = VECTOR('',#7516,1.);
#7516 = DIRECTION('',(-4.440892098501E-16,1.,0.));
#7517 = ORIENTED_EDGE('',*,*,#5578,.T.);
#7518 = ORIENTED_EDGE('',*,*,#7519,.T.);
#7519 = EDGE_CURVE('',#5571,#5234,#7520,.T.);
#7520 = LINE('',#7521,#7522);
#7521 = CARTESIAN_POINT('',(6.91,-18.4035,2.157));
#7522 = VECTOR('',#7523,1.);
#7523 = DIRECTION('',(-4.440892098501E-16,1.,0.));
#7524 = ORIENTED_EDGE('',*,*,#5250,.T.);
#7525 = ORIENTED_EDGE('',*,*,#7526,.T.);
#7526 = EDGE_CURVE('',#5243,#4907,#7527,.T.);
#7527 = LINE('',#7528,#7529);
#7528 = CARTESIAN_POINT('',(6.91,-18.4035,2.157));
#7529 = VECTOR('',#7530,1.);
#7530 = DIRECTION('',(-4.440892098501E-16,1.,0.));
#7531 = ORIENTED_EDGE('',*,*,#4922,.T.);
#7532 = ORIENTED_EDGE('',*,*,#7533,.T.);
#7533 = EDGE_CURVE('',#4916,#7534,#7536,.T.);
#7534 = VERTEX_POINT('',#7535);
#7535 = CARTESIAN_POINT('',(6.586276356577,0.299776356577,3.68));
#7536 = B_SPLINE_CURVE_WITH_KNOTS('',1,(#7537,#7538),.UNSPECIFIED.,.F.,
  .F.,(2,2),(0.,1.),.PIECEWISE_BEZIER_KNOTS.);
#7537 = CARTESIAN_POINT('',(6.91,0.6235,2.157));
#7538 = CARTESIAN_POINT('',(6.586276356577,0.299776356577,3.68));
#7539 = ORIENTED_EDGE('',*,*,#7540,.F.);
#7540 = EDGE_CURVE('',#7541,#7534,#7543,.T.);
#7541 = VERTEX_POINT('',#7542);
#7542 = CARTESIAN_POINT('',(6.586276356577,-18.07977635657,3.68));
#7543 = LINE('',#7544,#7545);
#7544 = CARTESIAN_POINT('',(6.586276356577,-18.07977635657,3.68));
#7545 = VECTOR('',#7546,1.);
#7546 = DIRECTION('',(-4.440892098501E-16,1.,0.));
#7547 = ORIENTED_EDGE('',*,*,#7548,.F.);
#7548 = EDGE_CURVE('',#4761,#7541,#7549,.T.);
#7549 = B_SPLINE_CURVE_WITH_KNOTS('',1,(#7550,#7551),.UNSPECIFIED.,.F.,
  .F.,(2,2),(0.,1.),.PIECEWISE_BEZIER_KNOTS.);
#7550 = CARTESIAN_POINT('',(6.91,-18.4035,2.157));
#7551 = CARTESIAN_POINT('',(6.586276356577,-18.07977635657,3.68));
#7552 = B_SPLINE_SURFACE_WITH_KNOTS('',1,1,(
    (#7553,#7554)
    ,(#7555,#7556
    )),.UNSPECIFIED.,.F.,.F.,.F.,(2,2),(2,2),(0.,19.027),(0.,1.),
  .PIECEWISE_BEZIER_KNOTS.);
#7553 = CARTESIAN_POINT('',(6.91,-18.4035,2.157));
#7554 = CARTESIAN_POINT('',(6.586276356577,-18.07977635657,3.68));
#7555 = CARTESIAN_POINT('',(6.91,0.6235,2.157));
#7556 = CARTESIAN_POINT('',(6.586276356577,0.299776356577,3.68));
#7557 = ADVANCED_FACE('',(#7558),#7571,.T.);
#7558 = FACE_BOUND('',#7559,.T.);
#7559 = EDGE_LOOP('',(#7560,#7561,#7562,#7563,#7569,#7570));
#7560 = ORIENTED_EDGE('',*,*,#7477,.F.);
#7561 = ORIENTED_EDGE('',*,*,#4768,.F.);
#7562 = ORIENTED_EDGE('',*,*,#4792,.F.);
#7563 = ORIENTED_EDGE('',*,*,#7564,.F.);
#7564 = EDGE_CURVE('',#4972,#4793,#7565,.T.);
#7565 = LINE('',#7566,#7567);
#7566 = CARTESIAN_POINT('',(7.366,-17.018,2.157));
#7567 = VECTOR('',#7568,1.);
#7568 = DIRECTION('',(3.216245299353E-16,-1.,0.));
#7569 = ORIENTED_EDGE('',*,*,#4980,.F.);
#7570 = ORIENTED_EDGE('',*,*,#5086,.F.);
#7571 = PLANE('',#7572);
#7572 = AXIS2_PLACEMENT_3D('',#7573,#7574,#7575);
#7573 = CARTESIAN_POINT('',(3.81,-18.0085,2.157));
#7574 = DIRECTION('',(0.,0.,1.));
#7575 = DIRECTION('',(-4.440892098501E-16,1.,0.));
#7576 = ADVANCED_FACE('',(#7577),#7620,.T.);
#7577 = FACE_BOUND('',#7578,.T.);
#7578 = EDGE_LOOP('',(#7579,#7580,#7581,#7582,#7590,#7598,#7606,#7614));
#7579 = ORIENTED_EDGE('',*,*,#4825,.F.);
#7580 = ORIENTED_EDGE('',*,*,#4994,.T.);
#7581 = ORIENTED_EDGE('',*,*,#4947,.F.);
#7582 = ORIENTED_EDGE('',*,*,#7583,.F.);
#7583 = EDGE_CURVE('',#7584,#4948,#7586,.T.);
#7584 = VERTEX_POINT('',#7585);
#7585 = CARTESIAN_POINT('',(7.493,-17.5515,0.));
#7586 = LINE('',#7587,#7588);
#7587 = CARTESIAN_POINT('',(7.493,-17.5515,0.));
#7588 = VECTOR('',#7589,1.);
#7589 = DIRECTION('',(-3.216245299353E-16,1.,0.));
#7590 = ORIENTED_EDGE('',*,*,#7591,.F.);
#7591 = EDGE_CURVE('',#7592,#7584,#7594,.T.);
#7592 = VERTEX_POINT('',#7593);
#7593 = CARTESIAN_POINT('',(7.493,-17.5515,-2.843));
#7594 = LINE('',#7595,#7596);
#7595 = CARTESIAN_POINT('',(7.493,-17.5515,-2.843));
#7596 = VECTOR('',#7597,1.);
#7597 = DIRECTION('',(-2.009567124409E-31,6.248177416111E-16,1.));
#7598 = ORIENTED_EDGE('',*,*,#7599,.F.);
#7599 = EDGE_CURVE('',#7600,#7592,#7602,.T.);
#7600 = VERTEX_POINT('',#7601);
#7601 = CARTESIAN_POINT('',(7.493,-17.66575,-3.3));
#7602 = LINE('',#7603,#7604);
#7603 = CARTESIAN_POINT('',(7.493,-17.66575,-3.3));
#7604 = VECTOR('',#7605,1.);
#7605 = DIRECTION('',(-7.800540639491E-17,0.242535625036,0.970142500145)
  );
#7606 = ORIENTED_EDGE('',*,*,#7607,.F.);
#7607 = EDGE_CURVE('',#7608,#7600,#7610,.T.);
#7608 = VERTEX_POINT('',#7609);
#7609 = CARTESIAN_POINT('',(7.493,-17.89425,-3.3));
#7610 = LINE('',#7611,#7612);
#7611 = CARTESIAN_POINT('',(7.493,-17.89425,-3.3));
#7612 = VECTOR('',#7613,1.);
#7613 = DIRECTION('',(-3.216245299353E-16,1.,0.));
#7614 = ORIENTED_EDGE('',*,*,#7615,.F.);
#7615 = EDGE_CURVE('',#4818,#7608,#7616,.T.);
#7616 = LINE('',#7617,#7618);
#7617 = CARTESIAN_POINT('',(7.493,-18.0085,-2.843));
#7618 = VECTOR('',#7619,1.);
#7619 = DIRECTION('',(-7.800540639491E-17,0.242535625036,-0.970142500145
    ));
#7620 = PLANE('',#7621);
#7621 = AXIS2_PLACEMENT_3D('',#7622,#7623,#7624);
#7622 = CARTESIAN_POINT('',(7.493,-18.0085,2.157));
#7623 = DIRECTION('',(-1.,-3.216245299353E-16,0.));
#7624 = DIRECTION('',(0.,-0.,-1.));
#7625 = ADVANCED_FACE('',(#7626),#7644,.T.);
#7626 = FACE_BOUND('',#7627,.T.);
#7627 = EDGE_LOOP('',(#7628,#7629,#7630,#7638));
#7628 = ORIENTED_EDGE('',*,*,#4817,.T.);
#7629 = ORIENTED_EDGE('',*,*,#7615,.T.);
#7630 = ORIENTED_EDGE('',*,*,#7631,.F.);
#7631 = EDGE_CURVE('',#7632,#7608,#7634,.T.);
#7632 = VERTEX_POINT('',#7633);
#7633 = CARTESIAN_POINT('',(7.747,-17.89425,-3.3));
#7634 = LINE('',#7635,#7636);
#7635 = CARTESIAN_POINT('',(7.747,-17.89425,-3.3));
#7636 = VECTOR('',#7637,1.);
#7637 = DIRECTION('',(-1.,-3.216245299353E-16,0.));
#7638 = ORIENTED_EDGE('',*,*,#7639,.F.);
#7639 = EDGE_CURVE('',#4810,#7632,#7640,.T.);
#7640 = LINE('',#7641,#7642);
#7641 = CARTESIAN_POINT('',(7.747,-18.0085,-2.843));
#7642 = VECTOR('',#7643,1.);
#7643 = DIRECTION('',(-7.800540639491E-17,0.242535625036,-0.970142500145
    ));
#7644 = PLANE('',#7645);
#7645 = AXIS2_PLACEMENT_3D('',#7646,#7647,#7648);
#7646 = CARTESIAN_POINT('',(7.747,-18.0085,-2.843));
#7647 = DIRECTION('',(3.120216255796E-16,-0.970142500145,-0.242535625036
    ));
#7648 = DIRECTION('',(-7.800540639491E-17,0.242535625036,-0.970142500145
    ));
#7649 = ADVANCED_FACE('',(#7650),#7691,.F.);
#7650 = FACE_BOUND('',#7651,.F.);
#7651 = EDGE_LOOP('',(#7652,#7653,#7659,#7660,#7668,#7676,#7684,#7690));
#7652 = ORIENTED_EDGE('',*,*,#4809,.F.);
#7653 = ORIENTED_EDGE('',*,*,#7654,.F.);
#7654 = EDGE_CURVE('',#4964,#4801,#7655,.T.);
#7655 = LINE('',#7656,#7657);
#7656 = CARTESIAN_POINT('',(7.747,-17.018,1.776));
#7657 = VECTOR('',#7658,1.);
#7658 = DIRECTION('',(3.216245299353E-16,-1.,0.));
#7659 = ORIENTED_EDGE('',*,*,#4963,.F.);
#7660 = ORIENTED_EDGE('',*,*,#7661,.F.);
#7661 = EDGE_CURVE('',#7662,#4956,#7664,.T.);
#7662 = VERTEX_POINT('',#7663);
#7663 = CARTESIAN_POINT('',(7.747,-17.5515,0.));
#7664 = LINE('',#7665,#7666);
#7665 = CARTESIAN_POINT('',(7.747,-17.5515,0.));
#7666 = VECTOR('',#7667,1.);
#7667 = DIRECTION('',(-3.216245299353E-16,1.,0.));
#7668 = ORIENTED_EDGE('',*,*,#7669,.F.);
#7669 = EDGE_CURVE('',#7670,#7662,#7672,.T.);
#7670 = VERTEX_POINT('',#7671);
#7671 = CARTESIAN_POINT('',(7.747,-17.5515,-2.843));
#7672 = LINE('',#7673,#7674);
#7673 = CARTESIAN_POINT('',(7.747,-17.5515,-2.843));
#7674 = VECTOR('',#7675,1.);
#7675 = DIRECTION('',(-2.009567124409E-31,6.248177416111E-16,1.));
#7676 = ORIENTED_EDGE('',*,*,#7677,.F.);
#7677 = EDGE_CURVE('',#7678,#7670,#7680,.T.);
#7678 = VERTEX_POINT('',#7679);
#7679 = CARTESIAN_POINT('',(7.747,-17.66575,-3.3));
#7680 = LINE('',#7681,#7682);
#7681 = CARTESIAN_POINT('',(7.747,-17.66575,-3.3));
#7682 = VECTOR('',#7683,1.);
#7683 = DIRECTION('',(-7.800540639491E-17,0.242535625036,0.970142500145)
  );
#7684 = ORIENTED_EDGE('',*,*,#7685,.F.);
#7685 = EDGE_CURVE('',#7632,#7678,#7686,.T.);
#7686 = LINE('',#7687,#7688);
#7687 = CARTESIAN_POINT('',(7.747,-17.89425,-3.3));
#7688 = VECTOR('',#7689,1.);
#7689 = DIRECTION('',(-3.216245299353E-16,1.,0.));
#7690 = ORIENTED_EDGE('',*,*,#7639,.F.);
#7691 = PLANE('',#7692);
#7692 = AXIS2_PLACEMENT_3D('',#7693,#7694,#7695);
#7693 = CARTESIAN_POINT('',(7.747,-18.0085,2.157));
#7694 = DIRECTION('',(-1.,-3.216245299353E-16,0.));
#7695 = DIRECTION('',(0.,-0.,-1.));
#7696 = ADVANCED_FACE('',(#7697),#7703,.T.);
#7697 = FACE_BOUND('',#7698,.T.);
#7698 = EDGE_LOOP('',(#7699,#7700,#7701,#7702));
#7699 = ORIENTED_EDGE('',*,*,#7564,.T.);
#7700 = ORIENTED_EDGE('',*,*,#4800,.T.);
#7701 = ORIENTED_EDGE('',*,*,#7654,.F.);
#7702 = ORIENTED_EDGE('',*,*,#4971,.F.);
#7703 = CYLINDRICAL_SURFACE('',#7704,0.381);
#7704 = AXIS2_PLACEMENT_3D('',#7705,#7706,#7707);
#7705 = CARTESIAN_POINT('',(7.366,-17.018,1.776));
#7706 = DIRECTION('',(3.216245299353E-16,-1.,0.));
#7707 = DIRECTION('',(0.,0.,1.));
#7708 = ADVANCED_FACE('',(#7709),#7722,.T.);
#7709 = FACE_BOUND('',#7710,.T.);
#7710 = EDGE_LOOP('',(#7711,#7712,#7713,#7714,#7720,#7721));
#7711 = ORIENTED_EDGE('',*,*,#7526,.F.);
#7712 = ORIENTED_EDGE('',*,*,#5242,.F.);
#7713 = ORIENTED_EDGE('',*,*,#5072,.F.);
#7714 = ORIENTED_EDGE('',*,*,#7715,.F.);
#7715 = EDGE_CURVE('',#4884,#5064,#7716,.T.);
#7716 = LINE('',#7717,#7718);
#7717 = CARTESIAN_POINT('',(7.366,0.2285,2.157));
#7718 = VECTOR('',#7719,1.);
#7719 = DIRECTION('',(3.216245299353E-16,-1.,0.));
#7720 = ORIENTED_EDGE('',*,*,#4892,.F.);
#7721 = ORIENTED_EDGE('',*,*,#4906,.F.);
#7722 = PLANE('',#7723);
#7723 = AXIS2_PLACEMENT_3D('',#7724,#7725,#7726);
#7724 = CARTESIAN_POINT('',(3.81,-0.762,2.157));
#7725 = DIRECTION('',(0.,0.,1.));
#7726 = DIRECTION('',(-4.440892098501E-16,1.,0.));
#7727 = ADVANCED_FACE('',(#7728),#7739,.T.);
#7728 = FACE_BOUND('',#7729,.T.);
#7729 = EDGE_LOOP('',(#7730,#7731,#7732,#7733));
#7730 = ORIENTED_EDGE('',*,*,#4883,.T.);
#7731 = ORIENTED_EDGE('',*,*,#7715,.T.);
#7732 = ORIENTED_EDGE('',*,*,#5063,.F.);
#7733 = ORIENTED_EDGE('',*,*,#7734,.F.);
#7734 = EDGE_CURVE('',#4876,#5056,#7735,.T.);
#7735 = LINE('',#7736,#7737);
#7736 = CARTESIAN_POINT('',(7.747,0.2285,1.776));
#7737 = VECTOR('',#7738,1.);
#7738 = DIRECTION('',(3.216245299353E-16,-1.,0.));
#7739 = CYLINDRICAL_SURFACE('',#7740,0.381);
#7740 = AXIS2_PLACEMENT_3D('',#7741,#7742,#7743);
#7741 = CARTESIAN_POINT('',(7.366,0.2285,1.776));
#7742 = DIRECTION('',(3.216245299353E-16,-1.,0.));
#7743 = DIRECTION('',(1.,3.216245299353E-16,0.));
#7744 = ADVANCED_FACE('',(#7745),#7788,.T.);
#7745 = FACE_BOUND('',#7746,.T.);
#7746 = EDGE_LOOP('',(#7747,#7748,#7749,#7750,#7758,#7766,#7774,#7782));
#7747 = ORIENTED_EDGE('',*,*,#4875,.F.);
#7748 = ORIENTED_EDGE('',*,*,#7734,.T.);
#7749 = ORIENTED_EDGE('',*,*,#5055,.F.);
#7750 = ORIENTED_EDGE('',*,*,#7751,.F.);
#7751 = EDGE_CURVE('',#7752,#5048,#7754,.T.);
#7752 = VERTEX_POINT('',#7753);
#7753 = CARTESIAN_POINT('',(7.747,-0.2285,0.));
#7754 = LINE('',#7755,#7756);
#7755 = CARTESIAN_POINT('',(7.747,-0.2285,0.));
#7756 = VECTOR('',#7757,1.);
#7757 = DIRECTION('',(3.216245299353E-16,-1.,0.));
#7758 = ORIENTED_EDGE('',*,*,#7759,.F.);
#7759 = EDGE_CURVE('',#7760,#7752,#7762,.T.);
#7760 = VERTEX_POINT('',#7761);
#7761 = CARTESIAN_POINT('',(7.747,-0.2285,-2.843));
#7762 = LINE('',#7763,#7764);
#7763 = CARTESIAN_POINT('',(7.747,-0.2285,-2.843));
#7764 = VECTOR('',#7765,1.);
#7765 = DIRECTION('',(2.009567124409E-31,-6.248177416111E-16,1.));
#7766 = ORIENTED_EDGE('',*,*,#7767,.F.);
#7767 = EDGE_CURVE('',#7768,#7760,#7770,.T.);
#7768 = VERTEX_POINT('',#7769);
#7769 = CARTESIAN_POINT('',(7.747,-0.11425,-3.3));
#7770 = LINE('',#7771,#7772);
#7771 = CARTESIAN_POINT('',(7.747,-0.11425,-3.3));
#7772 = VECTOR('',#7773,1.);
#7773 = DIRECTION('',(7.800540639491E-17,-0.242535625036,0.970142500145)
  );
#7774 = ORIENTED_EDGE('',*,*,#7775,.F.);
#7775 = EDGE_CURVE('',#7776,#7768,#7778,.T.);
#7776 = VERTEX_POINT('',#7777);
#7777 = CARTESIAN_POINT('',(7.747,0.11425,-3.3));
#7778 = LINE('',#7779,#7780);
#7779 = CARTESIAN_POINT('',(7.747,0.11425,-3.3));
#7780 = VECTOR('',#7781,1.);
#7781 = DIRECTION('',(3.216245299353E-16,-1.,0.));
#7782 = ORIENTED_EDGE('',*,*,#7783,.F.);
#7783 = EDGE_CURVE('',#4868,#7776,#7784,.T.);
#7784 = LINE('',#7785,#7786);
#7785 = CARTESIAN_POINT('',(7.747,0.2285,-2.843));
#7786 = VECTOR('',#7787,1.);
#7787 = DIRECTION('',(7.800540639491E-17,-0.242535625036,-0.970142500145
    ));
#7788 = PLANE('',#7789);
#7789 = AXIS2_PLACEMENT_3D('',#7790,#7791,#7792);
#7790 = CARTESIAN_POINT('',(7.747,0.2285,2.157));
#7791 = DIRECTION('',(1.,3.216245299353E-16,0.));
#7792 = DIRECTION('',(0.,-0.,1.));
#7793 = ADVANCED_FACE('',(#7794),#7812,.F.);
#7794 = FACE_BOUND('',#7795,.F.);
#7795 = EDGE_LOOP('',(#7796,#7797,#7805,#7811));
#7796 = ORIENTED_EDGE('',*,*,#4867,.T.);
#7797 = ORIENTED_EDGE('',*,*,#7798,.T.);
#7798 = EDGE_CURVE('',#4860,#7799,#7801,.T.);
#7799 = VERTEX_POINT('',#7800);
#7800 = CARTESIAN_POINT('',(7.493,0.11425,-3.3));
#7801 = LINE('',#7802,#7803);
#7802 = CARTESIAN_POINT('',(7.493,0.2285,-2.843));
#7803 = VECTOR('',#7804,1.);
#7804 = DIRECTION('',(7.800540639491E-17,-0.242535625036,-0.970142500145
    ));
#7805 = ORIENTED_EDGE('',*,*,#7806,.F.);
#7806 = EDGE_CURVE('',#7776,#7799,#7807,.T.);
#7807 = LINE('',#7808,#7809);
#7808 = CARTESIAN_POINT('',(7.747,0.11425,-3.3));
#7809 = VECTOR('',#7810,1.);
#7810 = DIRECTION('',(-1.,-3.216245299353E-16,0.));
#7811 = ORIENTED_EDGE('',*,*,#7783,.F.);
#7812 = PLANE('',#7813);
#7813 = AXIS2_PLACEMENT_3D('',#7814,#7815,#7816);
#7814 = CARTESIAN_POINT('',(7.747,0.2285,-2.843));
#7815 = DIRECTION('',(3.120216255796E-16,-0.970142500145,0.242535625036)
  );
#7816 = DIRECTION('',(7.800540639491E-17,-0.242535625036,-0.970142500145
    ));
#7817 = ADVANCED_FACE('',(#7818),#7854,.F.);
#7818 = FACE_BOUND('',#7819,.F.);
#7819 = EDGE_LOOP('',(#7820,#7821,#7822,#7823,#7831,#7839,#7847,#7853));
#7820 = ORIENTED_EDGE('',*,*,#4859,.F.);
#7821 = ORIENTED_EDGE('',*,*,#5022,.T.);
#7822 = ORIENTED_EDGE('',*,*,#5039,.F.);
#7823 = ORIENTED_EDGE('',*,*,#7824,.F.);
#7824 = EDGE_CURVE('',#7825,#5040,#7827,.T.);
#7825 = VERTEX_POINT('',#7826);
#7826 = CARTESIAN_POINT('',(7.493,-0.2285,0.));
#7827 = LINE('',#7828,#7829);
#7828 = CARTESIAN_POINT('',(7.493,-0.2285,0.));
#7829 = VECTOR('',#7830,1.);
#7830 = DIRECTION('',(3.216245299353E-16,-1.,0.));
#7831 = ORIENTED_EDGE('',*,*,#7832,.F.);
#7832 = EDGE_CURVE('',#7833,#7825,#7835,.T.);
#7833 = VERTEX_POINT('',#7834);
#7834 = CARTESIAN_POINT('',(7.493,-0.2285,-2.843));
#7835 = LINE('',#7836,#7837);
#7836 = CARTESIAN_POINT('',(7.493,-0.2285,-2.843));
#7837 = VECTOR('',#7838,1.);
#7838 = DIRECTION('',(2.009567124409E-31,-6.248177416111E-16,1.));
#7839 = ORIENTED_EDGE('',*,*,#7840,.F.);
#7840 = EDGE_CURVE('',#7841,#7833,#7843,.T.);
#7841 = VERTEX_POINT('',#7842);
#7842 = CARTESIAN_POINT('',(7.493,-0.11425,-3.3));
#7843 = LINE('',#7844,#7845);
#7844 = CARTESIAN_POINT('',(7.493,-0.11425,-3.3));
#7845 = VECTOR('',#7846,1.);
#7846 = DIRECTION('',(7.800540639491E-17,-0.242535625036,0.970142500145)
  );
#7847 = ORIENTED_EDGE('',*,*,#7848,.F.);
#7848 = EDGE_CURVE('',#7799,#7841,#7849,.T.);
#7849 = LINE('',#7850,#7851);
#7850 = CARTESIAN_POINT('',(7.493,0.11425,-3.3));
#7851 = VECTOR('',#7852,1.);
#7852 = DIRECTION('',(3.216245299353E-16,-1.,0.));
#7853 = ORIENTED_EDGE('',*,*,#7798,.F.);
#7854 = PLANE('',#7855);
#7855 = AXIS2_PLACEMENT_3D('',#7856,#7857,#7858);
#7856 = CARTESIAN_POINT('',(7.493,0.2285,2.157));
#7857 = DIRECTION('',(1.,3.216245299353E-16,0.));
#7858 = DIRECTION('',(0.,-0.,1.));
#7859 = ADVANCED_FACE('',(#7860),#7871,.T.);
#7860 = FACE_BOUND('',#7861,.T.);
#7861 = EDGE_LOOP('',(#7862,#7868,#7869,#7870));
#7862 = ORIENTED_EDGE('',*,*,#7863,.T.);
#7863 = EDGE_CURVE('',#7662,#7584,#7864,.T.);
#7864 = LINE('',#7865,#7866);
#7865 = CARTESIAN_POINT('',(7.747,-17.5515,0.));
#7866 = VECTOR('',#7867,1.);
#7867 = DIRECTION('',(-1.,-3.216245299353E-16,0.));
#7868 = ORIENTED_EDGE('',*,*,#7583,.T.);
#7869 = ORIENTED_EDGE('',*,*,#4955,.F.);
#7870 = ORIENTED_EDGE('',*,*,#7661,.F.);
#7871 = PLANE('',#7872);
#7872 = AXIS2_PLACEMENT_3D('',#7873,#7874,#7875);
#7873 = CARTESIAN_POINT('',(7.747,-17.5515,0.));
#7874 = DIRECTION('',(-0.,0.,-1.));
#7875 = DIRECTION('',(-3.216245299353E-16,1.,0.));
#7876 = ADVANCED_FACE('',(#7877),#7888,.F.);
#7877 = FACE_BOUND('',#7878,.F.);
#7878 = EDGE_LOOP('',(#7879,#7885,#7886,#7887));
#7879 = ORIENTED_EDGE('',*,*,#7880,.T.);
#7880 = EDGE_CURVE('',#7752,#7825,#7881,.T.);
#7881 = LINE('',#7882,#7883);
#7882 = CARTESIAN_POINT('',(7.747,-0.2285,0.));
#7883 = VECTOR('',#7884,1.);
#7884 = DIRECTION('',(-1.,-3.216245299353E-16,0.));
#7885 = ORIENTED_EDGE('',*,*,#7824,.T.);
#7886 = ORIENTED_EDGE('',*,*,#5047,.F.);
#7887 = ORIENTED_EDGE('',*,*,#7751,.F.);
#7888 = PLANE('',#7889);
#7889 = AXIS2_PLACEMENT_3D('',#7890,#7891,#7892);
#7890 = CARTESIAN_POINT('',(7.747,-0.2285,0.));
#7891 = DIRECTION('',(0.,0.,1.));
#7892 = DIRECTION('',(3.216245299353E-16,-1.,0.));
#7893 = ADVANCED_FACE('',(#7894),#7907,.T.);
#7894 = FACE_BOUND('',#7895,.T.);
#7895 = EDGE_LOOP('',(#7896,#7897,#7898,#7899,#7905,#7906));
#7896 = ORIENTED_EDGE('',*,*,#7484,.F.);
#7897 = ORIENTED_EDGE('',*,*,#5095,.F.);
#7898 = ORIENTED_EDGE('',*,*,#5119,.F.);
#7899 = ORIENTED_EDGE('',*,*,#7900,.F.);
#7900 = EDGE_CURVE('',#5267,#5120,#7901,.T.);
#7901 = LINE('',#7902,#7903);
#7902 = CARTESIAN_POINT('',(7.366,-14.478,2.157));
#7903 = VECTOR('',#7904,1.);
#7904 = DIRECTION('',(3.216245299353E-16,-1.,0.));
#7905 = ORIENTED_EDGE('',*,*,#5266,.F.);
#7906 = ORIENTED_EDGE('',*,*,#5414,.F.);
#7907 = PLANE('',#7908);
#7908 = AXIS2_PLACEMENT_3D('',#7909,#7910,#7911);
#7909 = CARTESIAN_POINT('',(3.683,-16.002,2.157));
#7910 = DIRECTION('',(0.,0.,1.));
#7911 = DIRECTION('',(-4.440892098501E-16,1.,0.));
#7912 = ADVANCED_FACE('',(#7913),#7972,.T.);
#7913 = FACE_BOUND('',#7914,.T.);
#7914 = EDGE_LOOP('',(#7915,#7916,#7917,#7918,#7926,#7934,#7942,#7950,
    #7958,#7966));
#7915 = ORIENTED_EDGE('',*,*,#5152,.F.);
#7916 = ORIENTED_EDGE('',*,*,#5322,.T.);
#7917 = ORIENTED_EDGE('',*,*,#5299,.F.);
#7918 = ORIENTED_EDGE('',*,*,#7919,.F.);
#7919 = EDGE_CURVE('',#7920,#5292,#7922,.T.);
#7920 = VERTEX_POINT('',#7921);
#7921 = CARTESIAN_POINT('',(7.493,-15.0115,0.));
#7922 = LINE('',#7923,#7924);
#7923 = CARTESIAN_POINT('',(7.493,-15.0115,0.));
#7924 = VECTOR('',#7925,1.);
#7925 = DIRECTION('',(-3.216245299353E-16,1.,0.));
#7926 = ORIENTED_EDGE('',*,*,#7927,.F.);
#7927 = EDGE_CURVE('',#7928,#7920,#7930,.T.);
#7928 = VERTEX_POINT('',#7929);
#7929 = CARTESIAN_POINT('',(7.493,-15.0115,-2.843));
#7930 = LINE('',#7931,#7932);
#7931 = CARTESIAN_POINT('',(7.493,-15.0115,-2.843));
#7932 = VECTOR('',#7933,1.);
#7933 = DIRECTION('',(-1.004783562205E-31,3.124088708055E-16,1.));
#7934 = ORIENTED_EDGE('',*,*,#7935,.F.);
#7935 = EDGE_CURVE('',#7936,#7928,#7938,.T.);
#7936 = VERTEX_POINT('',#7937);
#7937 = CARTESIAN_POINT('',(7.493,-15.12575,-3.3));
#7938 = LINE('',#7939,#7940);
#7939 = CARTESIAN_POINT('',(7.493,-15.12575,-3.3));
#7940 = VECTOR('',#7941,1.);
#7941 = DIRECTION('',(-7.800540639491E-17,0.242535625036,0.970142500145)
  );
#7942 = ORIENTED_EDGE('',*,*,#7943,.F.);
#7943 = EDGE_CURVE('',#7944,#7936,#7946,.T.);
#7944 = VERTEX_POINT('',#7945);
#7945 = CARTESIAN_POINT('',(7.493,-15.35425,-3.3));
#7946 = LINE('',#7947,#7948);
#7947 = CARTESIAN_POINT('',(7.493,-15.35425,-3.3));
#7948 = VECTOR('',#7949,1.);
#7949 = DIRECTION('',(-3.216245299353E-16,1.,0.));
#7950 = ORIENTED_EDGE('',*,*,#7951,.F.);
#7951 = EDGE_CURVE('',#7952,#7944,#7954,.T.);
#7952 = VERTEX_POINT('',#7953);
#7953 = CARTESIAN_POINT('',(7.493,-15.4685,-2.843));
#7954 = LINE('',#7955,#7956);
#7955 = CARTESIAN_POINT('',(7.493,-15.4685,-2.843));
#7956 = VECTOR('',#7957,1.);
#7957 = DIRECTION('',(-7.800540639491E-17,0.242535625036,-0.970142500145
    ));
#7958 = ORIENTED_EDGE('',*,*,#7959,.F.);
#7959 = EDGE_CURVE('',#7960,#7952,#7962,.T.);
#7960 = VERTEX_POINT('',#7961);
#7961 = CARTESIAN_POINT('',(7.493,-15.4685,0.));
#7962 = LINE('',#7963,#7964);
#7963 = CARTESIAN_POINT('',(7.493,-15.4685,0.));
#7964 = VECTOR('',#7965,1.);
#7965 = DIRECTION('',(-1.004783562205E-31,3.124088708055E-16,-1.));
#7966 = ORIENTED_EDGE('',*,*,#7967,.F.);
#7967 = EDGE_CURVE('',#5145,#7960,#7968,.T.);
#7968 = LINE('',#7969,#7970);
#7969 = CARTESIAN_POINT('',(7.493,-16.002,0.));
#7970 = VECTOR('',#7971,1.);
#7971 = DIRECTION('',(-3.216245299353E-16,1.,0.));
#7972 = PLANE('',#7973);
#7973 = AXIS2_PLACEMENT_3D('',#7974,#7975,#7976);
#7974 = CARTESIAN_POINT('',(7.493,-16.002,2.157));
#7975 = DIRECTION('',(-1.,-3.216245299353E-16,0.));
#7976 = DIRECTION('',(0.,-0.,-1.));
#7977 = ADVANCED_FACE('',(#7978),#7996,.T.);
#7978 = FACE_BOUND('',#7979,.T.);
#7979 = EDGE_LOOP('',(#7980,#7981,#7982,#7990));
#7980 = ORIENTED_EDGE('',*,*,#5144,.T.);
#7981 = ORIENTED_EDGE('',*,*,#7967,.T.);
#7982 = ORIENTED_EDGE('',*,*,#7983,.F.);
#7983 = EDGE_CURVE('',#7984,#7960,#7986,.T.);
#7984 = VERTEX_POINT('',#7985);
#7985 = CARTESIAN_POINT('',(7.747,-15.4685,0.));
#7986 = LINE('',#7987,#7988);
#7987 = CARTESIAN_POINT('',(7.747,-15.4685,0.));
#7988 = VECTOR('',#7989,1.);
#7989 = DIRECTION('',(-1.,-3.216245299353E-16,0.));
#7990 = ORIENTED_EDGE('',*,*,#7991,.F.);
#7991 = EDGE_CURVE('',#5137,#7984,#7992,.T.);
#7992 = LINE('',#7993,#7994);
#7993 = CARTESIAN_POINT('',(7.747,-16.002,0.));
#7994 = VECTOR('',#7995,1.);
#7995 = DIRECTION('',(-3.216245299353E-16,1.,0.));
#7996 = PLANE('',#7997);
#7997 = AXIS2_PLACEMENT_3D('',#7998,#7999,#8000);
#7998 = CARTESIAN_POINT('',(7.747,-16.002,0.));
#7999 = DIRECTION('',(-0.,0.,-1.));
#8000 = DIRECTION('',(-3.216245299353E-16,1.,0.));
#8001 = ADVANCED_FACE('',(#8002),#8059,.F.);
#8002 = FACE_BOUND('',#8003,.F.);
#8003 = EDGE_LOOP('',(#8004,#8005,#8011,#8012,#8020,#8028,#8036,#8044,
    #8052,#8058));
#8004 = ORIENTED_EDGE('',*,*,#5136,.F.);
#8005 = ORIENTED_EDGE('',*,*,#8006,.F.);
#8006 = EDGE_CURVE('',#5275,#5128,#8007,.T.);
#8007 = LINE('',#8008,#8009);
#8008 = CARTESIAN_POINT('',(7.747,-14.478,1.776));
#8009 = VECTOR('',#8010,1.);
#8010 = DIRECTION('',(3.216245299353E-16,-1.,0.));
#8011 = ORIENTED_EDGE('',*,*,#5283,.F.);
#8012 = ORIENTED_EDGE('',*,*,#8013,.F.);
#8013 = EDGE_CURVE('',#8014,#5284,#8016,.T.);
#8014 = VERTEX_POINT('',#8015);
#8015 = CARTESIAN_POINT('',(7.747,-15.0115,0.));
#8016 = LINE('',#8017,#8018);
#8017 = CARTESIAN_POINT('',(7.747,-15.0115,0.));
#8018 = VECTOR('',#8019,1.);
#8019 = DIRECTION('',(-3.216245299353E-16,1.,0.));
#8020 = ORIENTED_EDGE('',*,*,#8021,.F.);
#8021 = EDGE_CURVE('',#8022,#8014,#8024,.T.);
#8022 = VERTEX_POINT('',#8023);
#8023 = CARTESIAN_POINT('',(7.747,-15.0115,-2.843));
#8024 = LINE('',#8025,#8026);
#8025 = CARTESIAN_POINT('',(7.747,-15.0115,-2.843));
#8026 = VECTOR('',#8027,1.);
#8027 = DIRECTION('',(-1.004783562205E-31,3.124088708055E-16,1.));
#8028 = ORIENTED_EDGE('',*,*,#8029,.F.);
#8029 = EDGE_CURVE('',#8030,#8022,#8032,.T.);
#8030 = VERTEX_POINT('',#8031);
#8031 = CARTESIAN_POINT('',(7.747,-15.12575,-3.3));
#8032 = LINE('',#8033,#8034);
#8033 = CARTESIAN_POINT('',(7.747,-15.12575,-3.3));
#8034 = VECTOR('',#8035,1.);
#8035 = DIRECTION('',(-7.800540639491E-17,0.242535625036,0.970142500145)
  );
#8036 = ORIENTED_EDGE('',*,*,#8037,.F.);
#8037 = EDGE_CURVE('',#8038,#8030,#8040,.T.);
#8038 = VERTEX_POINT('',#8039);
#8039 = CARTESIAN_POINT('',(7.747,-15.35425,-3.3));
#8040 = LINE('',#8041,#8042);
#8041 = CARTESIAN_POINT('',(7.747,-15.35425,-3.3));
#8042 = VECTOR('',#8043,1.);
#8043 = DIRECTION('',(-3.216245299353E-16,1.,0.));
#8044 = ORIENTED_EDGE('',*,*,#8045,.F.);
#8045 = EDGE_CURVE('',#8046,#8038,#8048,.T.);
#8046 = VERTEX_POINT('',#8047);
#8047 = CARTESIAN_POINT('',(7.747,-15.4685,-2.843));
#8048 = LINE('',#8049,#8050);
#8049 = CARTESIAN_POINT('',(7.747,-15.4685,-2.843));
#8050 = VECTOR('',#8051,1.);
#8051 = DIRECTION('',(-7.800540639491E-17,0.242535625036,-0.970142500145
    ));
#8052 = ORIENTED_EDGE('',*,*,#8053,.F.);
#8053 = EDGE_CURVE('',#7984,#8046,#8054,.T.);
#8054 = LINE('',#8055,#8056);
#8055 = CARTESIAN_POINT('',(7.747,-15.4685,0.));
#8056 = VECTOR('',#8057,1.);
#8057 = DIRECTION('',(-1.004783562205E-31,3.124088708055E-16,-1.));
#8058 = ORIENTED_EDGE('',*,*,#7991,.F.);
#8059 = PLANE('',#8060);
#8060 = AXIS2_PLACEMENT_3D('',#8061,#8062,#8063);
#8061 = CARTESIAN_POINT('',(7.747,-16.002,2.157));
#8062 = DIRECTION('',(-1.,-3.216245299353E-16,0.));
#8063 = DIRECTION('',(0.,-0.,-1.));
#8064 = ADVANCED_FACE('',(#8065),#8071,.T.);
#8065 = FACE_BOUND('',#8066,.T.);
#8066 = EDGE_LOOP('',(#8067,#8068,#8069,#8070));
#8067 = ORIENTED_EDGE('',*,*,#7900,.T.);
#8068 = ORIENTED_EDGE('',*,*,#5127,.T.);
#8069 = ORIENTED_EDGE('',*,*,#8006,.F.);
#8070 = ORIENTED_EDGE('',*,*,#5274,.F.);
#8071 = CYLINDRICAL_SURFACE('',#8072,0.381);
#8072 = AXIS2_PLACEMENT_3D('',#8073,#8074,#8075);
#8073 = CARTESIAN_POINT('',(7.366,-14.478,1.776));
#8074 = DIRECTION('',(3.216245299353E-16,-1.,0.));
#8075 = DIRECTION('',(0.,0.,1.));
#8076 = ADVANCED_FACE('',(#8077),#8136,.T.);
#8077 = FACE_BOUND('',#8078,.T.);
#8078 = EDGE_LOOP('',(#8079,#8080,#8081,#8082,#8090,#8098,#8106,#8114,
    #8122,#8130));
#8079 = ORIENTED_EDGE('',*,*,#5399,.F.);
#8080 = ORIENTED_EDGE('',*,*,#5339,.T.);
#8081 = ORIENTED_EDGE('',*,*,#5210,.F.);
#8082 = ORIENTED_EDGE('',*,*,#8083,.F.);
#8083 = EDGE_CURVE('',#8084,#5203,#8086,.T.);
#8084 = VERTEX_POINT('',#8085);
#8085 = CARTESIAN_POINT('',(7.493,-2.3115,0.));
#8086 = LINE('',#8087,#8088);
#8087 = CARTESIAN_POINT('',(7.493,-2.3115,0.));
#8088 = VECTOR('',#8089,1.);
#8089 = DIRECTION('',(-3.216245299353E-16,1.,0.));
#8090 = ORIENTED_EDGE('',*,*,#8091,.F.);
#8091 = EDGE_CURVE('',#8092,#8084,#8094,.T.);
#8092 = VERTEX_POINT('',#8093);
#8093 = CARTESIAN_POINT('',(7.493,-2.3115,-2.843));
#8094 = LINE('',#8095,#8096);
#8095 = CARTESIAN_POINT('',(7.493,-2.3115,-2.843));
#8096 = VECTOR('',#8097,1.);
#8097 = DIRECTION('',(-1.004783562205E-31,3.124088708055E-16,1.));
#8098 = ORIENTED_EDGE('',*,*,#8099,.F.);
#8099 = EDGE_CURVE('',#8100,#8092,#8102,.T.);
#8100 = VERTEX_POINT('',#8101);
#8101 = CARTESIAN_POINT('',(7.493,-2.42575,-3.3));
#8102 = LINE('',#8103,#8104);
#8103 = CARTESIAN_POINT('',(7.493,-2.42575,-3.3));
#8104 = VECTOR('',#8105,1.);
#8105 = DIRECTION('',(-7.800540639491E-17,0.242535625036,0.970142500145)
  );
#8106 = ORIENTED_EDGE('',*,*,#8107,.F.);
#8107 = EDGE_CURVE('',#8108,#8100,#8110,.T.);
#8108 = VERTEX_POINT('',#8109);
#8109 = CARTESIAN_POINT('',(7.493,-2.65425,-3.3));
#8110 = LINE('',#8111,#8112);
#8111 = CARTESIAN_POINT('',(7.493,-2.65425,-3.3));
#8112 = VECTOR('',#8113,1.);
#8113 = DIRECTION('',(-3.216245299353E-16,1.,0.));
#8114 = ORIENTED_EDGE('',*,*,#8115,.F.);
#8115 = EDGE_CURVE('',#8116,#8108,#8118,.T.);
#8116 = VERTEX_POINT('',#8117);
#8117 = CARTESIAN_POINT('',(7.493,-2.7685,-2.843));
#8118 = LINE('',#8119,#8120);
#8119 = CARTESIAN_POINT('',(7.493,-2.7685,-2.843));
#8120 = VECTOR('',#8121,1.);
#8121 = DIRECTION('',(-7.800540639491E-17,0.242535625036,-0.970142500145
    ));
#8122 = ORIENTED_EDGE('',*,*,#8123,.F.);
#8123 = EDGE_CURVE('',#8124,#8116,#8126,.T.);
#8124 = VERTEX_POINT('',#8125);
#8125 = CARTESIAN_POINT('',(7.493,-2.7685,0.));
#8126 = LINE('',#8127,#8128);
#8127 = CARTESIAN_POINT('',(7.493,-2.7685,0.));
#8128 = VECTOR('',#8129,1.);
#8129 = DIRECTION('',(-1.004783562205E-31,3.124088708055E-16,-1.));
#8130 = ORIENTED_EDGE('',*,*,#8131,.F.);
#8131 = EDGE_CURVE('',#5392,#8124,#8132,.T.);
#8132 = LINE('',#8133,#8134);
#8133 = CARTESIAN_POINT('',(7.493,-3.302,0.));
#8134 = VECTOR('',#8135,1.);
#8135 = DIRECTION('',(-3.216245299353E-16,1.,0.));
#8136 = PLANE('',#8137);
#8137 = AXIS2_PLACEMENT_3D('',#8138,#8139,#8140);
#8138 = CARTESIAN_POINT('',(7.493,-3.302,2.157));
#8139 = DIRECTION('',(-1.,-3.216245299353E-16,0.));
#8140 = DIRECTION('',(0.,-0.,-1.));
#8141 = ADVANCED_FACE('',(#8142),#8160,.T.);
#8142 = FACE_BOUND('',#8143,.T.);
#8143 = EDGE_LOOP('',(#8144,#8152,#8153,#8154));
#8144 = ORIENTED_EDGE('',*,*,#8145,.T.);
#8145 = EDGE_CURVE('',#8146,#8084,#8148,.T.);
#8146 = VERTEX_POINT('',#8147);
#8147 = CARTESIAN_POINT('',(7.747,-2.3115,0.));
#8148 = LINE('',#8149,#8150);
#8149 = CARTESIAN_POINT('',(7.747,-2.3115,0.));
#8150 = VECTOR('',#8151,1.);
#8151 = DIRECTION('',(-1.,-3.216245299353E-16,0.));
#8152 = ORIENTED_EDGE('',*,*,#8083,.T.);
#8153 = ORIENTED_EDGE('',*,*,#5202,.F.);
#8154 = ORIENTED_EDGE('',*,*,#8155,.F.);
#8155 = EDGE_CURVE('',#8146,#5195,#8156,.T.);
#8156 = LINE('',#8157,#8158);
#8157 = CARTESIAN_POINT('',(7.747,-2.3115,0.));
#8158 = VECTOR('',#8159,1.);
#8159 = DIRECTION('',(-3.216245299353E-16,1.,0.));
#8160 = PLANE('',#8161);
#8161 = AXIS2_PLACEMENT_3D('',#8162,#8163,#8164);
#8162 = CARTESIAN_POINT('',(7.747,-2.3115,0.));
#8163 = DIRECTION('',(-0.,0.,-1.));
#8164 = DIRECTION('',(-3.216245299353E-16,1.,0.));
#8165 = ADVANCED_FACE('',(#8166),#8223,.F.);
#8166 = FACE_BOUND('',#8167,.F.);
#8167 = EDGE_LOOP('',(#8168,#8169,#8175,#8176,#8177,#8185,#8193,#8201,
    #8209,#8217));
#8168 = ORIENTED_EDGE('',*,*,#5383,.F.);
#8169 = ORIENTED_EDGE('',*,*,#8170,.F.);
#8170 = EDGE_CURVE('',#5186,#5375,#8171,.T.);
#8171 = LINE('',#8172,#8173);
#8172 = CARTESIAN_POINT('',(7.747,-1.778,1.776));
#8173 = VECTOR('',#8174,1.);
#8174 = DIRECTION('',(3.216245299353E-16,-1.,0.));
#8175 = ORIENTED_EDGE('',*,*,#5194,.F.);
#8176 = ORIENTED_EDGE('',*,*,#8155,.F.);
#8177 = ORIENTED_EDGE('',*,*,#8178,.F.);
#8178 = EDGE_CURVE('',#8179,#8146,#8181,.T.);
#8179 = VERTEX_POINT('',#8180);
#8180 = CARTESIAN_POINT('',(7.747,-2.3115,-2.843));
#8181 = LINE('',#8182,#8183);
#8182 = CARTESIAN_POINT('',(7.747,-2.3115,-2.843));
#8183 = VECTOR('',#8184,1.);
#8184 = DIRECTION('',(-1.004783562205E-31,3.124088708055E-16,1.));
#8185 = ORIENTED_EDGE('',*,*,#8186,.F.);
#8186 = EDGE_CURVE('',#8187,#8179,#8189,.T.);
#8187 = VERTEX_POINT('',#8188);
#8188 = CARTESIAN_POINT('',(7.747,-2.42575,-3.3));
#8189 = LINE('',#8190,#8191);
#8190 = CARTESIAN_POINT('',(7.747,-2.42575,-3.3));
#8191 = VECTOR('',#8192,1.);
#8192 = DIRECTION('',(-7.800540639491E-17,0.242535625036,0.970142500145)
  );
#8193 = ORIENTED_EDGE('',*,*,#8194,.F.);
#8194 = EDGE_CURVE('',#8195,#8187,#8197,.T.);
#8195 = VERTEX_POINT('',#8196);
#8196 = CARTESIAN_POINT('',(7.747,-2.65425,-3.3));
#8197 = LINE('',#8198,#8199);
#8198 = CARTESIAN_POINT('',(7.747,-2.65425,-3.3));
#8199 = VECTOR('',#8200,1.);
#8200 = DIRECTION('',(-3.216245299353E-16,1.,0.));
#8201 = ORIENTED_EDGE('',*,*,#8202,.F.);
#8202 = EDGE_CURVE('',#8203,#8195,#8205,.T.);
#8203 = VERTEX_POINT('',#8204);
#8204 = CARTESIAN_POINT('',(7.747,-2.7685,-2.843));
#8205 = LINE('',#8206,#8207);
#8206 = CARTESIAN_POINT('',(7.747,-2.7685,-2.843));
#8207 = VECTOR('',#8208,1.);
#8208 = DIRECTION('',(-7.800540639491E-17,0.242535625036,-0.970142500145
    ));
#8209 = ORIENTED_EDGE('',*,*,#8210,.F.);
#8210 = EDGE_CURVE('',#8211,#8203,#8213,.T.);
#8211 = VERTEX_POINT('',#8212);
#8212 = CARTESIAN_POINT('',(7.747,-2.7685,0.));
#8213 = LINE('',#8214,#8215);
#8214 = CARTESIAN_POINT('',(7.747,-2.7685,0.));
#8215 = VECTOR('',#8216,1.);
#8216 = DIRECTION('',(-1.004783562205E-31,3.124088708055E-16,-1.));
#8217 = ORIENTED_EDGE('',*,*,#8218,.F.);
#8218 = EDGE_CURVE('',#5384,#8211,#8219,.T.);
#8219 = LINE('',#8220,#8221);
#8220 = CARTESIAN_POINT('',(7.747,-3.302,0.));
#8221 = VECTOR('',#8222,1.);
#8222 = DIRECTION('',(-3.216245299353E-16,1.,0.));
#8223 = PLANE('',#8224);
#8224 = AXIS2_PLACEMENT_3D('',#8225,#8226,#8227);
#8225 = CARTESIAN_POINT('',(7.747,-3.302,2.157));
#8226 = DIRECTION('',(-1.,-3.216245299353E-16,0.));
#8227 = DIRECTION('',(0.,-0.,-1.));
#8228 = ADVANCED_FACE('',(#8229),#8240,.T.);
#8229 = FACE_BOUND('',#8230,.T.);
#8230 = EDGE_LOOP('',(#8231,#8237,#8238,#8239));
#8231 = ORIENTED_EDGE('',*,*,#8232,.T.);
#8232 = EDGE_CURVE('',#5178,#5367,#8233,.T.);
#8233 = LINE('',#8234,#8235);
#8234 = CARTESIAN_POINT('',(7.366,-1.778,2.157));
#8235 = VECTOR('',#8236,1.);
#8236 = DIRECTION('',(3.216245299353E-16,-1.,0.));
#8237 = ORIENTED_EDGE('',*,*,#5374,.T.);
#8238 = ORIENTED_EDGE('',*,*,#8170,.F.);
#8239 = ORIENTED_EDGE('',*,*,#5185,.F.);
#8240 = CYLINDRICAL_SURFACE('',#8241,0.381);
#8241 = AXIS2_PLACEMENT_3D('',#8242,#8243,#8244);
#8242 = CARTESIAN_POINT('',(7.366,-1.778,1.776));
#8243 = DIRECTION('',(3.216245299353E-16,-1.,0.));
#8244 = DIRECTION('',(0.,0.,1.));
#8245 = ADVANCED_FACE('',(#8246),#8254,.T.);
#8246 = FACE_BOUND('',#8247,.T.);
#8247 = EDGE_LOOP('',(#8248,#8249,#8250,#8251,#8252,#8253));
#8248 = ORIENTED_EDGE('',*,*,#7519,.F.);
#8249 = ORIENTED_EDGE('',*,*,#5570,.F.);
#8250 = ORIENTED_EDGE('',*,*,#5366,.F.);
#8251 = ORIENTED_EDGE('',*,*,#8232,.F.);
#8252 = ORIENTED_EDGE('',*,*,#5177,.F.);
#8253 = ORIENTED_EDGE('',*,*,#5233,.F.);
#8254 = PLANE('',#8255);
#8255 = AXIS2_PLACEMENT_3D('',#8256,#8257,#8258);
#8256 = CARTESIAN_POINT('',(3.683,-3.302,2.157));
#8257 = DIRECTION('',(0.,0.,1.));
#8258 = DIRECTION('',(-4.440892098501E-16,1.,0.));
#8259 = ADVANCED_FACE('',(#8260),#8271,.T.);
#8260 = FACE_BOUND('',#8261,.T.);
#8261 = EDGE_LOOP('',(#8262,#8268,#8269,#8270));
#8262 = ORIENTED_EDGE('',*,*,#8263,.T.);
#8263 = EDGE_CURVE('',#8014,#7920,#8264,.T.);
#8264 = LINE('',#8265,#8266);
#8265 = CARTESIAN_POINT('',(7.747,-15.0115,0.));
#8266 = VECTOR('',#8267,1.);
#8267 = DIRECTION('',(-1.,-3.216245299353E-16,0.));
#8268 = ORIENTED_EDGE('',*,*,#7919,.T.);
#8269 = ORIENTED_EDGE('',*,*,#5291,.F.);
#8270 = ORIENTED_EDGE('',*,*,#8013,.F.);
#8271 = PLANE('',#8272);
#8272 = AXIS2_PLACEMENT_3D('',#8273,#8274,#8275);
#8273 = CARTESIAN_POINT('',(7.747,-15.0115,0.));
#8274 = DIRECTION('',(-0.,0.,-1.));
#8275 = DIRECTION('',(-3.216245299353E-16,1.,0.));
#8276 = ADVANCED_FACE('',(#8277),#8288,.T.);
#8277 = FACE_BOUND('',#8278,.T.);
#8278 = EDGE_LOOP('',(#8279,#8280,#8281,#8287));
#8279 = ORIENTED_EDGE('',*,*,#5391,.T.);
#8280 = ORIENTED_EDGE('',*,*,#8131,.T.);
#8281 = ORIENTED_EDGE('',*,*,#8282,.F.);
#8282 = EDGE_CURVE('',#8211,#8124,#8283,.T.);
#8283 = LINE('',#8284,#8285);
#8284 = CARTESIAN_POINT('',(7.747,-2.7685,0.));
#8285 = VECTOR('',#8286,1.);
#8286 = DIRECTION('',(-1.,-3.216245299353E-16,0.));
#8287 = ORIENTED_EDGE('',*,*,#8218,.F.);
#8288 = PLANE('',#8289);
#8289 = AXIS2_PLACEMENT_3D('',#8290,#8291,#8292);
#8290 = CARTESIAN_POINT('',(7.747,-3.302,0.));
#8291 = DIRECTION('',(-0.,0.,-1.));
#8292 = DIRECTION('',(-3.216245299353E-16,1.,0.));
#8293 = ADVANCED_FACE('',(#8294),#8307,.T.);
#8294 = FACE_BOUND('',#8295,.T.);
#8295 = EDGE_LOOP('',(#8296,#8297,#8298,#8299,#8305,#8306));
#8296 = ORIENTED_EDGE('',*,*,#7491,.F.);
#8297 = ORIENTED_EDGE('',*,*,#5423,.F.);
#8298 = ORIENTED_EDGE('',*,*,#5447,.F.);
#8299 = ORIENTED_EDGE('',*,*,#8300,.F.);
#8300 = EDGE_CURVE('',#5595,#5448,#8301,.T.);
#8301 = LINE('',#8302,#8303);
#8302 = CARTESIAN_POINT('',(7.366,-11.938,2.157));
#8303 = VECTOR('',#8304,1.);
#8304 = DIRECTION('',(3.216245299353E-16,-1.,0.));
#8305 = ORIENTED_EDGE('',*,*,#5594,.F.);
#8306 = ORIENTED_EDGE('',*,*,#5742,.F.);
#8307 = PLANE('',#8308);
#8308 = AXIS2_PLACEMENT_3D('',#8309,#8310,#8311);
#8309 = CARTESIAN_POINT('',(3.683,-13.462,2.157));
#8310 = DIRECTION('',(0.,0.,1.));
#8311 = DIRECTION('',(-4.440892098501E-16,1.,0.));
#8312 = ADVANCED_FACE('',(#8313),#8372,.T.);
#8313 = FACE_BOUND('',#8314,.T.);
#8314 = EDGE_LOOP('',(#8315,#8316,#8317,#8318,#8326,#8334,#8342,#8350,
    #8358,#8366));
#8315 = ORIENTED_EDGE('',*,*,#5480,.F.);
#8316 = ORIENTED_EDGE('',*,*,#5650,.T.);
#8317 = ORIENTED_EDGE('',*,*,#5627,.F.);
#8318 = ORIENTED_EDGE('',*,*,#8319,.F.);
#8319 = EDGE_CURVE('',#8320,#5620,#8322,.T.);
#8320 = VERTEX_POINT('',#8321);
#8321 = CARTESIAN_POINT('',(7.493,-12.4715,0.));
#8322 = LINE('',#8323,#8324);
#8323 = CARTESIAN_POINT('',(7.493,-12.4715,0.));
#8324 = VECTOR('',#8325,1.);
#8325 = DIRECTION('',(-3.216245299353E-16,1.,0.));
#8326 = ORIENTED_EDGE('',*,*,#8327,.F.);
#8327 = EDGE_CURVE('',#8328,#8320,#8330,.T.);
#8328 = VERTEX_POINT('',#8329);
#8329 = CARTESIAN_POINT('',(7.493,-12.4715,-2.843));
#8330 = LINE('',#8331,#8332);
#8331 = CARTESIAN_POINT('',(7.493,-12.4715,-2.843));
#8332 = VECTOR('',#8333,1.);
#8333 = DIRECTION('',(-1.004783562205E-31,3.124088708055E-16,1.));
#8334 = ORIENTED_EDGE('',*,*,#8335,.F.);
#8335 = EDGE_CURVE('',#8336,#8328,#8338,.T.);
#8336 = VERTEX_POINT('',#8337);
#8337 = CARTESIAN_POINT('',(7.493,-12.58575,-3.3));
#8338 = LINE('',#8339,#8340);
#8339 = CARTESIAN_POINT('',(7.493,-12.58575,-3.3));
#8340 = VECTOR('',#8341,1.);
#8341 = DIRECTION('',(-7.800540639491E-17,0.242535625036,0.970142500145)
  );
#8342 = ORIENTED_EDGE('',*,*,#8343,.F.);
#8343 = EDGE_CURVE('',#8344,#8336,#8346,.T.);
#8344 = VERTEX_POINT('',#8345);
#8345 = CARTESIAN_POINT('',(7.493,-12.81425,-3.3));
#8346 = LINE('',#8347,#8348);
#8347 = CARTESIAN_POINT('',(7.493,-12.81425,-3.3));
#8348 = VECTOR('',#8349,1.);
#8349 = DIRECTION('',(-3.216245299353E-16,1.,0.));
#8350 = ORIENTED_EDGE('',*,*,#8351,.F.);
#8351 = EDGE_CURVE('',#8352,#8344,#8354,.T.);
#8352 = VERTEX_POINT('',#8353);
#8353 = CARTESIAN_POINT('',(7.493,-12.9285,-2.843));
#8354 = LINE('',#8355,#8356);
#8355 = CARTESIAN_POINT('',(7.493,-12.9285,-2.843));
#8356 = VECTOR('',#8357,1.);
#8357 = DIRECTION('',(-7.800540639491E-17,0.242535625036,-0.970142500145
    ));
#8358 = ORIENTED_EDGE('',*,*,#8359,.F.);
#8359 = EDGE_CURVE('',#8360,#8352,#8362,.T.);
#8360 = VERTEX_POINT('',#8361);
#8361 = CARTESIAN_POINT('',(7.493,-12.9285,0.));
#8362 = LINE('',#8363,#8364);
#8363 = CARTESIAN_POINT('',(7.493,-12.9285,0.));
#8364 = VECTOR('',#8365,1.);
#8365 = DIRECTION('',(-1.004783562205E-31,3.124088708055E-16,-1.));
#8366 = ORIENTED_EDGE('',*,*,#8367,.F.);
#8367 = EDGE_CURVE('',#5473,#8360,#8368,.T.);
#8368 = LINE('',#8369,#8370);
#8369 = CARTESIAN_POINT('',(7.493,-13.462,0.));
#8370 = VECTOR('',#8371,1.);
#8371 = DIRECTION('',(-3.216245299353E-16,1.,0.));
#8372 = PLANE('',#8373);
#8373 = AXIS2_PLACEMENT_3D('',#8374,#8375,#8376);
#8374 = CARTESIAN_POINT('',(7.493,-13.462,2.157));
#8375 = DIRECTION('',(-1.,-3.216245299353E-16,0.));
#8376 = DIRECTION('',(0.,-0.,-1.));
#8377 = ADVANCED_FACE('',(#8378),#8396,.T.);
#8378 = FACE_BOUND('',#8379,.T.);
#8379 = EDGE_LOOP('',(#8380,#8381,#8382,#8390));
#8380 = ORIENTED_EDGE('',*,*,#5472,.T.);
#8381 = ORIENTED_EDGE('',*,*,#8367,.T.);
#8382 = ORIENTED_EDGE('',*,*,#8383,.F.);
#8383 = EDGE_CURVE('',#8384,#8360,#8386,.T.);
#8384 = VERTEX_POINT('',#8385);
#8385 = CARTESIAN_POINT('',(7.747,-12.9285,0.));
#8386 = LINE('',#8387,#8388);
#8387 = CARTESIAN_POINT('',(7.747,-12.9285,0.));
#8388 = VECTOR('',#8389,1.);
#8389 = DIRECTION('',(-1.,-3.216245299353E-16,0.));
#8390 = ORIENTED_EDGE('',*,*,#8391,.F.);
#8391 = EDGE_CURVE('',#5465,#8384,#8392,.T.);
#8392 = LINE('',#8393,#8394);
#8393 = CARTESIAN_POINT('',(7.747,-13.462,0.));
#8394 = VECTOR('',#8395,1.);
#8395 = DIRECTION('',(-3.216245299353E-16,1.,0.));
#8396 = PLANE('',#8397);
#8397 = AXIS2_PLACEMENT_3D('',#8398,#8399,#8400);
#8398 = CARTESIAN_POINT('',(7.747,-13.462,0.));
#8399 = DIRECTION('',(-0.,0.,-1.));
#8400 = DIRECTION('',(-3.216245299353E-16,1.,0.));
#8401 = ADVANCED_FACE('',(#8402),#8459,.F.);
#8402 = FACE_BOUND('',#8403,.F.);
#8403 = EDGE_LOOP('',(#8404,#8405,#8411,#8412,#8420,#8428,#8436,#8444,
    #8452,#8458));
#8404 = ORIENTED_EDGE('',*,*,#5464,.F.);
#8405 = ORIENTED_EDGE('',*,*,#8406,.F.);
#8406 = EDGE_CURVE('',#5603,#5456,#8407,.T.);
#8407 = LINE('',#8408,#8409);
#8408 = CARTESIAN_POINT('',(7.747,-11.938,1.776));
#8409 = VECTOR('',#8410,1.);
#8410 = DIRECTION('',(3.216245299353E-16,-1.,0.));
#8411 = ORIENTED_EDGE('',*,*,#5611,.F.);
#8412 = ORIENTED_EDGE('',*,*,#8413,.F.);
#8413 = EDGE_CURVE('',#8414,#5612,#8416,.T.);
#8414 = VERTEX_POINT('',#8415);
#8415 = CARTESIAN_POINT('',(7.747,-12.4715,0.));
#8416 = LINE('',#8417,#8418);
#8417 = CARTESIAN_POINT('',(7.747,-12.4715,0.));
#8418 = VECTOR('',#8419,1.);
#8419 = DIRECTION('',(-3.216245299353E-16,1.,0.));
#8420 = ORIENTED_EDGE('',*,*,#8421,.F.);
#8421 = EDGE_CURVE('',#8422,#8414,#8424,.T.);
#8422 = VERTEX_POINT('',#8423);
#8423 = CARTESIAN_POINT('',(7.747,-12.4715,-2.843));
#8424 = LINE('',#8425,#8426);
#8425 = CARTESIAN_POINT('',(7.747,-12.4715,-2.843));
#8426 = VECTOR('',#8427,1.);
#8427 = DIRECTION('',(-1.004783562205E-31,3.124088708055E-16,1.));
#8428 = ORIENTED_EDGE('',*,*,#8429,.F.);
#8429 = EDGE_CURVE('',#8430,#8422,#8432,.T.);
#8430 = VERTEX_POINT('',#8431);
#8431 = CARTESIAN_POINT('',(7.747,-12.58575,-3.3));
#8432 = LINE('',#8433,#8434);
#8433 = CARTESIAN_POINT('',(7.747,-12.58575,-3.3));
#8434 = VECTOR('',#8435,1.);
#8435 = DIRECTION('',(-7.800540639491E-17,0.242535625036,0.970142500145)
  );
#8436 = ORIENTED_EDGE('',*,*,#8437,.F.);
#8437 = EDGE_CURVE('',#8438,#8430,#8440,.T.);
#8438 = VERTEX_POINT('',#8439);
#8439 = CARTESIAN_POINT('',(7.747,-12.81425,-3.3));
#8440 = LINE('',#8441,#8442);
#8441 = CARTESIAN_POINT('',(7.747,-12.81425,-3.3));
#8442 = VECTOR('',#8443,1.);
#8443 = DIRECTION('',(-3.216245299353E-16,1.,0.));
#8444 = ORIENTED_EDGE('',*,*,#8445,.F.);
#8445 = EDGE_CURVE('',#8446,#8438,#8448,.T.);
#8446 = VERTEX_POINT('',#8447);
#8447 = CARTESIAN_POINT('',(7.747,-12.9285,-2.843));
#8448 = LINE('',#8449,#8450);
#8449 = CARTESIAN_POINT('',(7.747,-12.9285,-2.843));
#8450 = VECTOR('',#8451,1.);
#8451 = DIRECTION('',(-7.800540639491E-17,0.242535625036,-0.970142500145
    ));
#8452 = ORIENTED_EDGE('',*,*,#8453,.F.);
#8453 = EDGE_CURVE('',#8384,#8446,#8454,.T.);
#8454 = LINE('',#8455,#8456);
#8455 = CARTESIAN_POINT('',(7.747,-12.9285,0.));
#8456 = VECTOR('',#8457,1.);
#8457 = DIRECTION('',(-1.004783562205E-31,3.124088708055E-16,-1.));
#8458 = ORIENTED_EDGE('',*,*,#8391,.F.);
#8459 = PLANE('',#8460);
#8460 = AXIS2_PLACEMENT_3D('',#8461,#8462,#8463);
#8461 = CARTESIAN_POINT('',(7.747,-13.462,2.157));
#8462 = DIRECTION('',(-1.,-3.216245299353E-16,0.));
#8463 = DIRECTION('',(0.,-0.,-1.));
#8464 = ADVANCED_FACE('',(#8465),#8471,.T.);
#8465 = FACE_BOUND('',#8466,.T.);
#8466 = EDGE_LOOP('',(#8467,#8468,#8469,#8470));
#8467 = ORIENTED_EDGE('',*,*,#8300,.T.);
#8468 = ORIENTED_EDGE('',*,*,#5455,.T.);
#8469 = ORIENTED_EDGE('',*,*,#8406,.F.);
#8470 = ORIENTED_EDGE('',*,*,#5602,.F.);
#8471 = CYLINDRICAL_SURFACE('',#8472,0.381);
#8472 = AXIS2_PLACEMENT_3D('',#8473,#8474,#8475);
#8473 = CARTESIAN_POINT('',(7.366,-11.938,1.776));
#8474 = DIRECTION('',(3.216245299353E-16,-1.,0.));
#8475 = DIRECTION('',(0.,0.,1.));
#8476 = ADVANCED_FACE('',(#8477),#8536,.T.);
#8477 = FACE_BOUND('',#8478,.T.);
#8478 = EDGE_LOOP('',(#8479,#8480,#8481,#8482,#8490,#8498,#8506,#8514,
    #8522,#8530));
#8479 = ORIENTED_EDGE('',*,*,#5727,.F.);
#8480 = ORIENTED_EDGE('',*,*,#5667,.T.);
#8481 = ORIENTED_EDGE('',*,*,#5538,.F.);
#8482 = ORIENTED_EDGE('',*,*,#8483,.F.);
#8483 = EDGE_CURVE('',#8484,#5531,#8486,.T.);
#8484 = VERTEX_POINT('',#8485);
#8485 = CARTESIAN_POINT('',(7.493,-4.8515,0.));
#8486 = LINE('',#8487,#8488);
#8487 = CARTESIAN_POINT('',(7.493,-4.8515,0.));
#8488 = VECTOR('',#8489,1.);
#8489 = DIRECTION('',(-3.216245299353E-16,1.,0.));
#8490 = ORIENTED_EDGE('',*,*,#8491,.F.);
#8491 = EDGE_CURVE('',#8492,#8484,#8494,.T.);
#8492 = VERTEX_POINT('',#8493);
#8493 = CARTESIAN_POINT('',(7.493,-4.8515,-2.843));
#8494 = LINE('',#8495,#8496);
#8495 = CARTESIAN_POINT('',(7.493,-4.8515,-2.843));
#8496 = VECTOR('',#8497,1.);
#8497 = DIRECTION('',(-1.004783562205E-31,3.124088708055E-16,1.));
#8498 = ORIENTED_EDGE('',*,*,#8499,.F.);
#8499 = EDGE_CURVE('',#8500,#8492,#8502,.T.);
#8500 = VERTEX_POINT('',#8501);
#8501 = CARTESIAN_POINT('',(7.493,-4.96575,-3.3));
#8502 = LINE('',#8503,#8504);
#8503 = CARTESIAN_POINT('',(7.493,-4.96575,-3.3));
#8504 = VECTOR('',#8505,1.);
#8505 = DIRECTION('',(-7.800540639491E-17,0.242535625036,0.970142500145)
  );
#8506 = ORIENTED_EDGE('',*,*,#8507,.F.);
#8507 = EDGE_CURVE('',#8508,#8500,#8510,.T.);
#8508 = VERTEX_POINT('',#8509);
#8509 = CARTESIAN_POINT('',(7.493,-5.19425,-3.3));
#8510 = LINE('',#8511,#8512);
#8511 = CARTESIAN_POINT('',(7.493,-5.19425,-3.3));
#8512 = VECTOR('',#8513,1.);
#8513 = DIRECTION('',(-3.216245299353E-16,1.,0.));
#8514 = ORIENTED_EDGE('',*,*,#8515,.F.);
#8515 = EDGE_CURVE('',#8516,#8508,#8518,.T.);
#8516 = VERTEX_POINT('',#8517);
#8517 = CARTESIAN_POINT('',(7.493,-5.3085,-2.843));
#8518 = LINE('',#8519,#8520);
#8519 = CARTESIAN_POINT('',(7.493,-5.3085,-2.843));
#8520 = VECTOR('',#8521,1.);
#8521 = DIRECTION('',(-7.800540639491E-17,0.242535625036,-0.970142500145
    ));
#8522 = ORIENTED_EDGE('',*,*,#8523,.F.);
#8523 = EDGE_CURVE('',#8524,#8516,#8526,.T.);
#8524 = VERTEX_POINT('',#8525);
#8525 = CARTESIAN_POINT('',(7.493,-5.3085,0.));
#8526 = LINE('',#8527,#8528);
#8527 = CARTESIAN_POINT('',(7.493,-5.3085,0.));
#8528 = VECTOR('',#8529,1.);
#8529 = DIRECTION('',(-1.004783562205E-31,3.124088708055E-16,-1.));
#8530 = ORIENTED_EDGE('',*,*,#8531,.F.);
#8531 = EDGE_CURVE('',#5720,#8524,#8532,.T.);
#8532 = LINE('',#8533,#8534);
#8533 = CARTESIAN_POINT('',(7.493,-5.842,0.));
#8534 = VECTOR('',#8535,1.);
#8535 = DIRECTION('',(-3.216245299353E-16,1.,0.));
#8536 = PLANE('',#8537);
#8537 = AXIS2_PLACEMENT_3D('',#8538,#8539,#8540);
#8538 = CARTESIAN_POINT('',(7.493,-5.842,2.157));
#8539 = DIRECTION('',(-1.,-3.216245299353E-16,0.));
#8540 = DIRECTION('',(0.,-0.,-1.));
#8541 = ADVANCED_FACE('',(#8542),#8560,.T.);
#8542 = FACE_BOUND('',#8543,.T.);
#8543 = EDGE_LOOP('',(#8544,#8552,#8553,#8554));
#8544 = ORIENTED_EDGE('',*,*,#8545,.T.);
#8545 = EDGE_CURVE('',#8546,#8484,#8548,.T.);
#8546 = VERTEX_POINT('',#8547);
#8547 = CARTESIAN_POINT('',(7.747,-4.8515,0.));
#8548 = LINE('',#8549,#8550);
#8549 = CARTESIAN_POINT('',(7.747,-4.8515,0.));
#8550 = VECTOR('',#8551,1.);
#8551 = DIRECTION('',(-1.,-3.216245299353E-16,0.));
#8552 = ORIENTED_EDGE('',*,*,#8483,.T.);
#8553 = ORIENTED_EDGE('',*,*,#5530,.F.);
#8554 = ORIENTED_EDGE('',*,*,#8555,.F.);
#8555 = EDGE_CURVE('',#8546,#5523,#8556,.T.);
#8556 = LINE('',#8557,#8558);
#8557 = CARTESIAN_POINT('',(7.747,-4.8515,0.));
#8558 = VECTOR('',#8559,1.);
#8559 = DIRECTION('',(-3.216245299353E-16,1.,0.));
#8560 = PLANE('',#8561);
#8561 = AXIS2_PLACEMENT_3D('',#8562,#8563,#8564);
#8562 = CARTESIAN_POINT('',(7.747,-4.8515,0.));
#8563 = DIRECTION('',(-0.,0.,-1.));
#8564 = DIRECTION('',(-3.216245299353E-16,1.,0.));
#8565 = ADVANCED_FACE('',(#8566),#8623,.F.);
#8566 = FACE_BOUND('',#8567,.F.);
#8567 = EDGE_LOOP('',(#8568,#8569,#8575,#8576,#8577,#8585,#8593,#8601,
    #8609,#8617));
#8568 = ORIENTED_EDGE('',*,*,#5711,.F.);
#8569 = ORIENTED_EDGE('',*,*,#8570,.F.);
#8570 = EDGE_CURVE('',#5514,#5703,#8571,.T.);
#8571 = LINE('',#8572,#8573);
#8572 = CARTESIAN_POINT('',(7.747,-4.318,1.776));
#8573 = VECTOR('',#8574,1.);
#8574 = DIRECTION('',(3.216245299353E-16,-1.,0.));
#8575 = ORIENTED_EDGE('',*,*,#5522,.F.);
#8576 = ORIENTED_EDGE('',*,*,#8555,.F.);
#8577 = ORIENTED_EDGE('',*,*,#8578,.F.);
#8578 = EDGE_CURVE('',#8579,#8546,#8581,.T.);
#8579 = VERTEX_POINT('',#8580);
#8580 = CARTESIAN_POINT('',(7.747,-4.8515,-2.843));
#8581 = LINE('',#8582,#8583);
#8582 = CARTESIAN_POINT('',(7.747,-4.8515,-2.843));
#8583 = VECTOR('',#8584,1.);
#8584 = DIRECTION('',(-1.004783562205E-31,3.124088708055E-16,1.));
#8585 = ORIENTED_EDGE('',*,*,#8586,.F.);
#8586 = EDGE_CURVE('',#8587,#8579,#8589,.T.);
#8587 = VERTEX_POINT('',#8588);
#8588 = CARTESIAN_POINT('',(7.747,-4.96575,-3.3));
#8589 = LINE('',#8590,#8591);
#8590 = CARTESIAN_POINT('',(7.747,-4.96575,-3.3));
#8591 = VECTOR('',#8592,1.);
#8592 = DIRECTION('',(-7.800540639491E-17,0.242535625036,0.970142500145)
  );
#8593 = ORIENTED_EDGE('',*,*,#8594,.F.);
#8594 = EDGE_CURVE('',#8595,#8587,#8597,.T.);
#8595 = VERTEX_POINT('',#8596);
#8596 = CARTESIAN_POINT('',(7.747,-5.19425,-3.3));
#8597 = LINE('',#8598,#8599);
#8598 = CARTESIAN_POINT('',(7.747,-5.19425,-3.3));
#8599 = VECTOR('',#8600,1.);
#8600 = DIRECTION('',(-3.216245299353E-16,1.,0.));
#8601 = ORIENTED_EDGE('',*,*,#8602,.F.);
#8602 = EDGE_CURVE('',#8603,#8595,#8605,.T.);
#8603 = VERTEX_POINT('',#8604);
#8604 = CARTESIAN_POINT('',(7.747,-5.3085,-2.843));
#8605 = LINE('',#8606,#8607);
#8606 = CARTESIAN_POINT('',(7.747,-5.3085,-2.843));
#8607 = VECTOR('',#8608,1.);
#8608 = DIRECTION('',(-7.800540639491E-17,0.242535625036,-0.970142500145
    ));
#8609 = ORIENTED_EDGE('',*,*,#8610,.F.);
#8610 = EDGE_CURVE('',#8611,#8603,#8613,.T.);
#8611 = VERTEX_POINT('',#8612);
#8612 = CARTESIAN_POINT('',(7.747,-5.3085,0.));
#8613 = LINE('',#8614,#8615);
#8614 = CARTESIAN_POINT('',(7.747,-5.3085,0.));
#8615 = VECTOR('',#8616,1.);
#8616 = DIRECTION('',(-1.004783562205E-31,3.124088708055E-16,-1.));
#8617 = ORIENTED_EDGE('',*,*,#8618,.F.);
#8618 = EDGE_CURVE('',#5712,#8611,#8619,.T.);
#8619 = LINE('',#8620,#8621);
#8620 = CARTESIAN_POINT('',(7.747,-5.842,0.));
#8621 = VECTOR('',#8622,1.);
#8622 = DIRECTION('',(-3.216245299353E-16,1.,0.));
#8623 = PLANE('',#8624);
#8624 = AXIS2_PLACEMENT_3D('',#8625,#8626,#8627);
#8625 = CARTESIAN_POINT('',(7.747,-5.842,2.157));
#8626 = DIRECTION('',(-1.,-3.216245299353E-16,0.));
#8627 = DIRECTION('',(0.,-0.,-1.));
#8628 = ADVANCED_FACE('',(#8629),#8640,.T.);
#8629 = FACE_BOUND('',#8630,.T.);
#8630 = EDGE_LOOP('',(#8631,#8637,#8638,#8639));
#8631 = ORIENTED_EDGE('',*,*,#8632,.T.);
#8632 = EDGE_CURVE('',#5506,#5695,#8633,.T.);
#8633 = LINE('',#8634,#8635);
#8634 = CARTESIAN_POINT('',(7.366,-4.318,2.157));
#8635 = VECTOR('',#8636,1.);
#8636 = DIRECTION('',(3.216245299353E-16,-1.,0.));
#8637 = ORIENTED_EDGE('',*,*,#5702,.T.);
#8638 = ORIENTED_EDGE('',*,*,#8570,.F.);
#8639 = ORIENTED_EDGE('',*,*,#5513,.F.);
#8640 = CYLINDRICAL_SURFACE('',#8641,0.381);
#8641 = AXIS2_PLACEMENT_3D('',#8642,#8643,#8644);
#8642 = CARTESIAN_POINT('',(7.366,-4.318,1.776));
#8643 = DIRECTION('',(3.216245299353E-16,-1.,0.));
#8644 = DIRECTION('',(0.,0.,1.));
#8645 = ADVANCED_FACE('',(#8646),#8654,.T.);
#8646 = FACE_BOUND('',#8647,.T.);
#8647 = EDGE_LOOP('',(#8648,#8649,#8650,#8651,#8652,#8653));
#8648 = ORIENTED_EDGE('',*,*,#7512,.F.);
#8649 = ORIENTED_EDGE('',*,*,#5898,.F.);
#8650 = ORIENTED_EDGE('',*,*,#5694,.F.);
#8651 = ORIENTED_EDGE('',*,*,#8632,.F.);
#8652 = ORIENTED_EDGE('',*,*,#5505,.F.);
#8653 = ORIENTED_EDGE('',*,*,#5561,.F.);
#8654 = PLANE('',#8655);
#8655 = AXIS2_PLACEMENT_3D('',#8656,#8657,#8658);
#8656 = CARTESIAN_POINT('',(3.683,-5.842,2.157));
#8657 = DIRECTION('',(0.,0.,1.));
#8658 = DIRECTION('',(-4.440892098501E-16,1.,0.));
#8659 = ADVANCED_FACE('',(#8660),#8671,.T.);
#8660 = FACE_BOUND('',#8661,.T.);
#8661 = EDGE_LOOP('',(#8662,#8668,#8669,#8670));
#8662 = ORIENTED_EDGE('',*,*,#8663,.T.);
#8663 = EDGE_CURVE('',#8414,#8320,#8664,.T.);
#8664 = LINE('',#8665,#8666);
#8665 = CARTESIAN_POINT('',(7.747,-12.4715,0.));
#8666 = VECTOR('',#8667,1.);
#8667 = DIRECTION('',(-1.,-3.216245299353E-16,0.));
#8668 = ORIENTED_EDGE('',*,*,#8319,.T.);
#8669 = ORIENTED_EDGE('',*,*,#5619,.F.);
#8670 = ORIENTED_EDGE('',*,*,#8413,.F.);
#8671 = PLANE('',#8672);
#8672 = AXIS2_PLACEMENT_3D('',#8673,#8674,#8675);
#8673 = CARTESIAN_POINT('',(7.747,-12.4715,0.));
#8674 = DIRECTION('',(-0.,0.,-1.));
#8675 = DIRECTION('',(-3.216245299353E-16,1.,0.));
#8676 = ADVANCED_FACE('',(#8677),#8688,.T.);
#8677 = FACE_BOUND('',#8678,.T.);
#8678 = EDGE_LOOP('',(#8679,#8680,#8681,#8687));
#8679 = ORIENTED_EDGE('',*,*,#5719,.T.);
#8680 = ORIENTED_EDGE('',*,*,#8531,.T.);
#8681 = ORIENTED_EDGE('',*,*,#8682,.F.);
#8682 = EDGE_CURVE('',#8611,#8524,#8683,.T.);
#8683 = LINE('',#8684,#8685);
#8684 = CARTESIAN_POINT('',(7.747,-5.3085,0.));
#8685 = VECTOR('',#8686,1.);
#8686 = DIRECTION('',(-1.,-3.216245299353E-16,0.));
#8687 = ORIENTED_EDGE('',*,*,#8618,.F.);
#8688 = PLANE('',#8689);
#8689 = AXIS2_PLACEMENT_3D('',#8690,#8691,#8692);
#8690 = CARTESIAN_POINT('',(7.747,-5.842,0.));
#8691 = DIRECTION('',(-0.,0.,-1.));
#8692 = DIRECTION('',(-3.216245299353E-16,1.,0.));
#8693 = ADVANCED_FACE('',(#8694),#8707,.T.);
#8694 = FACE_BOUND('',#8695,.T.);
#8695 = EDGE_LOOP('',(#8696,#8697,#8698,#8699,#8705,#8706));
#8696 = ORIENTED_EDGE('',*,*,#7498,.F.);
#8697 = ORIENTED_EDGE('',*,*,#5751,.F.);
#8698 = ORIENTED_EDGE('',*,*,#5775,.F.);
#8699 = ORIENTED_EDGE('',*,*,#8700,.F.);
#8700 = EDGE_CURVE('',#5923,#5776,#8701,.T.);
#8701 = LINE('',#8702,#8703);
#8702 = CARTESIAN_POINT('',(7.366,-9.398,2.157));
#8703 = VECTOR('',#8704,1.);
#8704 = DIRECTION('',(3.216245299353E-16,-1.,0.));
#8705 = ORIENTED_EDGE('',*,*,#5922,.F.);
#8706 = ORIENTED_EDGE('',*,*,#6070,.F.);
#8707 = PLANE('',#8708);
#8708 = AXIS2_PLACEMENT_3D('',#8709,#8710,#8711);
#8709 = CARTESIAN_POINT('',(3.683,-10.922,2.157));
#8710 = DIRECTION('',(0.,0.,1.));
#8711 = DIRECTION('',(-4.440892098501E-16,1.,0.));
#8712 = ADVANCED_FACE('',(#8713),#8772,.T.);
#8713 = FACE_BOUND('',#8714,.T.);
#8714 = EDGE_LOOP('',(#8715,#8716,#8717,#8718,#8726,#8734,#8742,#8750,
    #8758,#8766));
#8715 = ORIENTED_EDGE('',*,*,#5808,.F.);
#8716 = ORIENTED_EDGE('',*,*,#5978,.T.);
#8717 = ORIENTED_EDGE('',*,*,#5955,.F.);
#8718 = ORIENTED_EDGE('',*,*,#8719,.F.);
#8719 = EDGE_CURVE('',#8720,#5948,#8722,.T.);
#8720 = VERTEX_POINT('',#8721);
#8721 = CARTESIAN_POINT('',(7.493,-9.9315,0.));
#8722 = LINE('',#8723,#8724);
#8723 = CARTESIAN_POINT('',(7.493,-9.9315,0.));
#8724 = VECTOR('',#8725,1.);
#8725 = DIRECTION('',(-3.216245299353E-16,1.,0.));
#8726 = ORIENTED_EDGE('',*,*,#8727,.F.);
#8727 = EDGE_CURVE('',#8728,#8720,#8730,.T.);
#8728 = VERTEX_POINT('',#8729);
#8729 = CARTESIAN_POINT('',(7.493,-9.9315,-2.843));
#8730 = LINE('',#8731,#8732);
#8731 = CARTESIAN_POINT('',(7.493,-9.9315,-2.843));
#8732 = VECTOR('',#8733,1.);
#8733 = DIRECTION('',(-1.004783562205E-31,3.124088708055E-16,1.));
#8734 = ORIENTED_EDGE('',*,*,#8735,.F.);
#8735 = EDGE_CURVE('',#8736,#8728,#8738,.T.);
#8736 = VERTEX_POINT('',#8737);
#8737 = CARTESIAN_POINT('',(7.493,-10.04575,-3.3));
#8738 = LINE('',#8739,#8740);
#8739 = CARTESIAN_POINT('',(7.493,-10.04575,-3.3));
#8740 = VECTOR('',#8741,1.);
#8741 = DIRECTION('',(-7.800540639491E-17,0.242535625036,0.970142500145)
  );
#8742 = ORIENTED_EDGE('',*,*,#8743,.F.);
#8743 = EDGE_CURVE('',#8744,#8736,#8746,.T.);
#8744 = VERTEX_POINT('',#8745);
#8745 = CARTESIAN_POINT('',(7.493,-10.27425,-3.3));
#8746 = LINE('',#8747,#8748);
#8747 = CARTESIAN_POINT('',(7.493,-10.27425,-3.3));
#8748 = VECTOR('',#8749,1.);
#8749 = DIRECTION('',(-3.216245299353E-16,1.,0.));
#8750 = ORIENTED_EDGE('',*,*,#8751,.F.);
#8751 = EDGE_CURVE('',#8752,#8744,#8754,.T.);
#8752 = VERTEX_POINT('',#8753);
#8753 = CARTESIAN_POINT('',(7.493,-10.3885,-2.843));
#8754 = LINE('',#8755,#8756);
#8755 = CARTESIAN_POINT('',(7.493,-10.3885,-2.843));
#8756 = VECTOR('',#8757,1.);
#8757 = DIRECTION('',(-7.800540639491E-17,0.242535625036,-0.970142500145
    ));
#8758 = ORIENTED_EDGE('',*,*,#8759,.F.);
#8759 = EDGE_CURVE('',#8760,#8752,#8762,.T.);
#8760 = VERTEX_POINT('',#8761);
#8761 = CARTESIAN_POINT('',(7.493,-10.3885,0.));
#8762 = LINE('',#8763,#8764);
#8763 = CARTESIAN_POINT('',(7.493,-10.3885,0.));
#8764 = VECTOR('',#8765,1.);
#8765 = DIRECTION('',(-1.004783562205E-31,3.124088708055E-16,-1.));
#8766 = ORIENTED_EDGE('',*,*,#8767,.F.);
#8767 = EDGE_CURVE('',#5801,#8760,#8768,.T.);
#8768 = LINE('',#8769,#8770);
#8769 = CARTESIAN_POINT('',(7.493,-10.922,0.));
#8770 = VECTOR('',#8771,1.);
#8771 = DIRECTION('',(-3.216245299353E-16,1.,0.));
#8772 = PLANE('',#8773);
#8773 = AXIS2_PLACEMENT_3D('',#8774,#8775,#8776);
#8774 = CARTESIAN_POINT('',(7.493,-10.922,2.157));
#8775 = DIRECTION('',(-1.,-3.216245299353E-16,0.));
#8776 = DIRECTION('',(0.,-0.,-1.));
#8777 = ADVANCED_FACE('',(#8778),#8796,.T.);
#8778 = FACE_BOUND('',#8779,.T.);
#8779 = EDGE_LOOP('',(#8780,#8781,#8782,#8790));
#8780 = ORIENTED_EDGE('',*,*,#5800,.T.);
#8781 = ORIENTED_EDGE('',*,*,#8767,.T.);
#8782 = ORIENTED_EDGE('',*,*,#8783,.F.);
#8783 = EDGE_CURVE('',#8784,#8760,#8786,.T.);
#8784 = VERTEX_POINT('',#8785);
#8785 = CARTESIAN_POINT('',(7.747,-10.3885,0.));
#8786 = LINE('',#8787,#8788);
#8787 = CARTESIAN_POINT('',(7.747,-10.3885,0.));
#8788 = VECTOR('',#8789,1.);
#8789 = DIRECTION('',(-1.,-3.216245299353E-16,0.));
#8790 = ORIENTED_EDGE('',*,*,#8791,.F.);
#8791 = EDGE_CURVE('',#5793,#8784,#8792,.T.);
#8792 = LINE('',#8793,#8794);
#8793 = CARTESIAN_POINT('',(7.747,-10.922,0.));
#8794 = VECTOR('',#8795,1.);
#8795 = DIRECTION('',(-3.216245299353E-16,1.,0.));
#8796 = PLANE('',#8797);
#8797 = AXIS2_PLACEMENT_3D('',#8798,#8799,#8800);
#8798 = CARTESIAN_POINT('',(7.747,-10.922,0.));
#8799 = DIRECTION('',(-0.,0.,-1.));
#8800 = DIRECTION('',(-3.216245299353E-16,1.,0.));
#8801 = ADVANCED_FACE('',(#8802),#8859,.F.);
#8802 = FACE_BOUND('',#8803,.F.);
#8803 = EDGE_LOOP('',(#8804,#8805,#8811,#8812,#8820,#8828,#8836,#8844,
    #8852,#8858));
#8804 = ORIENTED_EDGE('',*,*,#5792,.F.);
#8805 = ORIENTED_EDGE('',*,*,#8806,.F.);
#8806 = EDGE_CURVE('',#5931,#5784,#8807,.T.);
#8807 = LINE('',#8808,#8809);
#8808 = CARTESIAN_POINT('',(7.747,-9.398,1.776));
#8809 = VECTOR('',#8810,1.);
#8810 = DIRECTION('',(3.216245299353E-16,-1.,0.));
#8811 = ORIENTED_EDGE('',*,*,#5939,.F.);
#8812 = ORIENTED_EDGE('',*,*,#8813,.F.);
#8813 = EDGE_CURVE('',#8814,#5940,#8816,.T.);
#8814 = VERTEX_POINT('',#8815);
#8815 = CARTESIAN_POINT('',(7.747,-9.9315,0.));
#8816 = LINE('',#8817,#8818);
#8817 = CARTESIAN_POINT('',(7.747,-9.9315,0.));
#8818 = VECTOR('',#8819,1.);
#8819 = DIRECTION('',(-3.216245299353E-16,1.,0.));
#8820 = ORIENTED_EDGE('',*,*,#8821,.F.);
#8821 = EDGE_CURVE('',#8822,#8814,#8824,.T.);
#8822 = VERTEX_POINT('',#8823);
#8823 = CARTESIAN_POINT('',(7.747,-9.9315,-2.843));
#8824 = LINE('',#8825,#8826);
#8825 = CARTESIAN_POINT('',(7.747,-9.9315,-2.843));
#8826 = VECTOR('',#8827,1.);
#8827 = DIRECTION('',(-1.004783562205E-31,3.124088708055E-16,1.));
#8828 = ORIENTED_EDGE('',*,*,#8829,.F.);
#8829 = EDGE_CURVE('',#8830,#8822,#8832,.T.);
#8830 = VERTEX_POINT('',#8831);
#8831 = CARTESIAN_POINT('',(7.747,-10.04575,-3.3));
#8832 = LINE('',#8833,#8834);
#8833 = CARTESIAN_POINT('',(7.747,-10.04575,-3.3));
#8834 = VECTOR('',#8835,1.);
#8835 = DIRECTION('',(-7.800540639491E-17,0.242535625036,0.970142500145)
  );
#8836 = ORIENTED_EDGE('',*,*,#8837,.F.);
#8837 = EDGE_CURVE('',#8838,#8830,#8840,.T.);
#8838 = VERTEX_POINT('',#8839);
#8839 = CARTESIAN_POINT('',(7.747,-10.27425,-3.3));
#8840 = LINE('',#8841,#8842);
#8841 = CARTESIAN_POINT('',(7.747,-10.27425,-3.3));
#8842 = VECTOR('',#8843,1.);
#8843 = DIRECTION('',(-3.216245299353E-16,1.,0.));
#8844 = ORIENTED_EDGE('',*,*,#8845,.F.);
#8845 = EDGE_CURVE('',#8846,#8838,#8848,.T.);
#8846 = VERTEX_POINT('',#8847);
#8847 = CARTESIAN_POINT('',(7.747,-10.3885,-2.843));
#8848 = LINE('',#8849,#8850);
#8849 = CARTESIAN_POINT('',(7.747,-10.3885,-2.843));
#8850 = VECTOR('',#8851,1.);
#8851 = DIRECTION('',(-7.800540639491E-17,0.242535625036,-0.970142500145
    ));
#8852 = ORIENTED_EDGE('',*,*,#8853,.F.);
#8853 = EDGE_CURVE('',#8784,#8846,#8854,.T.);
#8854 = LINE('',#8855,#8856);
#8855 = CARTESIAN_POINT('',(7.747,-10.3885,0.));
#8856 = VECTOR('',#8857,1.);
#8857 = DIRECTION('',(-1.004783562205E-31,3.124088708055E-16,-1.));
#8858 = ORIENTED_EDGE('',*,*,#8791,.F.);
#8859 = PLANE('',#8860);
#8860 = AXIS2_PLACEMENT_3D('',#8861,#8862,#8863);
#8861 = CARTESIAN_POINT('',(7.747,-10.922,2.157));
#8862 = DIRECTION('',(-1.,-3.216245299353E-16,0.));
#8863 = DIRECTION('',(0.,-0.,-1.));
#8864 = ADVANCED_FACE('',(#8865),#8871,.T.);
#8865 = FACE_BOUND('',#8866,.T.);
#8866 = EDGE_LOOP('',(#8867,#8868,#8869,#8870));
#8867 = ORIENTED_EDGE('',*,*,#8700,.T.);
#8868 = ORIENTED_EDGE('',*,*,#5783,.T.);
#8869 = ORIENTED_EDGE('',*,*,#8806,.F.);
#8870 = ORIENTED_EDGE('',*,*,#5930,.F.);
#8871 = CYLINDRICAL_SURFACE('',#8872,0.381);
#8872 = AXIS2_PLACEMENT_3D('',#8873,#8874,#8875);
#8873 = CARTESIAN_POINT('',(7.366,-9.398,1.776));
#8874 = DIRECTION('',(3.216245299353E-16,-1.,0.));
#8875 = DIRECTION('',(0.,0.,1.));
#8876 = ADVANCED_FACE('',(#8877),#8936,.T.);
#8877 = FACE_BOUND('',#8878,.T.);
#8878 = EDGE_LOOP('',(#8879,#8880,#8881,#8882,#8890,#8898,#8906,#8914,
    #8922,#8930));
#8879 = ORIENTED_EDGE('',*,*,#6055,.F.);
#8880 = ORIENTED_EDGE('',*,*,#5995,.T.);
#8881 = ORIENTED_EDGE('',*,*,#5866,.F.);
#8882 = ORIENTED_EDGE('',*,*,#8883,.F.);
#8883 = EDGE_CURVE('',#8884,#5859,#8886,.T.);
#8884 = VERTEX_POINT('',#8885);
#8885 = CARTESIAN_POINT('',(7.493,-7.3915,0.));
#8886 = LINE('',#8887,#8888);
#8887 = CARTESIAN_POINT('',(7.493,-7.3915,0.));
#8888 = VECTOR('',#8889,1.);
#8889 = DIRECTION('',(-3.216245299353E-16,1.,0.));
#8890 = ORIENTED_EDGE('',*,*,#8891,.F.);
#8891 = EDGE_CURVE('',#8892,#8884,#8894,.T.);
#8892 = VERTEX_POINT('',#8893);
#8893 = CARTESIAN_POINT('',(7.493,-7.3915,-2.843));
#8894 = LINE('',#8895,#8896);
#8895 = CARTESIAN_POINT('',(7.493,-7.3915,-2.843));
#8896 = VECTOR('',#8897,1.);
#8897 = DIRECTION('',(-1.004783562205E-31,3.124088708055E-16,1.));
#8898 = ORIENTED_EDGE('',*,*,#8899,.F.);
#8899 = EDGE_CURVE('',#8900,#8892,#8902,.T.);
#8900 = VERTEX_POINT('',#8901);
#8901 = CARTESIAN_POINT('',(7.493,-7.50575,-3.3));
#8902 = LINE('',#8903,#8904);
#8903 = CARTESIAN_POINT('',(7.493,-7.50575,-3.3));
#8904 = VECTOR('',#8905,1.);
#8905 = DIRECTION('',(-7.800540639491E-17,0.242535625036,0.970142500145)
  );
#8906 = ORIENTED_EDGE('',*,*,#8907,.F.);
#8907 = EDGE_CURVE('',#8908,#8900,#8910,.T.);
#8908 = VERTEX_POINT('',#8909);
#8909 = CARTESIAN_POINT('',(7.493,-7.73425,-3.3));
#8910 = LINE('',#8911,#8912);
#8911 = CARTESIAN_POINT('',(7.493,-7.73425,-3.3));
#8912 = VECTOR('',#8913,1.);
#8913 = DIRECTION('',(-3.216245299353E-16,1.,0.));
#8914 = ORIENTED_EDGE('',*,*,#8915,.F.);
#8915 = EDGE_CURVE('',#8916,#8908,#8918,.T.);
#8916 = VERTEX_POINT('',#8917);
#8917 = CARTESIAN_POINT('',(7.493,-7.8485,-2.843));
#8918 = LINE('',#8919,#8920);
#8919 = CARTESIAN_POINT('',(7.493,-7.8485,-2.843));
#8920 = VECTOR('',#8921,1.);
#8921 = DIRECTION('',(-7.800540639491E-17,0.242535625036,-0.970142500145
    ));
#8922 = ORIENTED_EDGE('',*,*,#8923,.F.);
#8923 = EDGE_CURVE('',#8924,#8916,#8926,.T.);
#8924 = VERTEX_POINT('',#8925);
#8925 = CARTESIAN_POINT('',(7.493,-7.8485,0.));
#8926 = LINE('',#8927,#8928);
#8927 = CARTESIAN_POINT('',(7.493,-7.8485,0.));
#8928 = VECTOR('',#8929,1.);
#8929 = DIRECTION('',(-1.004783562205E-31,3.124088708055E-16,-1.));
#8930 = ORIENTED_EDGE('',*,*,#8931,.F.);
#8931 = EDGE_CURVE('',#6048,#8924,#8932,.T.);
#8932 = LINE('',#8933,#8934);
#8933 = CARTESIAN_POINT('',(7.493,-8.382,0.));
#8934 = VECTOR('',#8935,1.);
#8935 = DIRECTION('',(-3.216245299353E-16,1.,0.));
#8936 = PLANE('',#8937);
#8937 = AXIS2_PLACEMENT_3D('',#8938,#8939,#8940);
#8938 = CARTESIAN_POINT('',(7.493,-8.382,2.157));
#8939 = DIRECTION('',(-1.,-3.216245299353E-16,0.));
#8940 = DIRECTION('',(0.,-0.,-1.));
#8941 = ADVANCED_FACE('',(#8942),#8960,.T.);
#8942 = FACE_BOUND('',#8943,.T.);
#8943 = EDGE_LOOP('',(#8944,#8952,#8953,#8954));
#8944 = ORIENTED_EDGE('',*,*,#8945,.T.);
#8945 = EDGE_CURVE('',#8946,#8884,#8948,.T.);
#8946 = VERTEX_POINT('',#8947);
#8947 = CARTESIAN_POINT('',(7.747,-7.3915,0.));
#8948 = LINE('',#8949,#8950);
#8949 = CARTESIAN_POINT('',(7.747,-7.3915,0.));
#8950 = VECTOR('',#8951,1.);
#8951 = DIRECTION('',(-1.,-3.216245299353E-16,0.));
#8952 = ORIENTED_EDGE('',*,*,#8883,.T.);
#8953 = ORIENTED_EDGE('',*,*,#5858,.F.);
#8954 = ORIENTED_EDGE('',*,*,#8955,.F.);
#8955 = EDGE_CURVE('',#8946,#5851,#8956,.T.);
#8956 = LINE('',#8957,#8958);
#8957 = CARTESIAN_POINT('',(7.747,-7.3915,0.));
#8958 = VECTOR('',#8959,1.);
#8959 = DIRECTION('',(-3.216245299353E-16,1.,0.));
#8960 = PLANE('',#8961);
#8961 = AXIS2_PLACEMENT_3D('',#8962,#8963,#8964);
#8962 = CARTESIAN_POINT('',(7.747,-7.3915,0.));
#8963 = DIRECTION('',(-0.,0.,-1.));
#8964 = DIRECTION('',(-3.216245299353E-16,1.,0.));
#8965 = ADVANCED_FACE('',(#8966),#9023,.F.);
#8966 = FACE_BOUND('',#8967,.F.);
#8967 = EDGE_LOOP('',(#8968,#8969,#8975,#8976,#8977,#8985,#8993,#9001,
    #9009,#9017));
#8968 = ORIENTED_EDGE('',*,*,#6039,.F.);
#8969 = ORIENTED_EDGE('',*,*,#8970,.F.);
#8970 = EDGE_CURVE('',#5842,#6031,#8971,.T.);
#8971 = LINE('',#8972,#8973);
#8972 = CARTESIAN_POINT('',(7.747,-6.858,1.776));
#8973 = VECTOR('',#8974,1.);
#8974 = DIRECTION('',(3.216245299353E-16,-1.,0.));
#8975 = ORIENTED_EDGE('',*,*,#5850,.F.);
#8976 = ORIENTED_EDGE('',*,*,#8955,.F.);
#8977 = ORIENTED_EDGE('',*,*,#8978,.F.);
#8978 = EDGE_CURVE('',#8979,#8946,#8981,.T.);
#8979 = VERTEX_POINT('',#8980);
#8980 = CARTESIAN_POINT('',(7.747,-7.3915,-2.843));
#8981 = LINE('',#8982,#8983);
#8982 = CARTESIAN_POINT('',(7.747,-7.3915,-2.843));
#8983 = VECTOR('',#8984,1.);
#8984 = DIRECTION('',(-1.004783562205E-31,3.124088708055E-16,1.));
#8985 = ORIENTED_EDGE('',*,*,#8986,.F.);
#8986 = EDGE_CURVE('',#8987,#8979,#8989,.T.);
#8987 = VERTEX_POINT('',#8988);
#8988 = CARTESIAN_POINT('',(7.747,-7.50575,-3.3));
#8989 = LINE('',#8990,#8991);
#8990 = CARTESIAN_POINT('',(7.747,-7.50575,-3.3));
#8991 = VECTOR('',#8992,1.);
#8992 = DIRECTION('',(-7.800540639491E-17,0.242535625036,0.970142500145)
  );
#8993 = ORIENTED_EDGE('',*,*,#8994,.F.);
#8994 = EDGE_CURVE('',#8995,#8987,#8997,.T.);
#8995 = VERTEX_POINT('',#8996);
#8996 = CARTESIAN_POINT('',(7.747,-7.73425,-3.3));
#8997 = LINE('',#8998,#8999);
#8998 = CARTESIAN_POINT('',(7.747,-7.73425,-3.3));
#8999 = VECTOR('',#9000,1.);
#9000 = DIRECTION('',(-3.216245299353E-16,1.,0.));
#9001 = ORIENTED_EDGE('',*,*,#9002,.F.);
#9002 = EDGE_CURVE('',#9003,#8995,#9005,.T.);
#9003 = VERTEX_POINT('',#9004);
#9004 = CARTESIAN_POINT('',(7.747,-7.8485,-2.843));
#9005 = LINE('',#9006,#9007);
#9006 = CARTESIAN_POINT('',(7.747,-7.8485,-2.843));
#9007 = VECTOR('',#9008,1.);
#9008 = DIRECTION('',(-7.800540639491E-17,0.242535625036,-0.970142500145
    ));
#9009 = ORIENTED_EDGE('',*,*,#9010,.F.);
#9010 = EDGE_CURVE('',#9011,#9003,#9013,.T.);
#9011 = VERTEX_POINT('',#9012);
#9012 = CARTESIAN_POINT('',(7.747,-7.8485,0.));
#9013 = LINE('',#9014,#9015);
#9014 = CARTESIAN_POINT('',(7.747,-7.8485,0.));
#9015 = VECTOR('',#9016,1.);
#9016 = DIRECTION('',(-1.004783562205E-31,3.124088708055E-16,-1.));
#9017 = ORIENTED_EDGE('',*,*,#9018,.F.);
#9018 = EDGE_CURVE('',#6040,#9011,#9019,.T.);
#9019 = LINE('',#9020,#9021);
#9020 = CARTESIAN_POINT('',(7.747,-8.382,0.));
#9021 = VECTOR('',#9022,1.);
#9022 = DIRECTION('',(-3.216245299353E-16,1.,0.));
#9023 = PLANE('',#9024);
#9024 = AXIS2_PLACEMENT_3D('',#9025,#9026,#9027);
#9025 = CARTESIAN_POINT('',(7.747,-8.382,2.157));
#9026 = DIRECTION('',(-1.,-3.216245299353E-16,0.));
#9027 = DIRECTION('',(0.,-0.,-1.));
#9028 = ADVANCED_FACE('',(#9029),#9040,.T.);
#9029 = FACE_BOUND('',#9030,.T.);
#9030 = EDGE_LOOP('',(#9031,#9037,#9038,#9039));
#9031 = ORIENTED_EDGE('',*,*,#9032,.T.);
#9032 = EDGE_CURVE('',#5834,#6023,#9033,.T.);
#9033 = LINE('',#9034,#9035);
#9034 = CARTESIAN_POINT('',(7.366,-6.858,2.157));
#9035 = VECTOR('',#9036,1.);
#9036 = DIRECTION('',(3.216245299353E-16,-1.,0.));
#9037 = ORIENTED_EDGE('',*,*,#6030,.T.);
#9038 = ORIENTED_EDGE('',*,*,#8970,.F.);
#9039 = ORIENTED_EDGE('',*,*,#5841,.F.);
#9040 = CYLINDRICAL_SURFACE('',#9041,0.381);
#9041 = AXIS2_PLACEMENT_3D('',#9042,#9043,#9044);
#9042 = CARTESIAN_POINT('',(7.366,-6.858,1.776));
#9043 = DIRECTION('',(3.216245299353E-16,-1.,0.));
#9044 = DIRECTION('',(0.,0.,1.));
#9045 = ADVANCED_FACE('',(#9046),#9054,.T.);
#9046 = FACE_BOUND('',#9047,.T.);
#9047 = EDGE_LOOP('',(#9048,#9049,#9050,#9051,#9052,#9053));
#9048 = ORIENTED_EDGE('',*,*,#7505,.F.);
#9049 = ORIENTED_EDGE('',*,*,#6079,.F.);
#9050 = ORIENTED_EDGE('',*,*,#6022,.F.);
#9051 = ORIENTED_EDGE('',*,*,#9032,.F.);
#9052 = ORIENTED_EDGE('',*,*,#5833,.F.);
#9053 = ORIENTED_EDGE('',*,*,#5889,.F.);
#9054 = PLANE('',#9055);
#9055 = AXIS2_PLACEMENT_3D('',#9056,#9057,#9058);
#9056 = CARTESIAN_POINT('',(3.683,-8.382,2.157));
#9057 = DIRECTION('',(0.,0.,1.));
#9058 = DIRECTION('',(-4.440892098501E-16,1.,0.));
#9059 = ADVANCED_FACE('',(#9060),#9071,.T.);
#9060 = FACE_BOUND('',#9061,.T.);
#9061 = EDGE_LOOP('',(#9062,#9068,#9069,#9070));
#9062 = ORIENTED_EDGE('',*,*,#9063,.T.);
#9063 = EDGE_CURVE('',#8814,#8720,#9064,.T.);
#9064 = LINE('',#9065,#9066);
#9065 = CARTESIAN_POINT('',(7.747,-9.9315,0.));
#9066 = VECTOR('',#9067,1.);
#9067 = DIRECTION('',(-1.,-3.216245299353E-16,0.));
#9068 = ORIENTED_EDGE('',*,*,#8719,.T.);
#9069 = ORIENTED_EDGE('',*,*,#5947,.F.);
#9070 = ORIENTED_EDGE('',*,*,#8813,.F.);
#9071 = PLANE('',#9072);
#9072 = AXIS2_PLACEMENT_3D('',#9073,#9074,#9075);
#9073 = CARTESIAN_POINT('',(7.747,-9.9315,0.));
#9074 = DIRECTION('',(-0.,0.,-1.));
#9075 = DIRECTION('',(-3.216245299353E-16,1.,0.));
#9076 = ADVANCED_FACE('',(#9077),#9088,.T.);
#9077 = FACE_BOUND('',#9078,.T.);
#9078 = EDGE_LOOP('',(#9079,#9080,#9081,#9087));
#9079 = ORIENTED_EDGE('',*,*,#6047,.T.);
#9080 = ORIENTED_EDGE('',*,*,#8931,.T.);
#9081 = ORIENTED_EDGE('',*,*,#9082,.F.);
#9082 = EDGE_CURVE('',#9011,#8924,#9083,.T.);
#9083 = LINE('',#9084,#9085);
#9084 = CARTESIAN_POINT('',(7.747,-7.8485,0.));
#9085 = VECTOR('',#9086,1.);
#9086 = DIRECTION('',(-1.,-3.216245299353E-16,0.));
#9087 = ORIENTED_EDGE('',*,*,#9018,.F.);
#9088 = PLANE('',#9089);
#9089 = AXIS2_PLACEMENT_3D('',#9090,#9091,#9092);
#9090 = CARTESIAN_POINT('',(7.747,-8.382,0.));
#9091 = DIRECTION('',(-0.,0.,-1.));
#9092 = DIRECTION('',(-3.216245299353E-16,1.,0.));
#9093 = ADVANCED_FACE('',(#9094),#9437,.T.);
#9094 = FACE_BOUND('',#9095,.T.);
#9095 = EDGE_LOOP('',(#9096,#9097,#9098,#9105,#9113,#9219,#9325,#9431));
#9096 = ORIENTED_EDGE('',*,*,#7533,.F.);
#9097 = ORIENTED_EDGE('',*,*,#6109,.T.);
#9098 = ORIENTED_EDGE('',*,*,#9099,.T.);
#9099 = EDGE_CURVE('',#6103,#9100,#9102,.T.);
#9100 = VERTEX_POINT('',#9101);
#9101 = CARTESIAN_POINT('',(1.033723643423,0.299776356577,3.68));
#9102 = B_SPLINE_CURVE_WITH_KNOTS('',1,(#9103,#9104),.UNSPECIFIED.,.F.,
  .F.,(2,2),(0.,1.),.PIECEWISE_BEZIER_KNOTS.);
#9103 = CARTESIAN_POINT('',(0.71,0.6235,2.157));
#9104 = CARTESIAN_POINT('',(1.033723643423,0.299776356577,3.68));
#9105 = ORIENTED_EDGE('',*,*,#9106,.F.);
#9106 = EDGE_CURVE('',#9107,#9100,#9109,.T.);
#9107 = VERTEX_POINT('',#9108);
#9108 = CARTESIAN_POINT('',(3.06375942217,0.299776356577,3.68));
#9109 = LINE('',#9110,#9111);
#9110 = CARTESIAN_POINT('',(6.586276356577,0.299776356577,3.68));
#9111 = VECTOR('',#9112,1.);
#9112 = DIRECTION('',(-1.,-4.440892098501E-16,0.));
#9113 = ORIENTED_EDGE('',*,*,#9114,.F.);
#9114 = EDGE_CURVE('',#9115,#9107,#9117,.T.);
#9115 = VERTEX_POINT('',#9116);
#9116 = CARTESIAN_POINT('',(3.060652504409,0.406054637412,3.18));
#9117 = B_SPLINE_CURVE_WITH_KNOTS('',4,(#9118,#9119,#9120,#9121,#9122,
    #9123,#9124,#9125,#9126,#9127,#9128,#9129,#9130,#9131,#9132,#9133,
    #9134,#9135,#9136,#9137,#9138,#9139,#9140,#9141,#9142,#9143,#9144,
    #9145,#9146,#9147,#9148,#9149,#9150,#9151,#9152,#9153,#9154,#9155,
    #9156,#9157,#9158,#9159,#9160,#9161,#9162,#9163,#9164,#9165,#9166,
    #9167,#9168,#9169,#9170,#9171,#9172,#9173,#9174,#9175,#9176,#9177,
    #9178,#9179,#9180,#9181,#9182,#9183,#9184,#9185,#9186,#9187,#9188,
    #9189,#9190,#9191,#9192,#9193,#9194,#9195,#9196,#9197,#9198,#9199,
    #9200,#9201,#9202,#9203,#9204,#9205,#9206,#9207,#9208,#9209,#9210,
    #9211,#9212,#9213,#9214,#9215,#9216,#9217,#9218),.UNSPECIFIED.,.F.,
  .F.,(5,3,3,3,3,3,3,3,3,3,3,3,3,3,3,3,3,3,3,3,3,3,3,3,3,3,3,3,3,3,3,3,3
    ,5),(0.,3.832661857537E-02,7.588616027393E-02,0.112697851853,
    0.148780767068,0.184153940431,0.21883648667,0.252847727221,
    0.286207325058,0.318935429061,0.351052828921,0.38258112122,
    0.413542886786,0.443961878573,0.473863218119,0.503273596996,
    0.532221477517,0.560737284348,0.588853575631,0.616605179129,
    0.64402927619,0.671165414825,0.698055433749,0.723856466374,
    0.750392376563,0.776817491054,0.80317991565,0.829528157021,
    0.855910545381,0.882374672274,0.908966882881,0.935731854039,
    0.962712277261,1.),.UNSPECIFIED.);
#9118 = CARTESIAN_POINT('',(3.102443253723,0.6235,2.157));
#9119 = CARTESIAN_POINT('',(3.10159836505,0.621096502417,2.168307567096)
  );
#9120 = CARTESIAN_POINT('',(3.100760043871,0.618676893235,2.179690933308
    ));
#9121 = CARTESIAN_POINT('',(3.099928470497,0.616240885558,2.191151448372
    ));
#9122 = CARTESIAN_POINT('',(3.098295716868,0.611384563992,2.213998645033
    ));
#9123 = CARTESIAN_POINT('',(3.097494261506,0.608964911842,2.225382213394
    ));
#9124 = CARTESIAN_POINT('',(3.096699660478,0.606528942322,2.236842548942
    ));
#9125 = CARTESIAN_POINT('',(3.095140251405,0.601672618361,2.259689756871
    ));
#9126 = CARTESIAN_POINT('',(3.094375165256,0.599252918822,2.271073548177
    ));
#9127 = CARTESIAN_POINT('',(3.093617046982,0.59681699024,2.282533691129)
  );
#9128 = CARTESIAN_POINT('',(3.092130026932,0.591960661398,2.305380922018
    ));
#9129 = CARTESIAN_POINT('',(3.091400843964,0.589540908555,2.316764964101
    ));
#9130 = CARTESIAN_POINT('',(3.090678749632,0.58710502492,2.328224895597)
  );
#9131 = CARTESIAN_POINT('',(3.089263222812,0.582248688464,2.351072162308
    ));
#9132 = CARTESIAN_POINT('',(3.088569506013,0.579828874704,2.362456490983
    ));
#9133 = CARTESIAN_POINT('',(3.087883006017,0.577393041415,2.373916185615
    ));
#9134 = CARTESIAN_POINT('',(3.08653813337,0.572536694321,2.396763502377)
  );
#9135 = CARTESIAN_POINT('',(3.085879473324,0.570116810106,2.408148162516
    ));
#9136 = CARTESIAN_POINT('',(3.085228165819,0.567681034144,2.419607587444
    ));
#9137 = CARTESIAN_POINT('',(3.083953162281,0.562824673051,2.442454970066
    ));
#9138 = CARTESIAN_POINT('',(3.08332917589,0.560404706661,2.453840016811)
  );
#9139 = CARTESIAN_POINT('',(3.08271268547,0.557968996804,2.465299130741)
  );
#9140 = CARTESIAN_POINT('',(3.081506817467,0.55311261797,2.488146596824)
  );
#9141 = CARTESIAN_POINT('',(3.080917146787,0.550692555215,2.499532096932
    ));
#9142 = CARTESIAN_POINT('',(3.080335123266,0.548256922283,2.510990848958
    ));
#9143 = CARTESIAN_POINT('',(3.079197706436,0.543400521543,2.533838418102
    ));
#9144 = CARTESIAN_POINT('',(3.078642017638,0.540980345451,2.545224451414
    ));
#9145 = CARTESIAN_POINT('',(3.078094134929,0.538544802583,2.556682779723
    ));
#9146 = CARTESIAN_POINT('',(3.07702453204,0.53368837531,2.579530473698)
  );
#9147 = CARTESIAN_POINT('',(3.07650251448,0.531268065798,2.590917134701)
  );
#9148 = CARTESIAN_POINT('',(3.075988469554,0.528832628757,2.602374965137
    ));
#9149 = CARTESIAN_POINT('',(3.074986088616,0.523976169835,2.625222808007
    ));
#9150 = CARTESIAN_POINT('',(3.074497454016,0.521555703366,2.636610207432
    ));
#9151 = CARTESIAN_POINT('',(3.074016965933,0.519120390865,2.64806745195)
  );
#9152 = CARTESIAN_POINT('',(3.073081258485,0.514263894688,2.670915470094
    ));
#9153 = CARTESIAN_POINT('',(3.072625740214,0.511843243943,2.682303736473
    ));
#9154 = CARTESIAN_POINT('',(3.072178549227,0.509408077994,2.693760291517
    ));
#9155 = CARTESIAN_POINT('',(3.071309008778,0.504551538489,2.716608513501
    ));
#9156 = CARTESIAN_POINT('',(3.070886361242,0.502130672067,2.727997794563
    ));
#9157 = CARTESIAN_POINT('',(3.070472227939,0.499695678326,2.739453539431
    ));
#9158 = CARTESIAN_POINT('',(3.069668388574,0.494839089031,2.762301995656
    ));
#9159 = CARTESIAN_POINT('',(3.069278386703,0.492417971229,2.773692459367
    ));
#9160 = CARTESIAN_POINT('',(3.068897091202,0.489983179322,2.785147254684
    ));
#9161 = CARTESIAN_POINT('',(3.068158526316,0.485126533526,2.807995976726
    ));
#9162 = CARTESIAN_POINT('',(3.067800965147,0.482705124242,2.81938781175)
  );
#9163 = CARTESIAN_POINT('',(3.067452306324,0.480270568034,2.83084149819)
  );
#9164 = CARTESIAN_POINT('',(3.066778627491,0.475413859003,2.85369051773)
  );
#9165 = CARTESIAN_POINT('',(3.066453321841,0.472992113826,2.865083933008
    ));
#9166 = CARTESIAN_POINT('',(3.066137116583,0.470557831594,2.876536330492
    ));
#9167 = CARTESIAN_POINT('',(3.065527972543,0.465701052906,2.899385677745
    ));
#9168 = CARTESIAN_POINT('',(3.065234756765,0.463278923466,2.910780900835
    ));
#9169 = CARTESIAN_POINT('',(3.064950839246,0.460844957907,2.922231808488
    ));
#9170 = CARTESIAN_POINT('',(3.064405914993,0.455988103904,2.945081510067
    ));
#9171 = CARTESIAN_POINT('',(3.064144642791,0.453565538575,2.956478783859
    ));
#9172 = CARTESIAN_POINT('',(3.063892863774,0.451131936579,2.967927981082
    ));
#9173 = CARTESIAN_POINT('',(3.063411879734,0.446275002947,2.99077805729)
  );
#9174 = CARTESIAN_POINT('',(3.063182424021,0.443851947956,3.002177634756
    ));
#9175 = CARTESIAN_POINT('',(3.062962650185,0.441418760056,3.01362488381)
  );
#9176 = CARTESIAN_POINT('',(3.062545361468,0.436561744495,3.036475345463
    ));
#9177 = CARTESIAN_POINT('',(3.062347614228,0.434138145511,3.047877482217
    ));
#9178 = CARTESIAN_POINT('',(3.062159727543,0.431705424932,3.059322532699
    ));
#9179 = CARTESIAN_POINT('',(3.061805923247,0.426848327874,3.082173377761
    ));
#9180 = CARTESIAN_POINT('',(3.06163979537,0.424424132049,3.093578322432)
  );
#9181 = CARTESIAN_POINT('',(3.061483692536,0.421991933287,3.105020917961
    ));
#9182 = CARTESIAN_POINT('',(3.061193195095,0.417134758563,3.127872128414
    ));
#9183 = CARTESIAN_POINT('',(3.061058616139,0.414709916965,3.139280111208
    ));
#9184 = CARTESIAN_POINT('',(3.060934208127,0.412278293878,3.150719998397
    ));
#9185 = CARTESIAN_POINT('',(3.060710635538,0.407501445917,3.173193301142
    ));
#9186 = CARTESIAN_POINT('',(3.060610652449,0.405156709793,3.184224417312
    ));
#9187 = CARTESIAN_POINT('',(3.060520286222,0.402806845248,3.195279660803
    ));
#9188 = CARTESIAN_POINT('',(3.060356690777,0.398031015986,3.217748170946
    ));
#9189 = CARTESIAN_POINT('',(3.060284022745,0.395604789354,3.229162669811
    ));
#9190 = CARTESIAN_POINT('',(3.060221741893,0.393174441603,3.240596557019
    ));
#9191 = CARTESIAN_POINT('',(3.060118326142,0.388317097121,3.26344856612)
  );
#9192 = CARTESIAN_POINT('',(3.060077103863,0.385890127828,3.274866558929
    ));
#9193 = CARTESIAN_POINT('',(3.060046335552,0.383460487816,3.286297116485
    ));
#9194 = CARTESIAN_POINT('',(3.060005839486,0.378603118425,3.309149242777
    ));
#9195 = CARTESIAN_POINT('',(3.059996061896,0.376175397106,3.320570773588
    ));
#9196 = CARTESIAN_POINT('',(3.059996772537,0.373746491538,3.331997875857
    ));
#9197 = CARTESIAN_POINT('',(3.060019176318,0.36888911742,3.354850024389)
  );
#9198 = CARTESIAN_POINT('',(3.060040858167,0.366460648212,3.366275073744
    ));
#9199 = CARTESIAN_POINT('',(3.060073028876,0.364032491387,3.37769865345)
  );
#9200 = CARTESIAN_POINT('',(3.060158343526,0.359175133035,3.400550727806
    ));
#9201 = CARTESIAN_POINT('',(3.060211514682,0.356745933163,3.411979214666
    ));
#9202 = CARTESIAN_POINT('',(3.060275141935,0.354318526053,3.423399267246
    ));
#9203 = CARTESIAN_POINT('',(3.060423409398,0.349461202735,3.446251176778
    ));
#9204 = CARTESIAN_POINT('',(3.060508114269,0.347031301133,3.457682965016
    ));
#9205 = CARTESIAN_POINT('',(3.06060321063,0.344604631472,3.469099548169)
  );
#9206 = CARTESIAN_POINT('',(3.060814503999,0.339747359896,3.491951214278
    ));
#9207 = CARTESIAN_POINT('',(3.060930801132,0.337316795086,3.503386122664
    ));
#9208 = CARTESIAN_POINT('',(3.061057395988,0.334890838462,3.514799351241
    ));
#9209 = CARTESIAN_POINT('',(3.061331819874,0.330033631832,3.537650711804
    ));
#9210 = CARTESIAN_POINT('',(3.06147978178,0.327602449372,3.549088526007)
  );
#9211 = CARTESIAN_POINT('',(3.061637921998,0.325177171116,3.560498563111
    ));
#9212 = CARTESIAN_POINT('',(3.061975613012,0.320320038677,3.583349574633
    ));
#9213 = CARTESIAN_POINT('',(3.062155326198,0.317888288514,3.594790059667
    ));
#9214 = CARTESIAN_POINT('',(3.062345076673,0.315463646102,3.606197105365
    ));
#9215 = CARTESIAN_POINT('',(3.062820569592,0.309706135645,3.633284062415
    ));
#9216 = CARTESIAN_POINT('',(3.063115291368,0.306380166482,3.64893151708)
  );
#9217 = CARTESIAN_POINT('',(3.063428406313,0.30306992391,3.664504983956)
  );
#9218 = CARTESIAN_POINT('',(3.06375942217,0.299776356577,3.68));
#9219 = ORIENTED_EDGE('',*,*,#9220,.T.);
#9220 = EDGE_CURVE('',#9115,#9221,#9223,.T.);
#9221 = VERTEX_POINT('',#9222);
#9222 = CARTESIAN_POINT('',(4.559347495591,0.406054637412,3.18));
#9223 = B_SPLINE_CURVE_WITH_KNOTS('',4,(#9224,#9225,#9226,#9227,#9228,
    #9229,#9230,#9231,#9232,#9233,#9234,#9235,#9236,#9237,#9238,#9239,
    #9240,#9241,#9242,#9243,#9244,#9245,#9246,#9247,#9248,#9249,#9250,
    #9251,#9252,#9253,#9254,#9255,#9256,#9257,#9258,#9259,#9260,#9261,
    #9262,#9263,#9264,#9265,#9266,#9267,#9268,#9269,#9270,#9271,#9272,
    #9273,#9274,#9275,#9276,#9277,#9278,#9279,#9280,#9281,#9282,#9283,
    #9284,#9285,#9286,#9287,#9288,#9289,#9290,#9291,#9292,#9293,#9294,
    #9295,#9296,#9297,#9298,#9299,#9300,#9301,#9302,#9303,#9304,#9305,
    #9306,#9307,#9308,#9309,#9310,#9311,#9312,#9313,#9314,#9315,#9316,
    #9317,#9318,#9319,#9320,#9321,#9322,#9323,#9324),.UNSPECIFIED.,.F.,
  .F.,(5,3,3,3,3,3,3,3,3,3,3,3,3,3,3,3,3,3,3,3,3,3,3,3,3,3,3,3,3,3,3,3,3
    ,5),(0.,3.000000000005E-02,6.000000000007E-02,9.000000000007E-02,
    0.12,0.15,0.18,0.21,0.24,0.27,0.3,0.33,0.36,0.389,0.419,0.449,0.479,
    0.509,0.539,0.569,0.599,0.629,0.658,0.688,0.718,0.748,0.778,0.808,
    0.838,0.868,0.898,0.928,0.958,1.),.UNSPECIFIED.);
#9224 = CARTESIAN_POINT('',(0.927445362588,0.406054637412,3.18));
#9225 = CARTESIAN_POINT('',(0.97068368215,0.406054637412,3.18));
#9226 = CARTESIAN_POINT('',(1.013922001711,0.406054637412,3.18));
#9227 = CARTESIAN_POINT('',(1.057160321272,0.406054637412,3.18));
#9228 = CARTESIAN_POINT('',(1.143636960394,0.406054637412,3.18));
#9229 = CARTESIAN_POINT('',(1.186875279956,0.406054637412,3.18));
#9230 = CARTESIAN_POINT('',(1.230113599517,0.406054637412,3.18));
#9231 = CARTESIAN_POINT('',(1.316590238639,0.406054637412,3.18));
#9232 = CARTESIAN_POINT('',(1.3598285582,0.406054637412,3.18));
#9233 = CARTESIAN_POINT('',(1.403066877761,0.406054637412,3.18));
#9234 = CARTESIAN_POINT('',(1.489543516884,0.406054637412,3.18));
#9235 = CARTESIAN_POINT('',(1.532781836445,0.406054637412,3.18));
#9236 = CARTESIAN_POINT('',(1.576020156006,0.406054637412,3.18));
#9237 = CARTESIAN_POINT('',(1.662496795128,0.406054637412,3.18));
#9238 = CARTESIAN_POINT('',(1.70573511469,0.406054637412,3.18));
#9239 = CARTESIAN_POINT('',(1.748973434251,0.406054637412,3.18));
#9240 = CARTESIAN_POINT('',(1.835450073373,0.406054637412,3.18));
#9241 = CARTESIAN_POINT('',(1.878688392934,0.406054637412,3.18));
#9242 = CARTESIAN_POINT('',(1.921926712495,0.406054637412,3.18));
#9243 = CARTESIAN_POINT('',(2.008403351618,0.406054637412,3.18));
#9244 = CARTESIAN_POINT('',(2.051641671179,0.406054637412,3.18));
#9245 = CARTESIAN_POINT('',(2.09487999074,0.406054637412,3.18));
#9246 = CARTESIAN_POINT('',(2.181356629862,0.406054637412,3.18));
#9247 = CARTESIAN_POINT('',(2.224594949424,0.406054637412,3.18));
#9248 = CARTESIAN_POINT('',(2.267833268985,0.406054637412,3.18));
#9249 = CARTESIAN_POINT('',(2.354309908107,0.406054637412,3.18));
#9250 = CARTESIAN_POINT('',(2.397548227668,0.406054637412,3.18));
#9251 = CARTESIAN_POINT('',(2.440786547229,0.406054637412,3.18));
#9252 = CARTESIAN_POINT('',(2.527263186352,0.406054637412,3.18));
#9253 = CARTESIAN_POINT('',(2.570501505913,0.406054637412,3.18));
#9254 = CARTESIAN_POINT('',(2.613739825474,0.406054637412,3.18));
#9255 = CARTESIAN_POINT('',(2.700216464596,0.406054637412,3.18));
#9256 = CARTESIAN_POINT('',(2.743454784158,0.406054637412,3.18));
#9257 = CARTESIAN_POINT('',(2.786693103719,0.406054637412,3.18));
#9258 = CARTESIAN_POINT('',(2.873169742841,0.406054637412,3.18));
#9259 = CARTESIAN_POINT('',(2.916408062402,0.406054637412,3.18));
#9260 = CARTESIAN_POINT('',(2.959646381964,0.406054637412,3.18));
#9261 = CARTESIAN_POINT('',(3.044681743767,0.406054637412,3.18));
#9262 = CARTESIAN_POINT('',(3.08647878601,0.406054637412,3.18));
#9263 = CARTESIAN_POINT('',(3.128275828252,0.406054637412,3.18));
#9264 = CARTESIAN_POINT('',(3.213311190056,0.406054637412,3.18));
#9265 = CARTESIAN_POINT('',(3.256549509617,0.406054637412,3.18));
#9266 = CARTESIAN_POINT('',(3.299787829178,0.406054637412,3.18));
#9267 = CARTESIAN_POINT('',(3.3862644683,0.406054637412,3.18));
#9268 = CARTESIAN_POINT('',(3.429502787862,0.406054637412,3.18));
#9269 = CARTESIAN_POINT('',(3.472741107423,0.406054637412,3.18));
#9270 = CARTESIAN_POINT('',(3.559217746545,0.406054637412,3.18));
#9271 = CARTESIAN_POINT('',(3.602456066106,0.406054637412,3.18));
#9272 = CARTESIAN_POINT('',(3.645694385667,0.406054637412,3.18));
#9273 = CARTESIAN_POINT('',(3.73217102479,0.406054637412,3.18));
#9274 = CARTESIAN_POINT('',(3.775409344351,0.406054637412,3.18));
#9275 = CARTESIAN_POINT('',(3.818647663912,0.406054637412,3.18));
#9276 = CARTESIAN_POINT('',(3.905124303035,0.406054637412,3.18));
#9277 = CARTESIAN_POINT('',(3.948362622596,0.406054637412,3.18));
#9278 = CARTESIAN_POINT('',(3.991600942157,0.406054637412,3.18));
#9279 = CARTESIAN_POINT('',(4.078077581279,0.406054637412,3.18));
#9280 = CARTESIAN_POINT('',(4.12131590084,0.406054637412,3.18));
#9281 = CARTESIAN_POINT('',(4.164554220402,0.406054637412,3.18));
#9282 = CARTESIAN_POINT('',(4.251030859524,0.406054637412,3.18));
#9283 = CARTESIAN_POINT('',(4.294269179085,0.406054637412,3.18));
#9284 = CARTESIAN_POINT('',(4.337507498646,0.406054637412,3.18));
#9285 = CARTESIAN_POINT('',(4.423984137769,0.406054637412,3.18));
#9286 = CARTESIAN_POINT('',(4.46722245733,0.406054637412,3.18));
#9287 = CARTESIAN_POINT('',(4.510460776891,0.406054637412,3.18));
#9288 = CARTESIAN_POINT('',(4.595496138695,0.406054637412,3.18));
#9289 = CARTESIAN_POINT('',(4.637293180937,0.406054637412,3.18));
#9290 = CARTESIAN_POINT('',(4.67909022318,0.406054637412,3.18));
#9291 = CARTESIAN_POINT('',(4.764125584983,0.406054637412,3.18));
#9292 = CARTESIAN_POINT('',(4.807363904544,0.406054637412,3.18));
#9293 = CARTESIAN_POINT('',(4.850602224106,0.406054637412,3.18));
#9294 = CARTESIAN_POINT('',(4.937078863228,0.406054637412,3.18));
#9295 = CARTESIAN_POINT('',(4.980317182789,0.406054637412,3.18));
#9296 = CARTESIAN_POINT('',(5.02355550235,0.406054637412,3.18));
#9297 = CARTESIAN_POINT('',(5.110032141473,0.406054637412,3.18));
#9298 = CARTESIAN_POINT('',(5.153270461034,0.406054637412,3.18));
#9299 = CARTESIAN_POINT('',(5.196508780595,0.406054637412,3.18));
#9300 = CARTESIAN_POINT('',(5.282985419717,0.406054637412,3.18));
#9301 = CARTESIAN_POINT('',(5.326223739278,0.406054637412,3.18));
#9302 = CARTESIAN_POINT('',(5.36946205884,0.406054637412,3.18));
#9303 = CARTESIAN_POINT('',(5.455938697962,0.406054637412,3.18));
#9304 = CARTESIAN_POINT('',(5.499177017523,0.406054637412,3.18));
#9305 = CARTESIAN_POINT('',(5.542415337084,0.406054637412,3.18));
#9306 = CARTESIAN_POINT('',(5.628891976207,0.406054637412,3.18));
#9307 = CARTESIAN_POINT('',(5.672130295768,0.406054637412,3.18));
#9308 = CARTESIAN_POINT('',(5.715368615329,0.406054637412,3.18));
#9309 = CARTESIAN_POINT('',(5.801845254451,0.406054637412,3.18));
#9310 = CARTESIAN_POINT('',(5.845083574013,0.406054637412,3.18));
#9311 = CARTESIAN_POINT('',(5.888321893574,0.406054637412,3.18));
#9312 = CARTESIAN_POINT('',(5.974798532696,0.406054637412,3.18));
#9313 = CARTESIAN_POINT('',(6.018036852257,0.406054637412,3.18));
#9314 = CARTESIAN_POINT('',(6.061275171818,0.406054637412,3.18));
#9315 = CARTESIAN_POINT('',(6.147751810941,0.406054637412,3.18));
#9316 = CARTESIAN_POINT('',(6.190990130502,0.406054637412,3.18));
#9317 = CARTESIAN_POINT('',(6.234228450063,0.406054637412,3.18));
#9318 = CARTESIAN_POINT('',(6.320705089185,0.406054637412,3.18));
#9319 = CARTESIAN_POINT('',(6.363943408747,0.406054637412,3.18));
#9320 = CARTESIAN_POINT('',(6.407181728308,0.406054637412,3.18));
#9321 = CARTESIAN_POINT('',(6.510953695255,0.406054637412,3.18));
#9322 = CARTESIAN_POINT('',(6.57148734264,0.406054637412,3.18));
#9323 = CARTESIAN_POINT('',(6.632020990026,0.406054637412,3.18));
#9324 = CARTESIAN_POINT('',(6.692554637412,0.406054637412,3.18));
#9325 = ORIENTED_EDGE('',*,*,#9326,.T.);
#9326 = EDGE_CURVE('',#9221,#9327,#9329,.T.);
#9327 = VERTEX_POINT('',#9328);
#9328 = CARTESIAN_POINT('',(4.55624057783,0.299776356577,3.68));
#9329 = B_SPLINE_CURVE_WITH_KNOTS('',4,(#9330,#9331,#9332,#9333,#9334,
    #9335,#9336,#9337,#9338,#9339,#9340,#9341,#9342,#9343,#9344,#9345,
    #9346,#9347,#9348,#9349,#9350,#9351,#9352,#9353,#9354,#9355,#9356,
    #9357,#9358,#9359,#9360,#9361,#9362,#9363,#9364,#9365,#9366,#9367,
    #9368,#9369,#9370,#9371,#9372,#9373,#9374,#9375,#9376,#9377,#9378,
    #9379,#9380,#9381,#9382,#9383,#9384,#9385,#9386,#9387,#9388,#9389,
    #9390,#9391,#9392,#9393,#9394,#9395,#9396,#9397,#9398,#9399,#9400,
    #9401,#9402,#9403,#9404,#9405,#9406,#9407,#9408,#9409,#9410,#9411,
    #9412,#9413,#9414,#9415,#9416,#9417,#9418,#9419,#9420,#9421,#9422,
    #9423,#9424,#9425,#9426,#9427,#9428,#9429,#9430),.UNSPECIFIED.,.F.,
  .F.,(5,3,3,3,3,3,3,3,3,3,3,3,3,3,3,3,3,3,3,3,3,3,3,3,3,3,3,3,3,3,3,3,3
    ,5),(0.,3.832661857531E-02,7.588616027382E-02,0.112697851853,
    0.148780767067,0.184153940431,0.21883648667,0.252847727221,
    0.286207325058,0.318935429061,0.351052828921,0.38258112122,
    0.413542886786,0.443961878573,0.473863218119,0.503273596995,
    0.532221477516,0.560737284348,0.588853575631,0.616605179128,
    0.64402927619,0.671165414825,0.698055433749,0.723856466374,
    0.750392376562,0.776817491054,0.80317991565,0.829528157021,
    0.855910545381,0.882374672274,0.908966882881,0.935731854038,
    0.962712277261,1.),.UNSPECIFIED.);
#9330 = CARTESIAN_POINT('',(4.517556746277,0.6235,2.157));
#9331 = CARTESIAN_POINT('',(4.51840163495,0.621096502417,2.168307567096)
  );
#9332 = CARTESIAN_POINT('',(4.519239956129,0.618676893235,2.179690933308
    ));
#9333 = CARTESIAN_POINT('',(4.520071529503,0.616240885558,2.191151448372
    ));
#9334 = CARTESIAN_POINT('',(4.521704283132,0.611384563992,2.213998645033
    ));
#9335 = CARTESIAN_POINT('',(4.522505738494,0.608964911842,2.225382213394
    ));
#9336 = CARTESIAN_POINT('',(4.523300339522,0.606528942322,2.236842548942
    ));
#9337 = CARTESIAN_POINT('',(4.524859748595,0.601672618361,2.259689756871
    ));
#9338 = CARTESIAN_POINT('',(4.525624834744,0.599252918822,2.271073548177
    ));
#9339 = CARTESIAN_POINT('',(4.526382953018,0.59681699024,2.282533691129)
  );
#9340 = CARTESIAN_POINT('',(4.527869973068,0.591960661398,2.305380922018
    ));
#9341 = CARTESIAN_POINT('',(4.528599156036,0.589540908555,2.316764964101
    ));
#9342 = CARTESIAN_POINT('',(4.529321250368,0.58710502492,2.328224895597)
  );
#9343 = CARTESIAN_POINT('',(4.530736777188,0.582248688464,2.351072162308
    ));
#9344 = CARTESIAN_POINT('',(4.531430493987,0.579828874704,2.362456490983
    ));
#9345 = CARTESIAN_POINT('',(4.532116993983,0.577393041415,2.373916185615
    ));
#9346 = CARTESIAN_POINT('',(4.53346186663,0.572536694321,2.396763502377)
  );
#9347 = CARTESIAN_POINT('',(4.534120526676,0.570116810106,2.408148162516
    ));
#9348 = CARTESIAN_POINT('',(4.534771834181,0.567681034144,2.419607587444
    ));
#9349 = CARTESIAN_POINT('',(4.536046837719,0.562824673051,2.442454970066
    ));
#9350 = CARTESIAN_POINT('',(4.53667082411,0.560404706661,2.453840016811)
  );
#9351 = CARTESIAN_POINT('',(4.53728731453,0.557968996804,2.465299130741)
  );
#9352 = CARTESIAN_POINT('',(4.538493182533,0.55311261797,2.488146596824)
  );
#9353 = CARTESIAN_POINT('',(4.539082853213,0.550692555215,2.499532096932
    ));
#9354 = CARTESIAN_POINT('',(4.539664876734,0.548256922283,2.510990848958
    ));
#9355 = CARTESIAN_POINT('',(4.540802293564,0.543400521543,2.533838418102
    ));
#9356 = CARTESIAN_POINT('',(4.541357982362,0.540980345451,2.545224451414
    ));
#9357 = CARTESIAN_POINT('',(4.541905865071,0.538544802583,2.556682779723
    ));
#9358 = CARTESIAN_POINT('',(4.54297546796,0.53368837531,2.579530473698)
  );
#9359 = CARTESIAN_POINT('',(4.54349748552,0.531268065798,2.590917134701)
  );
#9360 = CARTESIAN_POINT('',(4.544011530446,0.528832628757,2.602374965137
    ));
#9361 = CARTESIAN_POINT('',(4.545013911384,0.523976169835,2.625222808007
    ));
#9362 = CARTESIAN_POINT('',(4.545502545984,0.521555703366,2.636610207432
    ));
#9363 = CARTESIAN_POINT('',(4.545983034067,0.519120390865,2.64806745195)
  );
#9364 = CARTESIAN_POINT('',(4.546918741515,0.514263894688,2.670915470094
    ));
#9365 = CARTESIAN_POINT('',(4.547374259786,0.511843243943,2.682303736473
    ));
#9366 = CARTESIAN_POINT('',(4.547821450773,0.509408077994,2.693760291517
    ));
#9367 = CARTESIAN_POINT('',(4.548690991222,0.504551538489,2.716608513501
    ));
#9368 = CARTESIAN_POINT('',(4.549113638758,0.502130672067,2.727997794563
    ));
#9369 = CARTESIAN_POINT('',(4.549527772061,0.499695678326,2.739453539431
    ));
#9370 = CARTESIAN_POINT('',(4.550331611426,0.494839089031,2.762301995656
    ));
#9371 = CARTESIAN_POINT('',(4.550721613297,0.492417971229,2.773692459367
    ));
#9372 = CARTESIAN_POINT('',(4.551102908798,0.489983179322,2.785147254684
    ));
#9373 = CARTESIAN_POINT('',(4.551841473684,0.485126533526,2.807995976726
    ));
#9374 = CARTESIAN_POINT('',(4.552199034853,0.482705124242,2.81938781175)
  );
#9375 = CARTESIAN_POINT('',(4.552547693676,0.480270568034,2.83084149819)
  );
#9376 = CARTESIAN_POINT('',(4.553221372509,0.475413859003,2.85369051773)
  );
#9377 = CARTESIAN_POINT('',(4.553546678159,0.472992113826,2.865083933008
    ));
#9378 = CARTESIAN_POINT('',(4.553862883417,0.470557831594,2.876536330492
    ));
#9379 = CARTESIAN_POINT('',(4.554472027457,0.465701052906,2.899385677745
    ));
#9380 = CARTESIAN_POINT('',(4.554765243235,0.463278923466,2.910780900835
    ));
#9381 = CARTESIAN_POINT('',(4.555049160754,0.460844957907,2.922231808488
    ));
#9382 = CARTESIAN_POINT('',(4.555594085007,0.455988103904,2.945081510067
    ));
#9383 = CARTESIAN_POINT('',(4.555855357209,0.453565538575,2.956478783859
    ));
#9384 = CARTESIAN_POINT('',(4.556107136226,0.451131936579,2.967927981082
    ));
#9385 = CARTESIAN_POINT('',(4.556588120266,0.446275002947,2.99077805729)
  );
#9386 = CARTESIAN_POINT('',(4.556817575979,0.443851947956,3.002177634756
    ));
#9387 = CARTESIAN_POINT('',(4.557037349815,0.441418760056,3.01362488381)
  );
#9388 = CARTESIAN_POINT('',(4.557454638532,0.436561744495,3.036475345463
    ));
#9389 = CARTESIAN_POINT('',(4.557652385772,0.434138145511,3.047877482217
    ));
#9390 = CARTESIAN_POINT('',(4.557840272457,0.431705424932,3.059322532699
    ));
#9391 = CARTESIAN_POINT('',(4.558194076753,0.426848327874,3.082173377761
    ));
#9392 = CARTESIAN_POINT('',(4.55836020463,0.424424132049,3.093578322432)
  );
#9393 = CARTESIAN_POINT('',(4.558516307464,0.421991933287,3.105020917961
    ));
#9394 = CARTESIAN_POINT('',(4.558806804905,0.417134758563,3.127872128414
    ));
#9395 = CARTESIAN_POINT('',(4.558941383861,0.414709916965,3.139280111208
    ));
#9396 = CARTESIAN_POINT('',(4.559065791873,0.412278293878,3.150719998397
    ));
#9397 = CARTESIAN_POINT('',(4.559289364462,0.407501445917,3.173193301142
    ));
#9398 = CARTESIAN_POINT('',(4.559389347551,0.405156709793,3.184224417312
    ));
#9399 = CARTESIAN_POINT('',(4.559479713778,0.402806845248,3.195279660803
    ));
#9400 = CARTESIAN_POINT('',(4.559643309223,0.398031015986,3.217748170946
    ));
#9401 = CARTESIAN_POINT('',(4.559715977255,0.395604789354,3.229162669811
    ));
#9402 = CARTESIAN_POINT('',(4.559778258107,0.393174441603,3.240596557019
    ));
#9403 = CARTESIAN_POINT('',(4.559881673858,0.388317097121,3.26344856612)
  );
#9404 = CARTESIAN_POINT('',(4.559922896137,0.385890127828,3.274866558929
    ));
#9405 = CARTESIAN_POINT('',(4.559953664448,0.383460487816,3.286297116485
    ));
#9406 = CARTESIAN_POINT('',(4.559994160514,0.378603118425,3.309149242777
    ));
#9407 = CARTESIAN_POINT('',(4.560003938104,0.376175397106,3.320570773588
    ));
#9408 = CARTESIAN_POINT('',(4.560003227463,0.373746491538,3.331997875857
    ));
#9409 = CARTESIAN_POINT('',(4.559980823682,0.36888911742,3.354850024389)
  );
#9410 = CARTESIAN_POINT('',(4.559959141833,0.366460648212,3.366275073744
    ));
#9411 = CARTESIAN_POINT('',(4.559926971124,0.364032491387,3.37769865345)
  );
#9412 = CARTESIAN_POINT('',(4.559841656474,0.359175133035,3.400550727806
    ));
#9413 = CARTESIAN_POINT('',(4.559788485318,0.356745933163,3.411979214666
    ));
#9414 = CARTESIAN_POINT('',(4.559724858065,0.354318526053,3.423399267246
    ));
#9415 = CARTESIAN_POINT('',(4.559576590602,0.349461202735,3.446251176778
    ));
#9416 = CARTESIAN_POINT('',(4.559491885731,0.347031301133,3.457682965016
    ));
#9417 = CARTESIAN_POINT('',(4.55939678937,0.344604631472,3.469099548169)
  );
#9418 = CARTESIAN_POINT('',(4.559185496001,0.339747359896,3.491951214278
    ));
#9419 = CARTESIAN_POINT('',(4.559069198868,0.337316795086,3.503386122664
    ));
#9420 = CARTESIAN_POINT('',(4.558942604012,0.334890838462,3.514799351241
    ));
#9421 = CARTESIAN_POINT('',(4.558668180126,0.330033631832,3.537650711804
    ));
#9422 = CARTESIAN_POINT('',(4.55852021822,0.327602449372,3.549088526007)
  );
#9423 = CARTESIAN_POINT('',(4.558362078002,0.325177171116,3.560498563111
    ));
#9424 = CARTESIAN_POINT('',(4.558024386988,0.320320038677,3.583349574633
    ));
#9425 = CARTESIAN_POINT('',(4.557844673802,0.317888288514,3.594790059667
    ));
#9426 = CARTESIAN_POINT('',(4.557654923327,0.315463646102,3.606197105365
    ));
#9427 = CARTESIAN_POINT('',(4.557179430408,0.309706135645,3.633284062415
    ));
#9428 = CARTESIAN_POINT('',(4.556884708632,0.306380166482,3.64893151708)
  );
#9429 = CARTESIAN_POINT('',(4.556571593687,0.30306992391,3.664504983956)
  );
#9430 = CARTESIAN_POINT('',(4.55624057783,0.299776356577,3.68));
#9431 = ORIENTED_EDGE('',*,*,#9432,.F.);
#9432 = EDGE_CURVE('',#7534,#9327,#9433,.T.);
#9433 = LINE('',#9434,#9435);
#9434 = CARTESIAN_POINT('',(6.586276356577,0.299776356577,3.68));
#9435 = VECTOR('',#9436,1.);
#9436 = DIRECTION('',(-1.,-4.440892098501E-16,0.));
#9437 = B_SPLINE_SURFACE_WITH_KNOTS('',1,1,(
    (#9438,#9439)
    ,(#9440,#9441
    )),.UNSPECIFIED.,.F.,.F.,.F.,(2,2),(2,2),(0.,6.2),(0.,1.),
  .PIECEWISE_BEZIER_KNOTS.);
#9438 = CARTESIAN_POINT('',(6.91,0.6235,2.157));
#9439 = CARTESIAN_POINT('',(6.586276356577,0.299776356577,3.68));
#9440 = CARTESIAN_POINT('',(0.71,0.6235,2.157));
#9441 = CARTESIAN_POINT('',(1.033723643423,0.299776356577,3.68));
#9442 = ADVANCED_FACE('',(#9443),#9516,.T.);
#9443 = FACE_BOUND('',#9444,.T.);
#9444 = EDGE_LOOP('',(#9445,#9446,#9452,#9453,#9459,#9460,#9466,#9467,
    #9473,#9474,#9480,#9481,#9487,#9488,#9494,#9495,#9501,#9502,#9509,
    #9515));
#9445 = ORIENTED_EDGE('',*,*,#6134,.T.);
#9446 = ORIENTED_EDGE('',*,*,#9447,.T.);
#9447 = EDGE_CURVE('',#6127,#6445,#9448,.T.);
#9448 = LINE('',#9449,#9450);
#9449 = CARTESIAN_POINT('',(0.71,0.6235,2.157));
#9450 = VECTOR('',#9451,1.);
#9451 = DIRECTION('',(4.440892098501E-16,-1.,0.));
#9452 = ORIENTED_EDGE('',*,*,#6461,.T.);
#9453 = ORIENTED_EDGE('',*,*,#9454,.T.);
#9454 = EDGE_CURVE('',#6454,#6773,#9455,.T.);
#9455 = LINE('',#9456,#9457);
#9456 = CARTESIAN_POINT('',(0.71,0.6235,2.157));
#9457 = VECTOR('',#9458,1.);
#9458 = DIRECTION('',(4.440892098501E-16,-1.,0.));
#9459 = ORIENTED_EDGE('',*,*,#6789,.T.);
#9460 = ORIENTED_EDGE('',*,*,#9461,.T.);
#9461 = EDGE_CURVE('',#6782,#7101,#9462,.T.);
#9462 = LINE('',#9463,#9464);
#9463 = CARTESIAN_POINT('',(0.71,0.6235,2.157));
#9464 = VECTOR('',#9465,1.);
#9465 = DIRECTION('',(4.440892098501E-16,-1.,0.));
#9466 = ORIENTED_EDGE('',*,*,#7117,.T.);
#9467 = ORIENTED_EDGE('',*,*,#9468,.T.);
#9468 = EDGE_CURVE('',#7110,#7429,#9469,.T.);
#9469 = LINE('',#9470,#9471);
#9470 = CARTESIAN_POINT('',(0.71,0.6235,2.157));
#9471 = VECTOR('',#9472,1.);
#9472 = DIRECTION('',(4.440892098501E-16,-1.,0.));
#9473 = ORIENTED_EDGE('',*,*,#7445,.T.);
#9474 = ORIENTED_EDGE('',*,*,#9475,.T.);
#9475 = EDGE_CURVE('',#7438,#7248,#9476,.T.);
#9476 = LINE('',#9477,#9478);
#9477 = CARTESIAN_POINT('',(0.71,0.6235,2.157));
#9478 = VECTOR('',#9479,1.);
#9479 = DIRECTION('',(4.440892098501E-16,-1.,0.));
#9480 = ORIENTED_EDGE('',*,*,#7264,.T.);
#9481 = ORIENTED_EDGE('',*,*,#9482,.T.);
#9482 = EDGE_CURVE('',#7257,#6920,#9483,.T.);
#9483 = LINE('',#9484,#9485);
#9484 = CARTESIAN_POINT('',(0.71,0.6235,2.157));
#9485 = VECTOR('',#9486,1.);
#9486 = DIRECTION('',(4.440892098501E-16,-1.,0.));
#9487 = ORIENTED_EDGE('',*,*,#6936,.T.);
#9488 = ORIENTED_EDGE('',*,*,#9489,.T.);
#9489 = EDGE_CURVE('',#6929,#6592,#9490,.T.);
#9490 = LINE('',#9491,#9492);
#9491 = CARTESIAN_POINT('',(0.71,0.6235,2.157));
#9492 = VECTOR('',#9493,1.);
#9493 = DIRECTION('',(4.440892098501E-16,-1.,0.));
#9494 = ORIENTED_EDGE('',*,*,#6608,.T.);
#9495 = ORIENTED_EDGE('',*,*,#9496,.T.);
#9496 = EDGE_CURVE('',#6601,#6265,#9497,.T.);
#9497 = LINE('',#9498,#9499);
#9498 = CARTESIAN_POINT('',(0.71,0.6235,2.157));
#9499 = VECTOR('',#9500,1.);
#9500 = DIRECTION('',(4.440892098501E-16,-1.,0.));
#9501 = ORIENTED_EDGE('',*,*,#6280,.T.);
#9502 = ORIENTED_EDGE('',*,*,#9503,.T.);
#9503 = EDGE_CURVE('',#6274,#9504,#9506,.T.);
#9504 = VERTEX_POINT('',#9505);
#9505 = CARTESIAN_POINT('',(1.033723643423,-18.07977635657,3.68));
#9506 = B_SPLINE_CURVE_WITH_KNOTS('',1,(#9507,#9508),.UNSPECIFIED.,.F.,
  .F.,(2,2),(0.,1.),.PIECEWISE_BEZIER_KNOTS.);
#9507 = CARTESIAN_POINT('',(0.71,-18.4035,2.157));
#9508 = CARTESIAN_POINT('',(1.033723643423,-18.07977635657,3.68));
#9509 = ORIENTED_EDGE('',*,*,#9510,.F.);
#9510 = EDGE_CURVE('',#9100,#9504,#9511,.T.);
#9511 = LINE('',#9512,#9513);
#9512 = CARTESIAN_POINT('',(1.033723643423,0.299776356577,3.68));
#9513 = VECTOR('',#9514,1.);
#9514 = DIRECTION('',(4.440892098501E-16,-1.,0.));
#9515 = ORIENTED_EDGE('',*,*,#9099,.F.);
#9516 = B_SPLINE_SURFACE_WITH_KNOTS('',1,1,(
    (#9517,#9518)
    ,(#9519,#9520
    )),.UNSPECIFIED.,.F.,.F.,.F.,(2,2),(2,2),(0.,19.027),(0.,1.),
  .PIECEWISE_BEZIER_KNOTS.);
#9517 = CARTESIAN_POINT('',(0.71,0.6235,2.157));
#9518 = CARTESIAN_POINT('',(1.033723643423,0.299776356577,3.68));
#9519 = CARTESIAN_POINT('',(0.71,-18.4035,2.157));
#9520 = CARTESIAN_POINT('',(1.033723643423,-18.07977635657,3.68));
#9521 = ADVANCED_FACE('',(#9522),#9535,.T.);
#9522 = FACE_BOUND('',#9523,.T.);
#9523 = EDGE_LOOP('',(#9524,#9525,#9526,#9527,#9528,#9534));
#9524 = ORIENTED_EDGE('',*,*,#6444,.F.);
#9525 = ORIENTED_EDGE('',*,*,#9447,.F.);
#9526 = ORIENTED_EDGE('',*,*,#6126,.F.);
#9527 = ORIENTED_EDGE('',*,*,#6148,.F.);
#9528 = ORIENTED_EDGE('',*,*,#9529,.F.);
#9529 = EDGE_CURVE('',#6295,#6149,#9530,.T.);
#9530 = LINE('',#9531,#9532);
#9531 = CARTESIAN_POINT('',(0.254,-0.762,2.157));
#9532 = VECTOR('',#9533,1.);
#9533 = DIRECTION('',(-4.440892098501E-16,1.,0.));
#9534 = ORIENTED_EDGE('',*,*,#6338,.F.);
#9535 = PLANE('',#9536);
#9536 = AXIS2_PLACEMENT_3D('',#9537,#9538,#9539);
#9537 = CARTESIAN_POINT('',(3.81,-0.762,2.157));
#9538 = DIRECTION('',(0.,0.,1.));
#9539 = DIRECTION('',(-4.440892098501E-16,1.,0.));
#9540 = ADVANCED_FACE('',(#9541),#9584,.T.);
#9541 = FACE_BOUND('',#9542,.T.);
#9542 = EDGE_LOOP('',(#9543,#9544,#9545,#9546,#9554,#9562,#9570,#9578));
#9543 = ORIENTED_EDGE('',*,*,#6181,.F.);
#9544 = ORIENTED_EDGE('',*,*,#6352,.T.);
#9545 = ORIENTED_EDGE('',*,*,#6321,.F.);
#9546 = ORIENTED_EDGE('',*,*,#9547,.F.);
#9547 = EDGE_CURVE('',#9548,#6314,#9550,.T.);
#9548 = VERTEX_POINT('',#9549);
#9549 = CARTESIAN_POINT('',(0.127,-0.2285,0.));
#9550 = LINE('',#9551,#9552);
#9551 = CARTESIAN_POINT('',(0.127,-0.2285,0.));
#9552 = VECTOR('',#9553,1.);
#9553 = DIRECTION('',(4.440892098501E-16,-1.,0.));
#9554 = ORIENTED_EDGE('',*,*,#9555,.F.);
#9555 = EDGE_CURVE('',#9556,#9548,#9558,.T.);
#9556 = VERTEX_POINT('',#9557);
#9557 = CARTESIAN_POINT('',(0.127,-0.2285,-2.843));
#9558 = LINE('',#9559,#9560);
#9559 = CARTESIAN_POINT('',(0.127,-0.2285,-2.843));
#9560 = VECTOR('',#9561,1.);
#9561 = DIRECTION('',(2.774748171724E-31,-6.248177416111E-16,1.));
#9562 = ORIENTED_EDGE('',*,*,#9563,.F.);
#9563 = EDGE_CURVE('',#9564,#9556,#9566,.T.);
#9564 = VERTEX_POINT('',#9565);
#9565 = CARTESIAN_POINT('',(0.127,-0.11425,-3.3));
#9566 = LINE('',#9567,#9568);
#9567 = CARTESIAN_POINT('',(0.127,-0.11425,-3.3));
#9568 = VECTOR('',#9569,1.);
#9569 = DIRECTION('',(1.077074540829E-16,-0.242535625036,0.970142500145)
  );
#9570 = ORIENTED_EDGE('',*,*,#9571,.F.);
#9571 = EDGE_CURVE('',#9572,#9564,#9574,.T.);
#9572 = VERTEX_POINT('',#9573);
#9573 = CARTESIAN_POINT('',(0.127,0.11425,-3.3));
#9574 = LINE('',#9575,#9576);
#9575 = CARTESIAN_POINT('',(0.127,0.11425,-3.3));
#9576 = VECTOR('',#9577,1.);
#9577 = DIRECTION('',(4.440892098501E-16,-1.,0.));
#9578 = ORIENTED_EDGE('',*,*,#9579,.F.);
#9579 = EDGE_CURVE('',#6174,#9572,#9580,.T.);
#9580 = LINE('',#9581,#9582);
#9581 = CARTESIAN_POINT('',(0.127,0.2285,-2.843));
#9582 = VECTOR('',#9583,1.);
#9583 = DIRECTION('',(1.077074540829E-16,-0.242535625036,-0.970142500145
    ));
#9584 = PLANE('',#9585);
#9585 = AXIS2_PLACEMENT_3D('',#9586,#9587,#9588);
#9586 = CARTESIAN_POINT('',(0.127,0.2285,2.157));
#9587 = DIRECTION('',(1.,4.440892098501E-16,0.));
#9588 = DIRECTION('',(0.,0.,-1.));
#9589 = ADVANCED_FACE('',(#9590),#9608,.T.);
#9590 = FACE_BOUND('',#9591,.T.);
#9591 = EDGE_LOOP('',(#9592,#9593,#9594,#9602));
#9592 = ORIENTED_EDGE('',*,*,#6173,.T.);
#9593 = ORIENTED_EDGE('',*,*,#9579,.T.);
#9594 = ORIENTED_EDGE('',*,*,#9595,.F.);
#9595 = EDGE_CURVE('',#9596,#9572,#9598,.T.);
#9596 = VERTEX_POINT('',#9597);
#9597 = CARTESIAN_POINT('',(-0.127,0.11425,-3.3));
#9598 = LINE('',#9599,#9600);
#9599 = CARTESIAN_POINT('',(-0.127,0.11425,-3.3));
#9600 = VECTOR('',#9601,1.);
#9601 = DIRECTION('',(1.,4.440892098501E-16,0.));
#9602 = ORIENTED_EDGE('',*,*,#9603,.F.);
#9603 = EDGE_CURVE('',#6166,#9596,#9604,.T.);
#9604 = LINE('',#9605,#9606);
#9605 = CARTESIAN_POINT('',(-0.127,0.2285,-2.843));
#9606 = VECTOR('',#9607,1.);
#9607 = DIRECTION('',(1.077074540829E-16,-0.242535625036,-0.970142500145
    ));
#9608 = PLANE('',#9609);
#9609 = AXIS2_PLACEMENT_3D('',#9610,#9611,#9612);
#9610 = CARTESIAN_POINT('',(-0.127,0.2285,-2.843));
#9611 = DIRECTION('',(-4.308298163317E-16,0.970142500145,-0.242535625036
    ));
#9612 = DIRECTION('',(1.077074540829E-16,-0.242535625036,-0.970142500145
    ));
#9613 = ADVANCED_FACE('',(#9614),#9655,.F.);
#9614 = FACE_BOUND('',#9615,.F.);
#9615 = EDGE_LOOP('',(#9616,#9617,#9623,#9624,#9632,#9640,#9648,#9654));
#9616 = ORIENTED_EDGE('',*,*,#6165,.F.);
#9617 = ORIENTED_EDGE('',*,*,#9618,.F.);
#9618 = EDGE_CURVE('',#6297,#6157,#9619,.T.);
#9619 = LINE('',#9620,#9621);
#9620 = CARTESIAN_POINT('',(-0.127,-0.762,1.776));
#9621 = VECTOR('',#9622,1.);
#9622 = DIRECTION('',(-4.440892098501E-16,1.,0.));
#9623 = ORIENTED_EDGE('',*,*,#6305,.F.);
#9624 = ORIENTED_EDGE('',*,*,#9625,.F.);
#9625 = EDGE_CURVE('',#9626,#6306,#9628,.T.);
#9626 = VERTEX_POINT('',#9627);
#9627 = CARTESIAN_POINT('',(-0.127,-0.2285,0.));
#9628 = LINE('',#9629,#9630);
#9629 = CARTESIAN_POINT('',(-0.127,-0.2285,0.));
#9630 = VECTOR('',#9631,1.);
#9631 = DIRECTION('',(4.440892098501E-16,-1.,0.));
#9632 = ORIENTED_EDGE('',*,*,#9633,.F.);
#9633 = EDGE_CURVE('',#9634,#9626,#9636,.T.);
#9634 = VERTEX_POINT('',#9635);
#9635 = CARTESIAN_POINT('',(-0.127,-0.2285,-2.843));
#9636 = LINE('',#9637,#9638);
#9637 = CARTESIAN_POINT('',(-0.127,-0.2285,-2.843));
#9638 = VECTOR('',#9639,1.);
#9639 = DIRECTION('',(2.774748171724E-31,-6.248177416111E-16,1.));
#9640 = ORIENTED_EDGE('',*,*,#9641,.F.);
#9641 = EDGE_CURVE('',#9642,#9634,#9644,.T.);
#9642 = VERTEX_POINT('',#9643);
#9643 = CARTESIAN_POINT('',(-0.127,-0.11425,-3.3));
#9644 = LINE('',#9645,#9646);
#9645 = CARTESIAN_POINT('',(-0.127,-0.11425,-3.3));
#9646 = VECTOR('',#9647,1.);
#9647 = DIRECTION('',(1.077074540829E-16,-0.242535625036,0.970142500145)
  );
#9648 = ORIENTED_EDGE('',*,*,#9649,.F.);
#9649 = EDGE_CURVE('',#9596,#9642,#9650,.T.);
#9650 = LINE('',#9651,#9652);
#9651 = CARTESIAN_POINT('',(-0.127,0.11425,-3.3));
#9652 = VECTOR('',#9653,1.);
#9653 = DIRECTION('',(4.440892098501E-16,-1.,0.));
#9654 = ORIENTED_EDGE('',*,*,#9603,.F.);
#9655 = PLANE('',#9656);
#9656 = AXIS2_PLACEMENT_3D('',#9657,#9658,#9659);
#9657 = CARTESIAN_POINT('',(-0.127,0.2285,2.157));
#9658 = DIRECTION('',(1.,4.440892098501E-16,0.));
#9659 = DIRECTION('',(0.,0.,-1.));
#9660 = ADVANCED_FACE('',(#9661),#9667,.T.);
#9661 = FACE_BOUND('',#9662,.T.);
#9662 = EDGE_LOOP('',(#9663,#9664,#9665,#9666));
#9663 = ORIENTED_EDGE('',*,*,#9529,.T.);
#9664 = ORIENTED_EDGE('',*,*,#6156,.T.);
#9665 = ORIENTED_EDGE('',*,*,#9618,.F.);
#9666 = ORIENTED_EDGE('',*,*,#6294,.F.);
#9667 = CYLINDRICAL_SURFACE('',#9668,0.381);
#9668 = AXIS2_PLACEMENT_3D('',#9669,#9670,#9671);
#9669 = CARTESIAN_POINT('',(0.254,-0.762,1.776));
#9670 = DIRECTION('',(-4.440892098501E-16,1.,0.));
#9671 = DIRECTION('',(0.,0.,1.));
#9672 = ADVANCED_FACE('',(#9673),#9721,.T.);
#9673 = FACE_BOUND('',#9674,.T.);
#9674 = EDGE_LOOP('',(#9675,#9676,#9682,#9683,#9691,#9699,#9707,#9715));
#9675 = ORIENTED_EDGE('',*,*,#6206,.F.);
#9676 = ORIENTED_EDGE('',*,*,#9677,.T.);
#9677 = EDGE_CURVE('',#6207,#6378,#9678,.T.);
#9678 = LINE('',#9679,#9680);
#9679 = CARTESIAN_POINT('',(-0.127,-18.0085,1.776));
#9680 = VECTOR('',#9681,1.);
#9681 = DIRECTION('',(-4.440892098501E-16,1.,0.));
#9682 = ORIENTED_EDGE('',*,*,#6386,.F.);
#9683 = ORIENTED_EDGE('',*,*,#9684,.F.);
#9684 = EDGE_CURVE('',#9685,#6387,#9687,.T.);
#9685 = VERTEX_POINT('',#9686);
#9686 = CARTESIAN_POINT('',(-0.127,-17.5515,0.));
#9687 = LINE('',#9688,#9689);
#9688 = CARTESIAN_POINT('',(-0.127,-17.5515,0.));
#9689 = VECTOR('',#9690,1.);
#9690 = DIRECTION('',(-4.440892098501E-16,1.,0.));
#9691 = ORIENTED_EDGE('',*,*,#9692,.F.);
#9692 = EDGE_CURVE('',#9693,#9685,#9695,.T.);
#9693 = VERTEX_POINT('',#9694);
#9694 = CARTESIAN_POINT('',(-0.127,-17.5515,-2.843));
#9695 = LINE('',#9696,#9697);
#9696 = CARTESIAN_POINT('',(-0.127,-17.5515,-2.843));
#9697 = VECTOR('',#9698,1.);
#9698 = DIRECTION('',(-2.774748171724E-31,6.248177416111E-16,1.));
#9699 = ORIENTED_EDGE('',*,*,#9700,.F.);
#9700 = EDGE_CURVE('',#9701,#9693,#9703,.T.);
#9701 = VERTEX_POINT('',#9702);
#9702 = CARTESIAN_POINT('',(-0.127,-17.66575,-3.3));
#9703 = LINE('',#9704,#9705);
#9704 = CARTESIAN_POINT('',(-0.127,-17.66575,-3.3));
#9705 = VECTOR('',#9706,1.);
#9706 = DIRECTION('',(-1.077074540829E-16,0.242535625036,0.970142500145)
  );
#9707 = ORIENTED_EDGE('',*,*,#9708,.F.);
#9708 = EDGE_CURVE('',#9709,#9701,#9711,.T.);
#9709 = VERTEX_POINT('',#9710);
#9710 = CARTESIAN_POINT('',(-0.127,-17.89425,-3.3));
#9711 = LINE('',#9712,#9713);
#9712 = CARTESIAN_POINT('',(-0.127,-17.89425,-3.3));
#9713 = VECTOR('',#9714,1.);
#9714 = DIRECTION('',(-4.440892098501E-16,1.,0.));
#9715 = ORIENTED_EDGE('',*,*,#9716,.F.);
#9716 = EDGE_CURVE('',#6209,#9709,#9717,.T.);
#9717 = LINE('',#9718,#9719);
#9718 = CARTESIAN_POINT('',(-0.127,-18.0085,-2.843));
#9719 = VECTOR('',#9720,1.);
#9720 = DIRECTION('',(-1.077074540829E-16,0.242535625036,-0.970142500145
    ));
#9721 = PLANE('',#9722);
#9722 = AXIS2_PLACEMENT_3D('',#9723,#9724,#9725);
#9723 = CARTESIAN_POINT('',(-0.127,-18.0085,2.157));
#9724 = DIRECTION('',(-1.,-4.440892098501E-16,0.));
#9725 = DIRECTION('',(0.,0.,1.));
#9726 = ADVANCED_FACE('',(#9727),#9745,.F.);
#9727 = FACE_BOUND('',#9728,.F.);
#9728 = EDGE_LOOP('',(#9729,#9730,#9738,#9744));
#9729 = ORIENTED_EDGE('',*,*,#6250,.T.);
#9730 = ORIENTED_EDGE('',*,*,#9731,.T.);
#9731 = EDGE_CURVE('',#6243,#9732,#9734,.T.);
#9732 = VERTEX_POINT('',#9733);
#9733 = CARTESIAN_POINT('',(0.127,-17.89425,-3.3));
#9734 = LINE('',#9735,#9736);
#9735 = CARTESIAN_POINT('',(0.127,-18.0085,-2.843));
#9736 = VECTOR('',#9737,1.);
#9737 = DIRECTION('',(-1.077074540829E-16,0.242535625036,-0.970142500145
    ));
#9738 = ORIENTED_EDGE('',*,*,#9739,.F.);
#9739 = EDGE_CURVE('',#9709,#9732,#9740,.T.);
#9740 = LINE('',#9741,#9742);
#9741 = CARTESIAN_POINT('',(-0.127,-17.89425,-3.3));
#9742 = VECTOR('',#9743,1.);
#9743 = DIRECTION('',(1.,4.440892098501E-16,0.));
#9744 = ORIENTED_EDGE('',*,*,#9716,.F.);
#9745 = PLANE('',#9746);
#9746 = AXIS2_PLACEMENT_3D('',#9747,#9748,#9749);
#9747 = CARTESIAN_POINT('',(-0.127,-18.0085,-2.843));
#9748 = DIRECTION('',(-4.308298163317E-16,0.970142500145,0.242535625036)
  );
#9749 = DIRECTION('',(-1.077074540829E-16,0.242535625036,-0.970142500145
    ));
#9750 = ADVANCED_FACE('',(#9751),#9787,.F.);
#9751 = FACE_BOUND('',#9752,.F.);
#9752 = EDGE_LOOP('',(#9753,#9754,#9755,#9756,#9764,#9772,#9780,#9786));
#9753 = ORIENTED_EDGE('',*,*,#6242,.F.);
#9754 = ORIENTED_EDGE('',*,*,#6430,.T.);
#9755 = ORIENTED_EDGE('',*,*,#6402,.F.);
#9756 = ORIENTED_EDGE('',*,*,#9757,.F.);
#9757 = EDGE_CURVE('',#9758,#6395,#9760,.T.);
#9758 = VERTEX_POINT('',#9759);
#9759 = CARTESIAN_POINT('',(0.127,-17.5515,0.));
#9760 = LINE('',#9761,#9762);
#9761 = CARTESIAN_POINT('',(0.127,-17.5515,0.));
#9762 = VECTOR('',#9763,1.);
#9763 = DIRECTION('',(-4.440892098501E-16,1.,0.));
#9764 = ORIENTED_EDGE('',*,*,#9765,.F.);
#9765 = EDGE_CURVE('',#9766,#9758,#9768,.T.);
#9766 = VERTEX_POINT('',#9767);
#9767 = CARTESIAN_POINT('',(0.127,-17.5515,-2.843));
#9768 = LINE('',#9769,#9770);
#9769 = CARTESIAN_POINT('',(0.127,-17.5515,-2.843));
#9770 = VECTOR('',#9771,1.);
#9771 = DIRECTION('',(-2.774748171724E-31,6.248177416111E-16,1.));
#9772 = ORIENTED_EDGE('',*,*,#9773,.F.);
#9773 = EDGE_CURVE('',#9774,#9766,#9776,.T.);
#9774 = VERTEX_POINT('',#9775);
#9775 = CARTESIAN_POINT('',(0.127,-17.66575,-3.3));
#9776 = LINE('',#9777,#9778);
#9777 = CARTESIAN_POINT('',(0.127,-17.66575,-3.3));
#9778 = VECTOR('',#9779,1.);
#9779 = DIRECTION('',(-1.077074540829E-16,0.242535625036,0.970142500145)
  );
#9780 = ORIENTED_EDGE('',*,*,#9781,.F.);
#9781 = EDGE_CURVE('',#9732,#9774,#9782,.T.);
#9782 = LINE('',#9783,#9784);
#9783 = CARTESIAN_POINT('',(0.127,-17.89425,-3.3));
#9784 = VECTOR('',#9785,1.);
#9785 = DIRECTION('',(-4.440892098501E-16,1.,0.));
#9786 = ORIENTED_EDGE('',*,*,#9731,.F.);
#9787 = PLANE('',#9788);
#9788 = AXIS2_PLACEMENT_3D('',#9789,#9790,#9791);
#9789 = CARTESIAN_POINT('',(0.127,-18.0085,2.157));
#9790 = DIRECTION('',(-1.,-4.440892098501E-16,0.));
#9791 = DIRECTION('',(0.,0.,1.));
#9792 = ADVANCED_FACE('',(#9793),#9806,.T.);
#9793 = FACE_BOUND('',#9794,.T.);
#9794 = EDGE_LOOP('',(#9795,#9796,#9797,#9798,#9799,#9805));
#9795 = ORIENTED_EDGE('',*,*,#6264,.F.);
#9796 = ORIENTED_EDGE('',*,*,#9496,.F.);
#9797 = ORIENTED_EDGE('',*,*,#6600,.F.);
#9798 = ORIENTED_EDGE('',*,*,#6369,.F.);
#9799 = ORIENTED_EDGE('',*,*,#9800,.F.);
#9800 = EDGE_CURVE('',#6217,#6370,#9801,.T.);
#9801 = LINE('',#9802,#9803);
#9802 = CARTESIAN_POINT('',(0.254,-18.0085,2.157));
#9803 = VECTOR('',#9804,1.);
#9804 = DIRECTION('',(-4.440892098501E-16,1.,0.));
#9805 = ORIENTED_EDGE('',*,*,#6225,.F.);
#9806 = PLANE('',#9807);
#9807 = AXIS2_PLACEMENT_3D('',#9808,#9809,#9810);
#9808 = CARTESIAN_POINT('',(3.81,-18.0085,2.157));
#9809 = DIRECTION('',(0.,0.,1.));
#9810 = DIRECTION('',(-4.440892098501E-16,1.,0.));
#9811 = ADVANCED_FACE('',(#9812),#9818,.T.);
#9812 = FACE_BOUND('',#9813,.T.);
#9813 = EDGE_LOOP('',(#9814,#9815,#9816,#9817));
#9814 = ORIENTED_EDGE('',*,*,#6216,.T.);
#9815 = ORIENTED_EDGE('',*,*,#9800,.T.);
#9816 = ORIENTED_EDGE('',*,*,#6377,.F.);
#9817 = ORIENTED_EDGE('',*,*,#9677,.F.);
#9818 = CYLINDRICAL_SURFACE('',#9819,0.381);
#9819 = AXIS2_PLACEMENT_3D('',#9820,#9821,#9822);
#9820 = CARTESIAN_POINT('',(0.254,-18.0085,1.776));
#9821 = DIRECTION('',(-4.440892098501E-16,1.,0.));
#9822 = DIRECTION('',(-1.,-4.440892098501E-16,0.));
#9823 = ADVANCED_FACE('',(#9824),#9835,.T.);
#9824 = FACE_BOUND('',#9825,.T.);
#9825 = EDGE_LOOP('',(#9826,#9832,#9833,#9834));
#9826 = ORIENTED_EDGE('',*,*,#9827,.T.);
#9827 = EDGE_CURVE('',#9626,#9548,#9828,.T.);
#9828 = LINE('',#9829,#9830);
#9829 = CARTESIAN_POINT('',(-0.127,-0.2285,0.));
#9830 = VECTOR('',#9831,1.);
#9831 = DIRECTION('',(1.,4.440892098501E-16,0.));
#9832 = ORIENTED_EDGE('',*,*,#9547,.T.);
#9833 = ORIENTED_EDGE('',*,*,#6313,.F.);
#9834 = ORIENTED_EDGE('',*,*,#9625,.F.);
#9835 = PLANE('',#9836);
#9836 = AXIS2_PLACEMENT_3D('',#9837,#9838,#9839);
#9837 = CARTESIAN_POINT('',(-0.127,-0.2285,0.));
#9838 = DIRECTION('',(0.,0.,-1.));
#9839 = DIRECTION('',(4.440892098501E-16,-1.,0.));
#9840 = ADVANCED_FACE('',(#9841),#9852,.F.);
#9841 = FACE_BOUND('',#9842,.F.);
#9842 = EDGE_LOOP('',(#9843,#9849,#9850,#9851));
#9843 = ORIENTED_EDGE('',*,*,#9844,.T.);
#9844 = EDGE_CURVE('',#9685,#9758,#9845,.T.);
#9845 = LINE('',#9846,#9847);
#9846 = CARTESIAN_POINT('',(-0.127,-17.5515,0.));
#9847 = VECTOR('',#9848,1.);
#9848 = DIRECTION('',(1.,4.440892098501E-16,0.));
#9849 = ORIENTED_EDGE('',*,*,#9757,.T.);
#9850 = ORIENTED_EDGE('',*,*,#6394,.F.);
#9851 = ORIENTED_EDGE('',*,*,#9684,.F.);
#9852 = PLANE('',#9853);
#9853 = AXIS2_PLACEMENT_3D('',#9854,#9855,#9856);
#9854 = CARTESIAN_POINT('',(-0.127,-17.5515,0.));
#9855 = DIRECTION('',(0.,0.,1.));
#9856 = DIRECTION('',(-4.440892098501E-16,1.,0.));
#9857 = ADVANCED_FACE('',(#9858),#9871,.T.);
#9858 = FACE_BOUND('',#9859,.T.);
#9859 = EDGE_LOOP('',(#9860,#9861,#9862,#9863,#9864,#9870));
#9860 = ORIENTED_EDGE('',*,*,#6772,.F.);
#9861 = ORIENTED_EDGE('',*,*,#9454,.F.);
#9862 = ORIENTED_EDGE('',*,*,#6453,.F.);
#9863 = ORIENTED_EDGE('',*,*,#6486,.F.);
#9864 = ORIENTED_EDGE('',*,*,#9865,.F.);
#9865 = EDGE_CURVE('',#6623,#6476,#9866,.T.);
#9866 = LINE('',#9867,#9868);
#9867 = CARTESIAN_POINT('',(0.254,-3.302,2.157));
#9868 = VECTOR('',#9869,1.);
#9869 = DIRECTION('',(-4.440892098501E-16,1.,0.));
#9870 = ORIENTED_EDGE('',*,*,#6633,.F.);
#9871 = PLANE('',#9872);
#9872 = AXIS2_PLACEMENT_3D('',#9873,#9874,#9875);
#9873 = CARTESIAN_POINT('',(3.683,-3.302,2.157));
#9874 = DIRECTION('',(0.,0.,1.));
#9875 = DIRECTION('',(-4.440892098501E-16,1.,0.));
#9876 = ADVANCED_FACE('',(#9877),#9888,.T.);
#9877 = FACE_BOUND('',#9878,.T.);
#9878 = EDGE_LOOP('',(#9879,#9880,#9881,#9887));
#9879 = ORIENTED_EDGE('',*,*,#9865,.T.);
#9880 = ORIENTED_EDGE('',*,*,#6475,.T.);
#9881 = ORIENTED_EDGE('',*,*,#9882,.F.);
#9882 = EDGE_CURVE('',#6625,#6478,#9883,.T.);
#9883 = LINE('',#9884,#9885);
#9884 = CARTESIAN_POINT('',(-0.127,-3.302,1.776));
#9885 = VECTOR('',#9886,1.);
#9886 = DIRECTION('',(-4.440892098501E-16,1.,0.));
#9887 = ORIENTED_EDGE('',*,*,#6622,.F.);
#9888 = CYLINDRICAL_SURFACE('',#9889,0.381);
#9889 = AXIS2_PLACEMENT_3D('',#9890,#9891,#9892);
#9890 = CARTESIAN_POINT('',(0.254,-3.302,1.776));
#9891 = DIRECTION('',(-4.440892098501E-16,1.,0.));
#9892 = DIRECTION('',(0.,0.,1.));
#9893 = ADVANCED_FACE('',(#9894),#9953,.F.);
#9894 = FACE_BOUND('',#9895,.F.);
#9895 = EDGE_LOOP('',(#9896,#9897,#9898,#9899,#9907,#9915,#9923,#9931,
    #9939,#9947));
#9896 = ORIENTED_EDGE('',*,*,#6519,.F.);
#9897 = ORIENTED_EDGE('',*,*,#9882,.F.);
#9898 = ORIENTED_EDGE('',*,*,#6666,.F.);
#9899 = ORIENTED_EDGE('',*,*,#9900,.F.);
#9900 = EDGE_CURVE('',#9901,#6659,#9903,.T.);
#9901 = VERTEX_POINT('',#9902);
#9902 = CARTESIAN_POINT('',(-0.127,-2.7685,0.));
#9903 = LINE('',#9904,#9905);
#9904 = CARTESIAN_POINT('',(-0.127,-2.7685,0.));
#9905 = VECTOR('',#9906,1.);
#9906 = DIRECTION('',(4.440892098501E-16,-1.,0.));
#9907 = ORIENTED_EDGE('',*,*,#9908,.F.);
#9908 = EDGE_CURVE('',#9909,#9901,#9911,.T.);
#9909 = VERTEX_POINT('',#9910);
#9910 = CARTESIAN_POINT('',(-0.127,-2.7685,-2.843));
#9911 = LINE('',#9912,#9913);
#9912 = CARTESIAN_POINT('',(-0.127,-2.7685,-2.843));
#9913 = VECTOR('',#9914,1.);
#9914 = DIRECTION('',(1.387374085862E-31,-3.124088708055E-16,1.));
#9915 = ORIENTED_EDGE('',*,*,#9916,.F.);
#9916 = EDGE_CURVE('',#9917,#9909,#9919,.T.);
#9917 = VERTEX_POINT('',#9918);
#9918 = CARTESIAN_POINT('',(-0.127,-2.65425,-3.3));
#9919 = LINE('',#9920,#9921);
#9920 = CARTESIAN_POINT('',(-0.127,-2.65425,-3.3));
#9921 = VECTOR('',#9922,1.);
#9922 = DIRECTION('',(1.077074540829E-16,-0.242535625036,0.970142500145)
  );
#9923 = ORIENTED_EDGE('',*,*,#9924,.F.);
#9924 = EDGE_CURVE('',#9925,#9917,#9927,.T.);
#9925 = VERTEX_POINT('',#9926);
#9926 = CARTESIAN_POINT('',(-0.127,-2.42575,-3.3));
#9927 = LINE('',#9928,#9929);
#9928 = CARTESIAN_POINT('',(-0.127,-2.42575,-3.3));
#9929 = VECTOR('',#9930,1.);
#9930 = DIRECTION('',(4.440892098501E-16,-1.,0.));
#9931 = ORIENTED_EDGE('',*,*,#9932,.F.);
#9932 = EDGE_CURVE('',#9933,#9925,#9935,.T.);
#9933 = VERTEX_POINT('',#9934);
#9934 = CARTESIAN_POINT('',(-0.127,-2.3115,-2.843));
#9935 = LINE('',#9936,#9937);
#9936 = CARTESIAN_POINT('',(-0.127,-2.3115,-2.843));
#9937 = VECTOR('',#9938,1.);
#9938 = DIRECTION('',(1.077074540829E-16,-0.242535625036,-0.970142500145
    ));
#9939 = ORIENTED_EDGE('',*,*,#9940,.F.);
#9940 = EDGE_CURVE('',#9941,#9933,#9943,.T.);
#9941 = VERTEX_POINT('',#9942);
#9942 = CARTESIAN_POINT('',(-0.127,-2.3115,0.));
#9943 = LINE('',#9944,#9945);
#9944 = CARTESIAN_POINT('',(-0.127,-2.3115,0.));
#9945 = VECTOR('',#9946,1.);
#9946 = DIRECTION('',(1.387374085862E-31,-3.124088708055E-16,-1.));
#9947 = ORIENTED_EDGE('',*,*,#9948,.F.);
#9948 = EDGE_CURVE('',#6512,#9941,#9949,.T.);
#9949 = LINE('',#9950,#9951);
#9950 = CARTESIAN_POINT('',(-0.127,-1.778,0.));
#9951 = VECTOR('',#9952,1.);
#9952 = DIRECTION('',(4.440892098501E-16,-1.,0.));
#9953 = PLANE('',#9954);
#9954 = AXIS2_PLACEMENT_3D('',#9955,#9956,#9957);
#9955 = CARTESIAN_POINT('',(-0.127,-1.778,2.157));
#9956 = DIRECTION('',(1.,4.440892098501E-16,0.));
#9957 = DIRECTION('',(0.,0.,-1.));
#9958 = ADVANCED_FACE('',(#9959),#9977,.T.);
#9959 = FACE_BOUND('',#9960,.T.);
#9960 = EDGE_LOOP('',(#9961,#9962,#9970,#9976));
#9961 = ORIENTED_EDGE('',*,*,#6511,.T.);
#9962 = ORIENTED_EDGE('',*,*,#9963,.T.);
#9963 = EDGE_CURVE('',#6504,#9964,#9966,.T.);
#9964 = VERTEX_POINT('',#9965);
#9965 = CARTESIAN_POINT('',(0.127,-2.3115,0.));
#9966 = LINE('',#9967,#9968);
#9967 = CARTESIAN_POINT('',(0.127,-1.778,0.));
#9968 = VECTOR('',#9969,1.);
#9969 = DIRECTION('',(4.440892098501E-16,-1.,0.));
#9970 = ORIENTED_EDGE('',*,*,#9971,.F.);
#9971 = EDGE_CURVE('',#9941,#9964,#9972,.T.);
#9972 = LINE('',#9973,#9974);
#9973 = CARTESIAN_POINT('',(-0.127,-2.3115,0.));
#9974 = VECTOR('',#9975,1.);
#9975 = DIRECTION('',(1.,4.440892098501E-16,0.));
#9976 = ORIENTED_EDGE('',*,*,#9948,.F.);
#9977 = PLANE('',#9978);
#9978 = AXIS2_PLACEMENT_3D('',#9979,#9980,#9981);
#9979 = CARTESIAN_POINT('',(-0.127,-1.778,0.));
#9980 = DIRECTION('',(0.,0.,-1.));
#9981 = DIRECTION('',(4.440892098501E-16,-1.,0.));
#9982 = ADVANCED_FACE('',(#9983),#10035,.T.);
#9983 = FACE_BOUND('',#9984,.T.);
#9984 = EDGE_LOOP('',(#9985,#9986,#9987,#9988,#9996,#10004,#10012,#10020
    ,#10028,#10034));
#9985 = ORIENTED_EDGE('',*,*,#6503,.F.);
#9986 = ORIENTED_EDGE('',*,*,#6680,.T.);
#9987 = ORIENTED_EDGE('',*,*,#6650,.F.);
#9988 = ORIENTED_EDGE('',*,*,#9989,.F.);
#9989 = EDGE_CURVE('',#9990,#6651,#9992,.T.);
#9990 = VERTEX_POINT('',#9991);
#9991 = CARTESIAN_POINT('',(0.127,-2.7685,0.));
#9992 = LINE('',#9993,#9994);
#9993 = CARTESIAN_POINT('',(0.127,-2.7685,0.));
#9994 = VECTOR('',#9995,1.);
#9995 = DIRECTION('',(4.440892098501E-16,-1.,0.));
#9996 = ORIENTED_EDGE('',*,*,#9997,.F.);
#9997 = EDGE_CURVE('',#9998,#9990,#10000,.T.);
#9998 = VERTEX_POINT('',#9999);
#9999 = CARTESIAN_POINT('',(0.127,-2.7685,-2.843));
#10000 = LINE('',#10001,#10002);
#10001 = CARTESIAN_POINT('',(0.127,-2.7685,-2.843));
#10002 = VECTOR('',#10003,1.);
#10003 = DIRECTION('',(1.387374085862E-31,-3.124088708055E-16,1.));
#10004 = ORIENTED_EDGE('',*,*,#10005,.F.);
#10005 = EDGE_CURVE('',#10006,#9998,#10008,.T.);
#10006 = VERTEX_POINT('',#10007);
#10007 = CARTESIAN_POINT('',(0.127,-2.65425,-3.3));
#10008 = LINE('',#10009,#10010);
#10009 = CARTESIAN_POINT('',(0.127,-2.65425,-3.3));
#10010 = VECTOR('',#10011,1.);
#10011 = DIRECTION('',(1.077074540829E-16,-0.242535625036,0.970142500145
    ));
#10012 = ORIENTED_EDGE('',*,*,#10013,.F.);
#10013 = EDGE_CURVE('',#10014,#10006,#10016,.T.);
#10014 = VERTEX_POINT('',#10015);
#10015 = CARTESIAN_POINT('',(0.127,-2.42575,-3.3));
#10016 = LINE('',#10017,#10018);
#10017 = CARTESIAN_POINT('',(0.127,-2.42575,-3.3));
#10018 = VECTOR('',#10019,1.);
#10019 = DIRECTION('',(4.440892098501E-16,-1.,0.));
#10020 = ORIENTED_EDGE('',*,*,#10021,.F.);
#10021 = EDGE_CURVE('',#10022,#10014,#10024,.T.);
#10022 = VERTEX_POINT('',#10023);
#10023 = CARTESIAN_POINT('',(0.127,-2.3115,-2.843));
#10024 = LINE('',#10025,#10026);
#10025 = CARTESIAN_POINT('',(0.127,-2.3115,-2.843));
#10026 = VECTOR('',#10027,1.);
#10027 = DIRECTION('',(1.077074540829E-16,-0.242535625036,
    -0.970142500145));
#10028 = ORIENTED_EDGE('',*,*,#10029,.F.);
#10029 = EDGE_CURVE('',#9964,#10022,#10030,.T.);
#10030 = LINE('',#10031,#10032);
#10031 = CARTESIAN_POINT('',(0.127,-2.3115,0.));
#10032 = VECTOR('',#10033,1.);
#10033 = DIRECTION('',(1.387374085862E-31,-3.124088708055E-16,-1.));
#10034 = ORIENTED_EDGE('',*,*,#9963,.F.);
#10035 = PLANE('',#10036);
#10036 = AXIS2_PLACEMENT_3D('',#10037,#10038,#10039);
#10037 = CARTESIAN_POINT('',(0.127,-1.778,2.157));
#10038 = DIRECTION('',(1.,4.440892098501E-16,0.));
#10039 = DIRECTION('',(0.,0.,-1.));
#10040 = ADVANCED_FACE('',(#10041),#10057,.T.);
#10041 = FACE_BOUND('',#10042,.T.);
#10042 = EDGE_LOOP('',(#10043,#10049,#10050,#10056));
#10043 = ORIENTED_EDGE('',*,*,#10044,.T.);
#10044 = EDGE_CURVE('',#6534,#6698,#10045,.T.);
#10045 = LINE('',#10046,#10047);
#10046 = CARTESIAN_POINT('',(0.254,-16.002,2.157));
#10047 = VECTOR('',#10048,1.);
#10048 = DIRECTION('',(-4.440892098501E-16,1.,0.));
#10049 = ORIENTED_EDGE('',*,*,#6697,.T.);
#10050 = ORIENTED_EDGE('',*,*,#10051,.F.);
#10051 = EDGE_CURVE('',#6536,#6700,#10052,.T.);
#10052 = LINE('',#10053,#10054);
#10053 = CARTESIAN_POINT('',(-0.127,-16.002,1.776));
#10054 = VECTOR('',#10055,1.);
#10055 = DIRECTION('',(-4.440892098501E-16,1.,0.));
#10056 = ORIENTED_EDGE('',*,*,#6533,.F.);
#10057 = CYLINDRICAL_SURFACE('',#10058,0.381);
#10058 = AXIS2_PLACEMENT_3D('',#10059,#10060,#10061);
#10059 = CARTESIAN_POINT('',(0.254,-16.002,1.776));
#10060 = DIRECTION('',(-4.440892098501E-16,1.,0.));
#10061 = DIRECTION('',(0.,0.,1.));
#10062 = ADVANCED_FACE('',(#10063),#10122,.F.);
#10063 = FACE_BOUND('',#10064,.F.);
#10064 = EDGE_LOOP('',(#10065,#10066,#10067,#10068,#10076,#10084,#10092,
    #10100,#10108,#10116));
#10065 = ORIENTED_EDGE('',*,*,#6741,.F.);
#10066 = ORIENTED_EDGE('',*,*,#10051,.F.);
#10067 = ORIENTED_EDGE('',*,*,#6577,.F.);
#10068 = ORIENTED_EDGE('',*,*,#10069,.F.);
#10069 = EDGE_CURVE('',#10070,#6570,#10072,.T.);
#10070 = VERTEX_POINT('',#10071);
#10071 = CARTESIAN_POINT('',(-0.127,-15.4685,0.));
#10072 = LINE('',#10073,#10074);
#10073 = CARTESIAN_POINT('',(-0.127,-15.4685,0.));
#10074 = VECTOR('',#10075,1.);
#10075 = DIRECTION('',(4.440892098501E-16,-1.,0.));
#10076 = ORIENTED_EDGE('',*,*,#10077,.F.);
#10077 = EDGE_CURVE('',#10078,#10070,#10080,.T.);
#10078 = VERTEX_POINT('',#10079);
#10079 = CARTESIAN_POINT('',(-0.127,-15.4685,-2.843));
#10080 = LINE('',#10081,#10082);
#10081 = CARTESIAN_POINT('',(-0.127,-15.4685,-2.843));
#10082 = VECTOR('',#10083,1.);
#10083 = DIRECTION('',(1.387374085862E-31,-3.124088708055E-16,1.));
#10084 = ORIENTED_EDGE('',*,*,#10085,.F.);
#10085 = EDGE_CURVE('',#10086,#10078,#10088,.T.);
#10086 = VERTEX_POINT('',#10087);
#10087 = CARTESIAN_POINT('',(-0.127,-15.35425,-3.3));
#10088 = LINE('',#10089,#10090);
#10089 = CARTESIAN_POINT('',(-0.127,-15.35425,-3.3));
#10090 = VECTOR('',#10091,1.);
#10091 = DIRECTION('',(1.077074540829E-16,-0.242535625036,0.970142500145
    ));
#10092 = ORIENTED_EDGE('',*,*,#10093,.F.);
#10093 = EDGE_CURVE('',#10094,#10086,#10096,.T.);
#10094 = VERTEX_POINT('',#10095);
#10095 = CARTESIAN_POINT('',(-0.127,-15.12575,-3.3));
#10096 = LINE('',#10097,#10098);
#10097 = CARTESIAN_POINT('',(-0.127,-15.12575,-3.3));
#10098 = VECTOR('',#10099,1.);
#10099 = DIRECTION('',(4.440892098501E-16,-1.,0.));
#10100 = ORIENTED_EDGE('',*,*,#10101,.F.);
#10101 = EDGE_CURVE('',#10102,#10094,#10104,.T.);
#10102 = VERTEX_POINT('',#10103);
#10103 = CARTESIAN_POINT('',(-0.127,-15.0115,-2.843));
#10104 = LINE('',#10105,#10106);
#10105 = CARTESIAN_POINT('',(-0.127,-15.0115,-2.843));
#10106 = VECTOR('',#10107,1.);
#10107 = DIRECTION('',(1.077074540829E-16,-0.242535625036,
    -0.970142500145));
#10108 = ORIENTED_EDGE('',*,*,#10109,.F.);
#10109 = EDGE_CURVE('',#10110,#10102,#10112,.T.);
#10110 = VERTEX_POINT('',#10111);
#10111 = CARTESIAN_POINT('',(-0.127,-15.0115,0.));
#10112 = LINE('',#10113,#10114);
#10113 = CARTESIAN_POINT('',(-0.127,-15.0115,0.));
#10114 = VECTOR('',#10115,1.);
#10115 = DIRECTION('',(1.387374085862E-31,-3.124088708055E-16,-1.));
#10116 = ORIENTED_EDGE('',*,*,#10117,.F.);
#10117 = EDGE_CURVE('',#6734,#10110,#10118,.T.);
#10118 = LINE('',#10119,#10120);
#10119 = CARTESIAN_POINT('',(-0.127,-14.478,0.));
#10120 = VECTOR('',#10121,1.);
#10121 = DIRECTION('',(4.440892098501E-16,-1.,0.));
#10122 = PLANE('',#10123);
#10123 = AXIS2_PLACEMENT_3D('',#10124,#10125,#10126);
#10124 = CARTESIAN_POINT('',(-0.127,-14.478,2.157));
#10125 = DIRECTION('',(1.,4.440892098501E-16,0.));
#10126 = DIRECTION('',(0.,0.,-1.));
#10127 = ADVANCED_FACE('',(#10128),#10146,.T.);
#10128 = FACE_BOUND('',#10129,.T.);
#10129 = EDGE_LOOP('',(#10130,#10138,#10144,#10145));
#10130 = ORIENTED_EDGE('',*,*,#10131,.T.);
#10131 = EDGE_CURVE('',#10070,#10132,#10134,.T.);
#10132 = VERTEX_POINT('',#10133);
#10133 = CARTESIAN_POINT('',(0.127,-15.4685,0.));
#10134 = LINE('',#10135,#10136);
#10135 = CARTESIAN_POINT('',(-0.127,-15.4685,0.));
#10136 = VECTOR('',#10137,1.);
#10137 = DIRECTION('',(1.,4.440892098501E-16,0.));
#10138 = ORIENTED_EDGE('',*,*,#10139,.T.);
#10139 = EDGE_CURVE('',#10132,#6562,#10140,.T.);
#10140 = LINE('',#10141,#10142);
#10141 = CARTESIAN_POINT('',(0.127,-15.4685,0.));
#10142 = VECTOR('',#10143,1.);
#10143 = DIRECTION('',(4.440892098501E-16,-1.,0.));
#10144 = ORIENTED_EDGE('',*,*,#6569,.F.);
#10145 = ORIENTED_EDGE('',*,*,#10069,.F.);
#10146 = PLANE('',#10147);
#10147 = AXIS2_PLACEMENT_3D('',#10148,#10149,#10150);
#10148 = CARTESIAN_POINT('',(-0.127,-15.4685,0.));
#10149 = DIRECTION('',(0.,0.,-1.));
#10150 = DIRECTION('',(4.440892098501E-16,-1.,0.));
#10151 = ADVANCED_FACE('',(#10152),#10204,.T.);
#10152 = FACE_BOUND('',#10153,.T.);
#10153 = EDGE_LOOP('',(#10154,#10155,#10156,#10157,#10158,#10166,#10174,
    #10182,#10190,#10198));
#10154 = ORIENTED_EDGE('',*,*,#6725,.F.);
#10155 = ORIENTED_EDGE('',*,*,#6755,.T.);
#10156 = ORIENTED_EDGE('',*,*,#6561,.F.);
#10157 = ORIENTED_EDGE('',*,*,#10139,.F.);
#10158 = ORIENTED_EDGE('',*,*,#10159,.F.);
#10159 = EDGE_CURVE('',#10160,#10132,#10162,.T.);
#10160 = VERTEX_POINT('',#10161);
#10161 = CARTESIAN_POINT('',(0.127,-15.4685,-2.843));
#10162 = LINE('',#10163,#10164);
#10163 = CARTESIAN_POINT('',(0.127,-15.4685,-2.843));
#10164 = VECTOR('',#10165,1.);
#10165 = DIRECTION('',(1.387374085862E-31,-3.124088708055E-16,1.));
#10166 = ORIENTED_EDGE('',*,*,#10167,.F.);
#10167 = EDGE_CURVE('',#10168,#10160,#10170,.T.);
#10168 = VERTEX_POINT('',#10169);
#10169 = CARTESIAN_POINT('',(0.127,-15.35425,-3.3));
#10170 = LINE('',#10171,#10172);
#10171 = CARTESIAN_POINT('',(0.127,-15.35425,-3.3));
#10172 = VECTOR('',#10173,1.);
#10173 = DIRECTION('',(1.077074540829E-16,-0.242535625036,0.970142500145
    ));
#10174 = ORIENTED_EDGE('',*,*,#10175,.F.);
#10175 = EDGE_CURVE('',#10176,#10168,#10178,.T.);
#10176 = VERTEX_POINT('',#10177);
#10177 = CARTESIAN_POINT('',(0.127,-15.12575,-3.3));
#10178 = LINE('',#10179,#10180);
#10179 = CARTESIAN_POINT('',(0.127,-15.12575,-3.3));
#10180 = VECTOR('',#10181,1.);
#10181 = DIRECTION('',(4.440892098501E-16,-1.,0.));
#10182 = ORIENTED_EDGE('',*,*,#10183,.F.);
#10183 = EDGE_CURVE('',#10184,#10176,#10186,.T.);
#10184 = VERTEX_POINT('',#10185);
#10185 = CARTESIAN_POINT('',(0.127,-15.0115,-2.843));
#10186 = LINE('',#10187,#10188);
#10187 = CARTESIAN_POINT('',(0.127,-15.0115,-2.843));
#10188 = VECTOR('',#10189,1.);
#10189 = DIRECTION('',(1.077074540829E-16,-0.242535625036,
    -0.970142500145));
#10190 = ORIENTED_EDGE('',*,*,#10191,.F.);
#10191 = EDGE_CURVE('',#10192,#10184,#10194,.T.);
#10192 = VERTEX_POINT('',#10193);
#10193 = CARTESIAN_POINT('',(0.127,-15.0115,0.));
#10194 = LINE('',#10195,#10196);
#10195 = CARTESIAN_POINT('',(0.127,-15.0115,0.));
#10196 = VECTOR('',#10197,1.);
#10197 = DIRECTION('',(1.387374085862E-31,-3.124088708055E-16,-1.));
#10198 = ORIENTED_EDGE('',*,*,#10199,.F.);
#10199 = EDGE_CURVE('',#6726,#10192,#10200,.T.);
#10200 = LINE('',#10201,#10202);
#10201 = CARTESIAN_POINT('',(0.127,-14.478,0.));
#10202 = VECTOR('',#10203,1.);
#10203 = DIRECTION('',(4.440892098501E-16,-1.,0.));
#10204 = PLANE('',#10205);
#10205 = AXIS2_PLACEMENT_3D('',#10206,#10207,#10208);
#10206 = CARTESIAN_POINT('',(0.127,-14.478,2.157));
#10207 = DIRECTION('',(1.,4.440892098501E-16,0.));
#10208 = DIRECTION('',(0.,0.,-1.));
#10209 = ADVANCED_FACE('',(#10210),#10218,.T.);
#10210 = FACE_BOUND('',#10211,.T.);
#10211 = EDGE_LOOP('',(#10212,#10213,#10214,#10215,#10216,#10217));
#10212 = ORIENTED_EDGE('',*,*,#6591,.F.);
#10213 = ORIENTED_EDGE('',*,*,#9489,.F.);
#10214 = ORIENTED_EDGE('',*,*,#6928,.F.);
#10215 = ORIENTED_EDGE('',*,*,#6708,.F.);
#10216 = ORIENTED_EDGE('',*,*,#10044,.F.);
#10217 = ORIENTED_EDGE('',*,*,#6544,.F.);
#10218 = PLANE('',#10219);
#10219 = AXIS2_PLACEMENT_3D('',#10220,#10221,#10222);
#10220 = CARTESIAN_POINT('',(3.683,-16.002,2.157));
#10221 = DIRECTION('',(0.,0.,1.));
#10222 = DIRECTION('',(-4.440892098501E-16,1.,0.));
#10223 = ADVANCED_FACE('',(#10224),#10235,.T.);
#10224 = FACE_BOUND('',#10225,.T.);
#10225 = EDGE_LOOP('',(#10226,#10232,#10233,#10234));
#10226 = ORIENTED_EDGE('',*,*,#10227,.T.);
#10227 = EDGE_CURVE('',#9901,#9990,#10228,.T.);
#10228 = LINE('',#10229,#10230);
#10229 = CARTESIAN_POINT('',(-0.127,-2.7685,0.));
#10230 = VECTOR('',#10231,1.);
#10231 = DIRECTION('',(1.,4.440892098501E-16,0.));
#10232 = ORIENTED_EDGE('',*,*,#9989,.T.);
#10233 = ORIENTED_EDGE('',*,*,#6658,.F.);
#10234 = ORIENTED_EDGE('',*,*,#9900,.F.);
#10235 = PLANE('',#10236);
#10236 = AXIS2_PLACEMENT_3D('',#10237,#10238,#10239);
#10237 = CARTESIAN_POINT('',(-0.127,-2.7685,0.));
#10238 = DIRECTION('',(0.,0.,-1.));
#10239 = DIRECTION('',(4.440892098501E-16,-1.,0.));
#10240 = ADVANCED_FACE('',(#10241),#10252,.T.);
#10241 = FACE_BOUND('',#10242,.T.);
#10242 = EDGE_LOOP('',(#10243,#10244,#10245,#10251));
#10243 = ORIENTED_EDGE('',*,*,#6733,.T.);
#10244 = ORIENTED_EDGE('',*,*,#10199,.T.);
#10245 = ORIENTED_EDGE('',*,*,#10246,.F.);
#10246 = EDGE_CURVE('',#10110,#10192,#10247,.T.);
#10247 = LINE('',#10248,#10249);
#10248 = CARTESIAN_POINT('',(-0.127,-15.0115,0.));
#10249 = VECTOR('',#10250,1.);
#10250 = DIRECTION('',(1.,4.440892098501E-16,0.));
#10251 = ORIENTED_EDGE('',*,*,#10117,.F.);
#10252 = PLANE('',#10253);
#10253 = AXIS2_PLACEMENT_3D('',#10254,#10255,#10256);
#10254 = CARTESIAN_POINT('',(-0.127,-14.478,0.));
#10255 = DIRECTION('',(0.,0.,-1.));
#10256 = DIRECTION('',(4.440892098501E-16,-1.,0.));
#10257 = ADVANCED_FACE('',(#10258),#10271,.T.);
#10258 = FACE_BOUND('',#10259,.T.);
#10259 = EDGE_LOOP('',(#10260,#10261,#10262,#10263,#10264,#10270));
#10260 = ORIENTED_EDGE('',*,*,#7100,.F.);
#10261 = ORIENTED_EDGE('',*,*,#9461,.F.);
#10262 = ORIENTED_EDGE('',*,*,#6781,.F.);
#10263 = ORIENTED_EDGE('',*,*,#6814,.F.);
#10264 = ORIENTED_EDGE('',*,*,#10265,.F.);
#10265 = EDGE_CURVE('',#6951,#6804,#10266,.T.);
#10266 = LINE('',#10267,#10268);
#10267 = CARTESIAN_POINT('',(0.254,-5.842,2.157));
#10268 = VECTOR('',#10269,1.);
#10269 = DIRECTION('',(-4.440892098501E-16,1.,0.));
#10270 = ORIENTED_EDGE('',*,*,#6961,.F.);
#10271 = PLANE('',#10272);
#10272 = AXIS2_PLACEMENT_3D('',#10273,#10274,#10275);
#10273 = CARTESIAN_POINT('',(3.683,-5.842,2.157));
#10274 = DIRECTION('',(0.,0.,1.));
#10275 = DIRECTION('',(-4.440892098501E-16,1.,0.));
#10276 = ADVANCED_FACE('',(#10277),#10288,.T.);
#10277 = FACE_BOUND('',#10278,.T.);
#10278 = EDGE_LOOP('',(#10279,#10280,#10281,#10287));
#10279 = ORIENTED_EDGE('',*,*,#10265,.T.);
#10280 = ORIENTED_EDGE('',*,*,#6803,.T.);
#10281 = ORIENTED_EDGE('',*,*,#10282,.F.);
#10282 = EDGE_CURVE('',#6953,#6806,#10283,.T.);
#10283 = LINE('',#10284,#10285);
#10284 = CARTESIAN_POINT('',(-0.127,-5.842,1.776));
#10285 = VECTOR('',#10286,1.);
#10286 = DIRECTION('',(-4.440892098501E-16,1.,0.));
#10287 = ORIENTED_EDGE('',*,*,#6950,.F.);
#10288 = CYLINDRICAL_SURFACE('',#10289,0.381);
#10289 = AXIS2_PLACEMENT_3D('',#10290,#10291,#10292);
#10290 = CARTESIAN_POINT('',(0.254,-5.842,1.776));
#10291 = DIRECTION('',(-4.440892098501E-16,1.,0.));
#10292 = DIRECTION('',(0.,0.,1.));
#10293 = ADVANCED_FACE('',(#10294),#10353,.F.);
#10294 = FACE_BOUND('',#10295,.F.);
#10295 = EDGE_LOOP('',(#10296,#10297,#10298,#10299,#10307,#10315,#10323,
    #10331,#10339,#10347));
#10296 = ORIENTED_EDGE('',*,*,#6847,.F.);
#10297 = ORIENTED_EDGE('',*,*,#10282,.F.);
#10298 = ORIENTED_EDGE('',*,*,#6994,.F.);
#10299 = ORIENTED_EDGE('',*,*,#10300,.F.);
#10300 = EDGE_CURVE('',#10301,#6987,#10303,.T.);
#10301 = VERTEX_POINT('',#10302);
#10302 = CARTESIAN_POINT('',(-0.127,-5.3085,0.));
#10303 = LINE('',#10304,#10305);
#10304 = CARTESIAN_POINT('',(-0.127,-5.3085,0.));
#10305 = VECTOR('',#10306,1.);
#10306 = DIRECTION('',(4.440892098501E-16,-1.,0.));
#10307 = ORIENTED_EDGE('',*,*,#10308,.F.);
#10308 = EDGE_CURVE('',#10309,#10301,#10311,.T.);
#10309 = VERTEX_POINT('',#10310);
#10310 = CARTESIAN_POINT('',(-0.127,-5.3085,-2.843));
#10311 = LINE('',#10312,#10313);
#10312 = CARTESIAN_POINT('',(-0.127,-5.3085,-2.843));
#10313 = VECTOR('',#10314,1.);
#10314 = DIRECTION('',(1.387374085862E-31,-3.124088708055E-16,1.));
#10315 = ORIENTED_EDGE('',*,*,#10316,.F.);
#10316 = EDGE_CURVE('',#10317,#10309,#10319,.T.);
#10317 = VERTEX_POINT('',#10318);
#10318 = CARTESIAN_POINT('',(-0.127,-5.19425,-3.3));
#10319 = LINE('',#10320,#10321);
#10320 = CARTESIAN_POINT('',(-0.127,-5.19425,-3.3));
#10321 = VECTOR('',#10322,1.);
#10322 = DIRECTION('',(1.077074540829E-16,-0.242535625036,0.970142500145
    ));
#10323 = ORIENTED_EDGE('',*,*,#10324,.F.);
#10324 = EDGE_CURVE('',#10325,#10317,#10327,.T.);
#10325 = VERTEX_POINT('',#10326);
#10326 = CARTESIAN_POINT('',(-0.127,-4.96575,-3.3));
#10327 = LINE('',#10328,#10329);
#10328 = CARTESIAN_POINT('',(-0.127,-4.96575,-3.3));
#10329 = VECTOR('',#10330,1.);
#10330 = DIRECTION('',(4.440892098501E-16,-1.,0.));
#10331 = ORIENTED_EDGE('',*,*,#10332,.F.);
#10332 = EDGE_CURVE('',#10333,#10325,#10335,.T.);
#10333 = VERTEX_POINT('',#10334);
#10334 = CARTESIAN_POINT('',(-0.127,-4.8515,-2.843));
#10335 = LINE('',#10336,#10337);
#10336 = CARTESIAN_POINT('',(-0.127,-4.8515,-2.843));
#10337 = VECTOR('',#10338,1.);
#10338 = DIRECTION('',(1.077074540829E-16,-0.242535625036,
    -0.970142500145));
#10339 = ORIENTED_EDGE('',*,*,#10340,.F.);
#10340 = EDGE_CURVE('',#10341,#10333,#10343,.T.);
#10341 = VERTEX_POINT('',#10342);
#10342 = CARTESIAN_POINT('',(-0.127,-4.8515,0.));
#10343 = LINE('',#10344,#10345);
#10344 = CARTESIAN_POINT('',(-0.127,-4.8515,0.));
#10345 = VECTOR('',#10346,1.);
#10346 = DIRECTION('',(1.387374085862E-31,-3.124088708055E-16,-1.));
#10347 = ORIENTED_EDGE('',*,*,#10348,.F.);
#10348 = EDGE_CURVE('',#6840,#10341,#10349,.T.);
#10349 = LINE('',#10350,#10351);
#10350 = CARTESIAN_POINT('',(-0.127,-4.318,0.));
#10351 = VECTOR('',#10352,1.);
#10352 = DIRECTION('',(4.440892098501E-16,-1.,0.));
#10353 = PLANE('',#10354);
#10354 = AXIS2_PLACEMENT_3D('',#10355,#10356,#10357);
#10355 = CARTESIAN_POINT('',(-0.127,-4.318,2.157));
#10356 = DIRECTION('',(1.,4.440892098501E-16,0.));
#10357 = DIRECTION('',(0.,0.,-1.));
#10358 = ADVANCED_FACE('',(#10359),#10377,.T.);
#10359 = FACE_BOUND('',#10360,.T.);
#10360 = EDGE_LOOP('',(#10361,#10362,#10370,#10376));
#10361 = ORIENTED_EDGE('',*,*,#6839,.T.);
#10362 = ORIENTED_EDGE('',*,*,#10363,.T.);
#10363 = EDGE_CURVE('',#6832,#10364,#10366,.T.);
#10364 = VERTEX_POINT('',#10365);
#10365 = CARTESIAN_POINT('',(0.127,-4.8515,0.));
#10366 = LINE('',#10367,#10368);
#10367 = CARTESIAN_POINT('',(0.127,-4.318,0.));
#10368 = VECTOR('',#10369,1.);
#10369 = DIRECTION('',(4.440892098501E-16,-1.,0.));
#10370 = ORIENTED_EDGE('',*,*,#10371,.F.);
#10371 = EDGE_CURVE('',#10341,#10364,#10372,.T.);
#10372 = LINE('',#10373,#10374);
#10373 = CARTESIAN_POINT('',(-0.127,-4.8515,0.));
#10374 = VECTOR('',#10375,1.);
#10375 = DIRECTION('',(1.,4.440892098501E-16,0.));
#10376 = ORIENTED_EDGE('',*,*,#10348,.F.);
#10377 = PLANE('',#10378);
#10378 = AXIS2_PLACEMENT_3D('',#10379,#10380,#10381);
#10379 = CARTESIAN_POINT('',(-0.127,-4.318,0.));
#10380 = DIRECTION('',(0.,0.,-1.));
#10381 = DIRECTION('',(4.440892098501E-16,-1.,0.));
#10382 = ADVANCED_FACE('',(#10383),#10435,.T.);
#10383 = FACE_BOUND('',#10384,.T.);
#10384 = EDGE_LOOP('',(#10385,#10386,#10387,#10388,#10396,#10404,#10412,
    #10420,#10428,#10434));
#10385 = ORIENTED_EDGE('',*,*,#6831,.F.);
#10386 = ORIENTED_EDGE('',*,*,#7008,.T.);
#10387 = ORIENTED_EDGE('',*,*,#6978,.F.);
#10388 = ORIENTED_EDGE('',*,*,#10389,.F.);
#10389 = EDGE_CURVE('',#10390,#6979,#10392,.T.);
#10390 = VERTEX_POINT('',#10391);
#10391 = CARTESIAN_POINT('',(0.127,-5.3085,0.));
#10392 = LINE('',#10393,#10394);
#10393 = CARTESIAN_POINT('',(0.127,-5.3085,0.));
#10394 = VECTOR('',#10395,1.);
#10395 = DIRECTION('',(4.440892098501E-16,-1.,0.));
#10396 = ORIENTED_EDGE('',*,*,#10397,.F.);
#10397 = EDGE_CURVE('',#10398,#10390,#10400,.T.);
#10398 = VERTEX_POINT('',#10399);
#10399 = CARTESIAN_POINT('',(0.127,-5.3085,-2.843));
#10400 = LINE('',#10401,#10402);
#10401 = CARTESIAN_POINT('',(0.127,-5.3085,-2.843));
#10402 = VECTOR('',#10403,1.);
#10403 = DIRECTION('',(1.387374085862E-31,-3.124088708055E-16,1.));
#10404 = ORIENTED_EDGE('',*,*,#10405,.F.);
#10405 = EDGE_CURVE('',#10406,#10398,#10408,.T.);
#10406 = VERTEX_POINT('',#10407);
#10407 = CARTESIAN_POINT('',(0.127,-5.19425,-3.3));
#10408 = LINE('',#10409,#10410);
#10409 = CARTESIAN_POINT('',(0.127,-5.19425,-3.3));
#10410 = VECTOR('',#10411,1.);
#10411 = DIRECTION('',(1.077074540829E-16,-0.242535625036,0.970142500145
    ));
#10412 = ORIENTED_EDGE('',*,*,#10413,.F.);
#10413 = EDGE_CURVE('',#10414,#10406,#10416,.T.);
#10414 = VERTEX_POINT('',#10415);
#10415 = CARTESIAN_POINT('',(0.127,-4.96575,-3.3));
#10416 = LINE('',#10417,#10418);
#10417 = CARTESIAN_POINT('',(0.127,-4.96575,-3.3));
#10418 = VECTOR('',#10419,1.);
#10419 = DIRECTION('',(4.440892098501E-16,-1.,0.));
#10420 = ORIENTED_EDGE('',*,*,#10421,.F.);
#10421 = EDGE_CURVE('',#10422,#10414,#10424,.T.);
#10422 = VERTEX_POINT('',#10423);
#10423 = CARTESIAN_POINT('',(0.127,-4.8515,-2.843));
#10424 = LINE('',#10425,#10426);
#10425 = CARTESIAN_POINT('',(0.127,-4.8515,-2.843));
#10426 = VECTOR('',#10427,1.);
#10427 = DIRECTION('',(1.077074540829E-16,-0.242535625036,
    -0.970142500145));
#10428 = ORIENTED_EDGE('',*,*,#10429,.F.);
#10429 = EDGE_CURVE('',#10364,#10422,#10430,.T.);
#10430 = LINE('',#10431,#10432);
#10431 = CARTESIAN_POINT('',(0.127,-4.8515,0.));
#10432 = VECTOR('',#10433,1.);
#10433 = DIRECTION('',(1.387374085862E-31,-3.124088708055E-16,-1.));
#10434 = ORIENTED_EDGE('',*,*,#10363,.F.);
#10435 = PLANE('',#10436);
#10436 = AXIS2_PLACEMENT_3D('',#10437,#10438,#10439);
#10437 = CARTESIAN_POINT('',(0.127,-4.318,2.157));
#10438 = DIRECTION('',(1.,4.440892098501E-16,0.));
#10439 = DIRECTION('',(0.,0.,-1.));
#10440 = ADVANCED_FACE('',(#10441),#10457,.T.);
#10441 = FACE_BOUND('',#10442,.T.);
#10442 = EDGE_LOOP('',(#10443,#10449,#10450,#10456));
#10443 = ORIENTED_EDGE('',*,*,#10444,.T.);
#10444 = EDGE_CURVE('',#6862,#7026,#10445,.T.);
#10445 = LINE('',#10446,#10447);
#10446 = CARTESIAN_POINT('',(0.254,-13.462,2.157));
#10447 = VECTOR('',#10448,1.);
#10448 = DIRECTION('',(-4.440892098501E-16,1.,0.));
#10449 = ORIENTED_EDGE('',*,*,#7025,.T.);
#10450 = ORIENTED_EDGE('',*,*,#10451,.F.);
#10451 = EDGE_CURVE('',#6864,#7028,#10452,.T.);
#10452 = LINE('',#10453,#10454);
#10453 = CARTESIAN_POINT('',(-0.127,-13.462,1.776));
#10454 = VECTOR('',#10455,1.);
#10455 = DIRECTION('',(-4.440892098501E-16,1.,0.));
#10456 = ORIENTED_EDGE('',*,*,#6861,.F.);
#10457 = CYLINDRICAL_SURFACE('',#10458,0.381);
#10458 = AXIS2_PLACEMENT_3D('',#10459,#10460,#10461);
#10459 = CARTESIAN_POINT('',(0.254,-13.462,1.776));
#10460 = DIRECTION('',(-4.440892098501E-16,1.,0.));
#10461 = DIRECTION('',(0.,0.,1.));
#10462 = ADVANCED_FACE('',(#10463),#10522,.F.);
#10463 = FACE_BOUND('',#10464,.F.);
#10464 = EDGE_LOOP('',(#10465,#10466,#10467,#10468,#10476,#10484,#10492,
    #10500,#10508,#10516));
#10465 = ORIENTED_EDGE('',*,*,#7069,.F.);
#10466 = ORIENTED_EDGE('',*,*,#10451,.F.);
#10467 = ORIENTED_EDGE('',*,*,#6905,.F.);
#10468 = ORIENTED_EDGE('',*,*,#10469,.F.);
#10469 = EDGE_CURVE('',#10470,#6898,#10472,.T.);
#10470 = VERTEX_POINT('',#10471);
#10471 = CARTESIAN_POINT('',(-0.127,-12.9285,0.));
#10472 = LINE('',#10473,#10474);
#10473 = CARTESIAN_POINT('',(-0.127,-12.9285,0.));
#10474 = VECTOR('',#10475,1.);
#10475 = DIRECTION('',(4.440892098501E-16,-1.,0.));
#10476 = ORIENTED_EDGE('',*,*,#10477,.F.);
#10477 = EDGE_CURVE('',#10478,#10470,#10480,.T.);
#10478 = VERTEX_POINT('',#10479);
#10479 = CARTESIAN_POINT('',(-0.127,-12.9285,-2.843));
#10480 = LINE('',#10481,#10482);
#10481 = CARTESIAN_POINT('',(-0.127,-12.9285,-2.843));
#10482 = VECTOR('',#10483,1.);
#10483 = DIRECTION('',(1.387374085862E-31,-3.124088708055E-16,1.));
#10484 = ORIENTED_EDGE('',*,*,#10485,.F.);
#10485 = EDGE_CURVE('',#10486,#10478,#10488,.T.);
#10486 = VERTEX_POINT('',#10487);
#10487 = CARTESIAN_POINT('',(-0.127,-12.81425,-3.3));
#10488 = LINE('',#10489,#10490);
#10489 = CARTESIAN_POINT('',(-0.127,-12.81425,-3.3));
#10490 = VECTOR('',#10491,1.);
#10491 = DIRECTION('',(1.077074540829E-16,-0.242535625036,0.970142500145
    ));
#10492 = ORIENTED_EDGE('',*,*,#10493,.F.);
#10493 = EDGE_CURVE('',#10494,#10486,#10496,.T.);
#10494 = VERTEX_POINT('',#10495);
#10495 = CARTESIAN_POINT('',(-0.127,-12.58575,-3.3));
#10496 = LINE('',#10497,#10498);
#10497 = CARTESIAN_POINT('',(-0.127,-12.58575,-3.3));
#10498 = VECTOR('',#10499,1.);
#10499 = DIRECTION('',(4.440892098501E-16,-1.,0.));
#10500 = ORIENTED_EDGE('',*,*,#10501,.F.);
#10501 = EDGE_CURVE('',#10502,#10494,#10504,.T.);
#10502 = VERTEX_POINT('',#10503);
#10503 = CARTESIAN_POINT('',(-0.127,-12.4715,-2.843));
#10504 = LINE('',#10505,#10506);
#10505 = CARTESIAN_POINT('',(-0.127,-12.4715,-2.843));
#10506 = VECTOR('',#10507,1.);
#10507 = DIRECTION('',(1.077074540829E-16,-0.242535625036,
    -0.970142500145));
#10508 = ORIENTED_EDGE('',*,*,#10509,.F.);
#10509 = EDGE_CURVE('',#10510,#10502,#10512,.T.);
#10510 = VERTEX_POINT('',#10511);
#10511 = CARTESIAN_POINT('',(-0.127,-12.4715,0.));
#10512 = LINE('',#10513,#10514);
#10513 = CARTESIAN_POINT('',(-0.127,-12.4715,0.));
#10514 = VECTOR('',#10515,1.);
#10515 = DIRECTION('',(1.387374085862E-31,-3.124088708055E-16,-1.));
#10516 = ORIENTED_EDGE('',*,*,#10517,.F.);
#10517 = EDGE_CURVE('',#7062,#10510,#10518,.T.);
#10518 = LINE('',#10519,#10520);
#10519 = CARTESIAN_POINT('',(-0.127,-11.938,0.));
#10520 = VECTOR('',#10521,1.);
#10521 = DIRECTION('',(4.440892098501E-16,-1.,0.));
#10522 = PLANE('',#10523);
#10523 = AXIS2_PLACEMENT_3D('',#10524,#10525,#10526);
#10524 = CARTESIAN_POINT('',(-0.127,-11.938,2.157));
#10525 = DIRECTION('',(1.,4.440892098501E-16,0.));
#10526 = DIRECTION('',(0.,0.,-1.));
#10527 = ADVANCED_FACE('',(#10528),#10546,.T.);
#10528 = FACE_BOUND('',#10529,.T.);
#10529 = EDGE_LOOP('',(#10530,#10538,#10544,#10545));
#10530 = ORIENTED_EDGE('',*,*,#10531,.T.);
#10531 = EDGE_CURVE('',#10470,#10532,#10534,.T.);
#10532 = VERTEX_POINT('',#10533);
#10533 = CARTESIAN_POINT('',(0.127,-12.9285,0.));
#10534 = LINE('',#10535,#10536);
#10535 = CARTESIAN_POINT('',(-0.127,-12.9285,0.));
#10536 = VECTOR('',#10537,1.);
#10537 = DIRECTION('',(1.,4.440892098501E-16,0.));
#10538 = ORIENTED_EDGE('',*,*,#10539,.T.);
#10539 = EDGE_CURVE('',#10532,#6890,#10540,.T.);
#10540 = LINE('',#10541,#10542);
#10541 = CARTESIAN_POINT('',(0.127,-12.9285,0.));
#10542 = VECTOR('',#10543,1.);
#10543 = DIRECTION('',(4.440892098501E-16,-1.,0.));
#10544 = ORIENTED_EDGE('',*,*,#6897,.F.);
#10545 = ORIENTED_EDGE('',*,*,#10469,.F.);
#10546 = PLANE('',#10547);
#10547 = AXIS2_PLACEMENT_3D('',#10548,#10549,#10550);
#10548 = CARTESIAN_POINT('',(-0.127,-12.9285,0.));
#10549 = DIRECTION('',(0.,0.,-1.));
#10550 = DIRECTION('',(4.440892098501E-16,-1.,0.));
#10551 = ADVANCED_FACE('',(#10552),#10604,.T.);
#10552 = FACE_BOUND('',#10553,.T.);
#10553 = EDGE_LOOP('',(#10554,#10555,#10556,#10557,#10558,#10566,#10574,
    #10582,#10590,#10598));
#10554 = ORIENTED_EDGE('',*,*,#7053,.F.);
#10555 = ORIENTED_EDGE('',*,*,#7083,.T.);
#10556 = ORIENTED_EDGE('',*,*,#6889,.F.);
#10557 = ORIENTED_EDGE('',*,*,#10539,.F.);
#10558 = ORIENTED_EDGE('',*,*,#10559,.F.);
#10559 = EDGE_CURVE('',#10560,#10532,#10562,.T.);
#10560 = VERTEX_POINT('',#10561);
#10561 = CARTESIAN_POINT('',(0.127,-12.9285,-2.843));
#10562 = LINE('',#10563,#10564);
#10563 = CARTESIAN_POINT('',(0.127,-12.9285,-2.843));
#10564 = VECTOR('',#10565,1.);
#10565 = DIRECTION('',(1.387374085862E-31,-3.124088708055E-16,1.));
#10566 = ORIENTED_EDGE('',*,*,#10567,.F.);
#10567 = EDGE_CURVE('',#10568,#10560,#10570,.T.);
#10568 = VERTEX_POINT('',#10569);
#10569 = CARTESIAN_POINT('',(0.127,-12.81425,-3.3));
#10570 = LINE('',#10571,#10572);
#10571 = CARTESIAN_POINT('',(0.127,-12.81425,-3.3));
#10572 = VECTOR('',#10573,1.);
#10573 = DIRECTION('',(1.077074540829E-16,-0.242535625036,0.970142500145
    ));
#10574 = ORIENTED_EDGE('',*,*,#10575,.F.);
#10575 = EDGE_CURVE('',#10576,#10568,#10578,.T.);
#10576 = VERTEX_POINT('',#10577);
#10577 = CARTESIAN_POINT('',(0.127,-12.58575,-3.3));
#10578 = LINE('',#10579,#10580);
#10579 = CARTESIAN_POINT('',(0.127,-12.58575,-3.3));
#10580 = VECTOR('',#10581,1.);
#10581 = DIRECTION('',(4.440892098501E-16,-1.,0.));
#10582 = ORIENTED_EDGE('',*,*,#10583,.F.);
#10583 = EDGE_CURVE('',#10584,#10576,#10586,.T.);
#10584 = VERTEX_POINT('',#10585);
#10585 = CARTESIAN_POINT('',(0.127,-12.4715,-2.843));
#10586 = LINE('',#10587,#10588);
#10587 = CARTESIAN_POINT('',(0.127,-12.4715,-2.843));
#10588 = VECTOR('',#10589,1.);
#10589 = DIRECTION('',(1.077074540829E-16,-0.242535625036,
    -0.970142500145));
#10590 = ORIENTED_EDGE('',*,*,#10591,.F.);
#10591 = EDGE_CURVE('',#10592,#10584,#10594,.T.);
#10592 = VERTEX_POINT('',#10593);
#10593 = CARTESIAN_POINT('',(0.127,-12.4715,0.));
#10594 = LINE('',#10595,#10596);
#10595 = CARTESIAN_POINT('',(0.127,-12.4715,0.));
#10596 = VECTOR('',#10597,1.);
#10597 = DIRECTION('',(1.387374085862E-31,-3.124088708055E-16,-1.));
#10598 = ORIENTED_EDGE('',*,*,#10599,.F.);
#10599 = EDGE_CURVE('',#7054,#10592,#10600,.T.);
#10600 = LINE('',#10601,#10602);
#10601 = CARTESIAN_POINT('',(0.127,-11.938,0.));
#10602 = VECTOR('',#10603,1.);
#10603 = DIRECTION('',(4.440892098501E-16,-1.,0.));
#10604 = PLANE('',#10605);
#10605 = AXIS2_PLACEMENT_3D('',#10606,#10607,#10608);
#10606 = CARTESIAN_POINT('',(0.127,-11.938,2.157));
#10607 = DIRECTION('',(1.,4.440892098501E-16,0.));
#10608 = DIRECTION('',(0.,0.,-1.));
#10609 = ADVANCED_FACE('',(#10610),#10618,.T.);
#10610 = FACE_BOUND('',#10611,.T.);
#10611 = EDGE_LOOP('',(#10612,#10613,#10614,#10615,#10616,#10617));
#10612 = ORIENTED_EDGE('',*,*,#6919,.F.);
#10613 = ORIENTED_EDGE('',*,*,#9482,.F.);
#10614 = ORIENTED_EDGE('',*,*,#7256,.F.);
#10615 = ORIENTED_EDGE('',*,*,#7036,.F.);
#10616 = ORIENTED_EDGE('',*,*,#10444,.F.);
#10617 = ORIENTED_EDGE('',*,*,#6872,.F.);
#10618 = PLANE('',#10619);
#10619 = AXIS2_PLACEMENT_3D('',#10620,#10621,#10622);
#10620 = CARTESIAN_POINT('',(3.683,-13.462,2.157));
#10621 = DIRECTION('',(0.,0.,1.));
#10622 = DIRECTION('',(-4.440892098501E-16,1.,0.));
#10623 = ADVANCED_FACE('',(#10624),#10635,.T.);
#10624 = FACE_BOUND('',#10625,.T.);
#10625 = EDGE_LOOP('',(#10626,#10632,#10633,#10634));
#10626 = ORIENTED_EDGE('',*,*,#10627,.T.);
#10627 = EDGE_CURVE('',#10301,#10390,#10628,.T.);
#10628 = LINE('',#10629,#10630);
#10629 = CARTESIAN_POINT('',(-0.127,-5.3085,0.));
#10630 = VECTOR('',#10631,1.);
#10631 = DIRECTION('',(1.,4.440892098501E-16,0.));
#10632 = ORIENTED_EDGE('',*,*,#10389,.T.);
#10633 = ORIENTED_EDGE('',*,*,#6986,.F.);
#10634 = ORIENTED_EDGE('',*,*,#10300,.F.);
#10635 = PLANE('',#10636);
#10636 = AXIS2_PLACEMENT_3D('',#10637,#10638,#10639);
#10637 = CARTESIAN_POINT('',(-0.127,-5.3085,0.));
#10638 = DIRECTION('',(0.,0.,-1.));
#10639 = DIRECTION('',(4.440892098501E-16,-1.,0.));
#10640 = ADVANCED_FACE('',(#10641),#10652,.T.);
#10641 = FACE_BOUND('',#10642,.T.);
#10642 = EDGE_LOOP('',(#10643,#10644,#10645,#10651));
#10643 = ORIENTED_EDGE('',*,*,#7061,.T.);
#10644 = ORIENTED_EDGE('',*,*,#10599,.T.);
#10645 = ORIENTED_EDGE('',*,*,#10646,.F.);
#10646 = EDGE_CURVE('',#10510,#10592,#10647,.T.);
#10647 = LINE('',#10648,#10649);
#10648 = CARTESIAN_POINT('',(-0.127,-12.4715,0.));
#10649 = VECTOR('',#10650,1.);
#10650 = DIRECTION('',(1.,4.440892098501E-16,0.));
#10651 = ORIENTED_EDGE('',*,*,#10517,.F.);
#10652 = PLANE('',#10653);
#10653 = AXIS2_PLACEMENT_3D('',#10654,#10655,#10656);
#10654 = CARTESIAN_POINT('',(-0.127,-11.938,0.));
#10655 = DIRECTION('',(0.,0.,-1.));
#10656 = DIRECTION('',(4.440892098501E-16,-1.,0.));
#10657 = ADVANCED_FACE('',(#10658),#10671,.T.);
#10658 = FACE_BOUND('',#10659,.T.);
#10659 = EDGE_LOOP('',(#10660,#10661,#10662,#10663,#10664,#10670));
#10660 = ORIENTED_EDGE('',*,*,#7428,.F.);
#10661 = ORIENTED_EDGE('',*,*,#9468,.F.);
#10662 = ORIENTED_EDGE('',*,*,#7109,.F.);
#10663 = ORIENTED_EDGE('',*,*,#7142,.F.);
#10664 = ORIENTED_EDGE('',*,*,#10665,.F.);
#10665 = EDGE_CURVE('',#7279,#7132,#10666,.T.);
#10666 = LINE('',#10667,#10668);
#10667 = CARTESIAN_POINT('',(0.254,-8.382,2.157));
#10668 = VECTOR('',#10669,1.);
#10669 = DIRECTION('',(-4.440892098501E-16,1.,0.));
#10670 = ORIENTED_EDGE('',*,*,#7289,.F.);
#10671 = PLANE('',#10672);
#10672 = AXIS2_PLACEMENT_3D('',#10673,#10674,#10675);
#10673 = CARTESIAN_POINT('',(3.683,-8.382,2.157));
#10674 = DIRECTION('',(0.,0.,1.));
#10675 = DIRECTION('',(-4.440892098501E-16,1.,0.));
#10676 = ADVANCED_FACE('',(#10677),#10688,.T.);
#10677 = FACE_BOUND('',#10678,.T.);
#10678 = EDGE_LOOP('',(#10679,#10680,#10681,#10687));
#10679 = ORIENTED_EDGE('',*,*,#10665,.T.);
#10680 = ORIENTED_EDGE('',*,*,#7131,.T.);
#10681 = ORIENTED_EDGE('',*,*,#10682,.F.);
#10682 = EDGE_CURVE('',#7281,#7134,#10683,.T.);
#10683 = LINE('',#10684,#10685);
#10684 = CARTESIAN_POINT('',(-0.127,-8.382,1.776));
#10685 = VECTOR('',#10686,1.);
#10686 = DIRECTION('',(-4.440892098501E-16,1.,0.));
#10687 = ORIENTED_EDGE('',*,*,#7278,.F.);
#10688 = CYLINDRICAL_SURFACE('',#10689,0.381);
#10689 = AXIS2_PLACEMENT_3D('',#10690,#10691,#10692);
#10690 = CARTESIAN_POINT('',(0.254,-8.382,1.776));
#10691 = DIRECTION('',(-4.440892098501E-16,1.,0.));
#10692 = DIRECTION('',(0.,0.,1.));
#10693 = ADVANCED_FACE('',(#10694),#10753,.F.);
#10694 = FACE_BOUND('',#10695,.F.);
#10695 = EDGE_LOOP('',(#10696,#10697,#10698,#10699,#10707,#10715,#10723,
    #10731,#10739,#10747));
#10696 = ORIENTED_EDGE('',*,*,#7175,.F.);
#10697 = ORIENTED_EDGE('',*,*,#10682,.F.);
#10698 = ORIENTED_EDGE('',*,*,#7322,.F.);
#10699 = ORIENTED_EDGE('',*,*,#10700,.F.);
#10700 = EDGE_CURVE('',#10701,#7315,#10703,.T.);
#10701 = VERTEX_POINT('',#10702);
#10702 = CARTESIAN_POINT('',(-0.127,-7.8485,0.));
#10703 = LINE('',#10704,#10705);
#10704 = CARTESIAN_POINT('',(-0.127,-7.8485,0.));
#10705 = VECTOR('',#10706,1.);
#10706 = DIRECTION('',(4.440892098501E-16,-1.,0.));
#10707 = ORIENTED_EDGE('',*,*,#10708,.F.);
#10708 = EDGE_CURVE('',#10709,#10701,#10711,.T.);
#10709 = VERTEX_POINT('',#10710);
#10710 = CARTESIAN_POINT('',(-0.127,-7.8485,-2.843));
#10711 = LINE('',#10712,#10713);
#10712 = CARTESIAN_POINT('',(-0.127,-7.8485,-2.843));
#10713 = VECTOR('',#10714,1.);
#10714 = DIRECTION('',(1.387374085862E-31,-3.124088708055E-16,1.));
#10715 = ORIENTED_EDGE('',*,*,#10716,.F.);
#10716 = EDGE_CURVE('',#10717,#10709,#10719,.T.);
#10717 = VERTEX_POINT('',#10718);
#10718 = CARTESIAN_POINT('',(-0.127,-7.73425,-3.3));
#10719 = LINE('',#10720,#10721);
#10720 = CARTESIAN_POINT('',(-0.127,-7.73425,-3.3));
#10721 = VECTOR('',#10722,1.);
#10722 = DIRECTION('',(1.077074540829E-16,-0.242535625036,0.970142500145
    ));
#10723 = ORIENTED_EDGE('',*,*,#10724,.F.);
#10724 = EDGE_CURVE('',#10725,#10717,#10727,.T.);
#10725 = VERTEX_POINT('',#10726);
#10726 = CARTESIAN_POINT('',(-0.127,-7.50575,-3.3));
#10727 = LINE('',#10728,#10729);
#10728 = CARTESIAN_POINT('',(-0.127,-7.50575,-3.3));
#10729 = VECTOR('',#10730,1.);
#10730 = DIRECTION('',(4.440892098501E-16,-1.,0.));
#10731 = ORIENTED_EDGE('',*,*,#10732,.F.);
#10732 = EDGE_CURVE('',#10733,#10725,#10735,.T.);
#10733 = VERTEX_POINT('',#10734);
#10734 = CARTESIAN_POINT('',(-0.127,-7.3915,-2.843));
#10735 = LINE('',#10736,#10737);
#10736 = CARTESIAN_POINT('',(-0.127,-7.3915,-2.843));
#10737 = VECTOR('',#10738,1.);
#10738 = DIRECTION('',(1.077074540829E-16,-0.242535625036,
    -0.970142500145));
#10739 = ORIENTED_EDGE('',*,*,#10740,.F.);
#10740 = EDGE_CURVE('',#10741,#10733,#10743,.T.);
#10741 = VERTEX_POINT('',#10742);
#10742 = CARTESIAN_POINT('',(-0.127,-7.3915,0.));
#10743 = LINE('',#10744,#10745);
#10744 = CARTESIAN_POINT('',(-0.127,-7.3915,0.));
#10745 = VECTOR('',#10746,1.);
#10746 = DIRECTION('',(1.387374085862E-31,-3.124088708055E-16,-1.));
#10747 = ORIENTED_EDGE('',*,*,#10748,.F.);
#10748 = EDGE_CURVE('',#7168,#10741,#10749,.T.);
#10749 = LINE('',#10750,#10751);
#10750 = CARTESIAN_POINT('',(-0.127,-6.858,0.));
#10751 = VECTOR('',#10752,1.);
#10752 = DIRECTION('',(4.440892098501E-16,-1.,0.));
#10753 = PLANE('',#10754);
#10754 = AXIS2_PLACEMENT_3D('',#10755,#10756,#10757);
#10755 = CARTESIAN_POINT('',(-0.127,-6.858,2.157));
#10756 = DIRECTION('',(1.,4.440892098501E-16,0.));
#10757 = DIRECTION('',(0.,0.,-1.));
#10758 = ADVANCED_FACE('',(#10759),#10777,.T.);
#10759 = FACE_BOUND('',#10760,.T.);
#10760 = EDGE_LOOP('',(#10761,#10762,#10770,#10776));
#10761 = ORIENTED_EDGE('',*,*,#7167,.T.);
#10762 = ORIENTED_EDGE('',*,*,#10763,.T.);
#10763 = EDGE_CURVE('',#7160,#10764,#10766,.T.);
#10764 = VERTEX_POINT('',#10765);
#10765 = CARTESIAN_POINT('',(0.127,-7.3915,0.));
#10766 = LINE('',#10767,#10768);
#10767 = CARTESIAN_POINT('',(0.127,-6.858,0.));
#10768 = VECTOR('',#10769,1.);
#10769 = DIRECTION('',(4.440892098501E-16,-1.,0.));
#10770 = ORIENTED_EDGE('',*,*,#10771,.F.);
#10771 = EDGE_CURVE('',#10741,#10764,#10772,.T.);
#10772 = LINE('',#10773,#10774);
#10773 = CARTESIAN_POINT('',(-0.127,-7.3915,0.));
#10774 = VECTOR('',#10775,1.);
#10775 = DIRECTION('',(1.,4.440892098501E-16,0.));
#10776 = ORIENTED_EDGE('',*,*,#10748,.F.);
#10777 = PLANE('',#10778);
#10778 = AXIS2_PLACEMENT_3D('',#10779,#10780,#10781);
#10779 = CARTESIAN_POINT('',(-0.127,-6.858,0.));
#10780 = DIRECTION('',(0.,0.,-1.));
#10781 = DIRECTION('',(4.440892098501E-16,-1.,0.));
#10782 = ADVANCED_FACE('',(#10783),#10835,.T.);
#10783 = FACE_BOUND('',#10784,.T.);
#10784 = EDGE_LOOP('',(#10785,#10786,#10787,#10788,#10796,#10804,#10812,
    #10820,#10828,#10834));
#10785 = ORIENTED_EDGE('',*,*,#7159,.F.);
#10786 = ORIENTED_EDGE('',*,*,#7336,.T.);
#10787 = ORIENTED_EDGE('',*,*,#7306,.F.);
#10788 = ORIENTED_EDGE('',*,*,#10789,.F.);
#10789 = EDGE_CURVE('',#10790,#7307,#10792,.T.);
#10790 = VERTEX_POINT('',#10791);
#10791 = CARTESIAN_POINT('',(0.127,-7.8485,0.));
#10792 = LINE('',#10793,#10794);
#10793 = CARTESIAN_POINT('',(0.127,-7.8485,0.));
#10794 = VECTOR('',#10795,1.);
#10795 = DIRECTION('',(4.440892098501E-16,-1.,0.));
#10796 = ORIENTED_EDGE('',*,*,#10797,.F.);
#10797 = EDGE_CURVE('',#10798,#10790,#10800,.T.);
#10798 = VERTEX_POINT('',#10799);
#10799 = CARTESIAN_POINT('',(0.127,-7.8485,-2.843));
#10800 = LINE('',#10801,#10802);
#10801 = CARTESIAN_POINT('',(0.127,-7.8485,-2.843));
#10802 = VECTOR('',#10803,1.);
#10803 = DIRECTION('',(1.387374085862E-31,-3.124088708055E-16,1.));
#10804 = ORIENTED_EDGE('',*,*,#10805,.F.);
#10805 = EDGE_CURVE('',#10806,#10798,#10808,.T.);
#10806 = VERTEX_POINT('',#10807);
#10807 = CARTESIAN_POINT('',(0.127,-7.73425,-3.3));
#10808 = LINE('',#10809,#10810);
#10809 = CARTESIAN_POINT('',(0.127,-7.73425,-3.3));
#10810 = VECTOR('',#10811,1.);
#10811 = DIRECTION('',(1.077074540829E-16,-0.242535625036,0.970142500145
    ));
#10812 = ORIENTED_EDGE('',*,*,#10813,.F.);
#10813 = EDGE_CURVE('',#10814,#10806,#10816,.T.);
#10814 = VERTEX_POINT('',#10815);
#10815 = CARTESIAN_POINT('',(0.127,-7.50575,-3.3));
#10816 = LINE('',#10817,#10818);
#10817 = CARTESIAN_POINT('',(0.127,-7.50575,-3.3));
#10818 = VECTOR('',#10819,1.);
#10819 = DIRECTION('',(4.440892098501E-16,-1.,0.));
#10820 = ORIENTED_EDGE('',*,*,#10821,.F.);
#10821 = EDGE_CURVE('',#10822,#10814,#10824,.T.);
#10822 = VERTEX_POINT('',#10823);
#10823 = CARTESIAN_POINT('',(0.127,-7.3915,-2.843));
#10824 = LINE('',#10825,#10826);
#10825 = CARTESIAN_POINT('',(0.127,-7.3915,-2.843));
#10826 = VECTOR('',#10827,1.);
#10827 = DIRECTION('',(1.077074540829E-16,-0.242535625036,
    -0.970142500145));
#10828 = ORIENTED_EDGE('',*,*,#10829,.F.);
#10829 = EDGE_CURVE('',#10764,#10822,#10830,.T.);
#10830 = LINE('',#10831,#10832);
#10831 = CARTESIAN_POINT('',(0.127,-7.3915,0.));
#10832 = VECTOR('',#10833,1.);
#10833 = DIRECTION('',(1.387374085862E-31,-3.124088708055E-16,-1.));
#10834 = ORIENTED_EDGE('',*,*,#10763,.F.);
#10835 = PLANE('',#10836);
#10836 = AXIS2_PLACEMENT_3D('',#10837,#10838,#10839);
#10837 = CARTESIAN_POINT('',(0.127,-6.858,2.157));
#10838 = DIRECTION('',(1.,4.440892098501E-16,0.));
#10839 = DIRECTION('',(0.,0.,-1.));
#10840 = ADVANCED_FACE('',(#10841),#10857,.T.);
#10841 = FACE_BOUND('',#10842,.T.);
#10842 = EDGE_LOOP('',(#10843,#10849,#10850,#10856));
#10843 = ORIENTED_EDGE('',*,*,#10844,.T.);
#10844 = EDGE_CURVE('',#7190,#7354,#10845,.T.);
#10845 = LINE('',#10846,#10847);
#10846 = CARTESIAN_POINT('',(0.254,-10.922,2.157));
#10847 = VECTOR('',#10848,1.);
#10848 = DIRECTION('',(-4.440892098501E-16,1.,0.));
#10849 = ORIENTED_EDGE('',*,*,#7353,.T.);
#10850 = ORIENTED_EDGE('',*,*,#10851,.F.);
#10851 = EDGE_CURVE('',#7192,#7356,#10852,.T.);
#10852 = LINE('',#10853,#10854);
#10853 = CARTESIAN_POINT('',(-0.127,-10.922,1.776));
#10854 = VECTOR('',#10855,1.);
#10855 = DIRECTION('',(-4.440892098501E-16,1.,0.));
#10856 = ORIENTED_EDGE('',*,*,#7189,.F.);
#10857 = CYLINDRICAL_SURFACE('',#10858,0.381);
#10858 = AXIS2_PLACEMENT_3D('',#10859,#10860,#10861);
#10859 = CARTESIAN_POINT('',(0.254,-10.922,1.776));
#10860 = DIRECTION('',(-4.440892098501E-16,1.,0.));
#10861 = DIRECTION('',(0.,0.,1.));
#10862 = ADVANCED_FACE('',(#10863),#10922,.F.);
#10863 = FACE_BOUND('',#10864,.F.);
#10864 = EDGE_LOOP('',(#10865,#10866,#10867,#10868,#10876,#10884,#10892,
    #10900,#10908,#10916));
#10865 = ORIENTED_EDGE('',*,*,#7397,.F.);
#10866 = ORIENTED_EDGE('',*,*,#10851,.F.);
#10867 = ORIENTED_EDGE('',*,*,#7233,.F.);
#10868 = ORIENTED_EDGE('',*,*,#10869,.F.);
#10869 = EDGE_CURVE('',#10870,#7226,#10872,.T.);
#10870 = VERTEX_POINT('',#10871);
#10871 = CARTESIAN_POINT('',(-0.127,-10.3885,0.));
#10872 = LINE('',#10873,#10874);
#10873 = CARTESIAN_POINT('',(-0.127,-10.3885,0.));
#10874 = VECTOR('',#10875,1.);
#10875 = DIRECTION('',(4.440892098501E-16,-1.,0.));
#10876 = ORIENTED_EDGE('',*,*,#10877,.F.);
#10877 = EDGE_CURVE('',#10878,#10870,#10880,.T.);
#10878 = VERTEX_POINT('',#10879);
#10879 = CARTESIAN_POINT('',(-0.127,-10.3885,-2.843));
#10880 = LINE('',#10881,#10882);
#10881 = CARTESIAN_POINT('',(-0.127,-10.3885,-2.843));
#10882 = VECTOR('',#10883,1.);
#10883 = DIRECTION('',(1.387374085862E-31,-3.124088708055E-16,1.));
#10884 = ORIENTED_EDGE('',*,*,#10885,.F.);
#10885 = EDGE_CURVE('',#10886,#10878,#10888,.T.);
#10886 = VERTEX_POINT('',#10887);
#10887 = CARTESIAN_POINT('',(-0.127,-10.27425,-3.3));
#10888 = LINE('',#10889,#10890);
#10889 = CARTESIAN_POINT('',(-0.127,-10.27425,-3.3));
#10890 = VECTOR('',#10891,1.);
#10891 = DIRECTION('',(1.077074540829E-16,-0.242535625036,0.970142500145
    ));
#10892 = ORIENTED_EDGE('',*,*,#10893,.F.);
#10893 = EDGE_CURVE('',#10894,#10886,#10896,.T.);
#10894 = VERTEX_POINT('',#10895);
#10895 = CARTESIAN_POINT('',(-0.127,-10.04575,-3.3));
#10896 = LINE('',#10897,#10898);
#10897 = CARTESIAN_POINT('',(-0.127,-10.04575,-3.3));
#10898 = VECTOR('',#10899,1.);
#10899 = DIRECTION('',(4.440892098501E-16,-1.,0.));
#10900 = ORIENTED_EDGE('',*,*,#10901,.F.);
#10901 = EDGE_CURVE('',#10902,#10894,#10904,.T.);
#10902 = VERTEX_POINT('',#10903);
#10903 = CARTESIAN_POINT('',(-0.127,-9.9315,-2.843));
#10904 = LINE('',#10905,#10906);
#10905 = CARTESIAN_POINT('',(-0.127,-9.9315,-2.843));
#10906 = VECTOR('',#10907,1.);
#10907 = DIRECTION('',(1.077074540829E-16,-0.242535625036,
    -0.970142500145));
#10908 = ORIENTED_EDGE('',*,*,#10909,.F.);
#10909 = EDGE_CURVE('',#10910,#10902,#10912,.T.);
#10910 = VERTEX_POINT('',#10911);
#10911 = CARTESIAN_POINT('',(-0.127,-9.9315,0.));
#10912 = LINE('',#10913,#10914);
#10913 = CARTESIAN_POINT('',(-0.127,-9.9315,0.));
#10914 = VECTOR('',#10915,1.);
#10915 = DIRECTION('',(1.387374085862E-31,-3.124088708055E-16,-1.));
#10916 = ORIENTED_EDGE('',*,*,#10917,.F.);
#10917 = EDGE_CURVE('',#7390,#10910,#10918,.T.);
#10918 = LINE('',#10919,#10920);
#10919 = CARTESIAN_POINT('',(-0.127,-9.398,0.));
#10920 = VECTOR('',#10921,1.);
#10921 = DIRECTION('',(4.440892098501E-16,-1.,0.));
#10922 = PLANE('',#10923);
#10923 = AXIS2_PLACEMENT_3D('',#10924,#10925,#10926);
#10924 = CARTESIAN_POINT('',(-0.127,-9.398,2.157));
#10925 = DIRECTION('',(1.,4.440892098501E-16,0.));
#10926 = DIRECTION('',(0.,0.,-1.));
#10927 = ADVANCED_FACE('',(#10928),#10946,.T.);
#10928 = FACE_BOUND('',#10929,.T.);
#10929 = EDGE_LOOP('',(#10930,#10938,#10944,#10945));
#10930 = ORIENTED_EDGE('',*,*,#10931,.T.);
#10931 = EDGE_CURVE('',#10870,#10932,#10934,.T.);
#10932 = VERTEX_POINT('',#10933);
#10933 = CARTESIAN_POINT('',(0.127,-10.3885,0.));
#10934 = LINE('',#10935,#10936);
#10935 = CARTESIAN_POINT('',(-0.127,-10.3885,0.));
#10936 = VECTOR('',#10937,1.);
#10937 = DIRECTION('',(1.,4.440892098501E-16,0.));
#10938 = ORIENTED_EDGE('',*,*,#10939,.T.);
#10939 = EDGE_CURVE('',#10932,#7218,#10940,.T.);
#10940 = LINE('',#10941,#10942);
#10941 = CARTESIAN_POINT('',(0.127,-10.3885,0.));
#10942 = VECTOR('',#10943,1.);
#10943 = DIRECTION('',(4.440892098501E-16,-1.,0.));
#10944 = ORIENTED_EDGE('',*,*,#7225,.F.);
#10945 = ORIENTED_EDGE('',*,*,#10869,.F.);
#10946 = PLANE('',#10947);
#10947 = AXIS2_PLACEMENT_3D('',#10948,#10949,#10950);
#10948 = CARTESIAN_POINT('',(-0.127,-10.3885,0.));
#10949 = DIRECTION('',(0.,0.,-1.));
#10950 = DIRECTION('',(4.440892098501E-16,-1.,0.));
#10951 = ADVANCED_FACE('',(#10952),#11004,.T.);
#10952 = FACE_BOUND('',#10953,.T.);
#10953 = EDGE_LOOP('',(#10954,#10955,#10956,#10957,#10958,#10966,#10974,
    #10982,#10990,#10998));
#10954 = ORIENTED_EDGE('',*,*,#7381,.F.);
#10955 = ORIENTED_EDGE('',*,*,#7411,.T.);
#10956 = ORIENTED_EDGE('',*,*,#7217,.F.);
#10957 = ORIENTED_EDGE('',*,*,#10939,.F.);
#10958 = ORIENTED_EDGE('',*,*,#10959,.F.);
#10959 = EDGE_CURVE('',#10960,#10932,#10962,.T.);
#10960 = VERTEX_POINT('',#10961);
#10961 = CARTESIAN_POINT('',(0.127,-10.3885,-2.843));
#10962 = LINE('',#10963,#10964);
#10963 = CARTESIAN_POINT('',(0.127,-10.3885,-2.843));
#10964 = VECTOR('',#10965,1.);
#10965 = DIRECTION('',(1.387374085862E-31,-3.124088708055E-16,1.));
#10966 = ORIENTED_EDGE('',*,*,#10967,.F.);
#10967 = EDGE_CURVE('',#10968,#10960,#10970,.T.);
#10968 = VERTEX_POINT('',#10969);
#10969 = CARTESIAN_POINT('',(0.127,-10.27425,-3.3));
#10970 = LINE('',#10971,#10972);
#10971 = CARTESIAN_POINT('',(0.127,-10.27425,-3.3));
#10972 = VECTOR('',#10973,1.);
#10973 = DIRECTION('',(1.077074540829E-16,-0.242535625036,0.970142500145
    ));
#10974 = ORIENTED_EDGE('',*,*,#10975,.F.);
#10975 = EDGE_CURVE('',#10976,#10968,#10978,.T.);
#10976 = VERTEX_POINT('',#10977);
#10977 = CARTESIAN_POINT('',(0.127,-10.04575,-3.3));
#10978 = LINE('',#10979,#10980);
#10979 = CARTESIAN_POINT('',(0.127,-10.04575,-3.3));
#10980 = VECTOR('',#10981,1.);
#10981 = DIRECTION('',(4.440892098501E-16,-1.,0.));
#10982 = ORIENTED_EDGE('',*,*,#10983,.F.);
#10983 = EDGE_CURVE('',#10984,#10976,#10986,.T.);
#10984 = VERTEX_POINT('',#10985);
#10985 = CARTESIAN_POINT('',(0.127,-9.9315,-2.843));
#10986 = LINE('',#10987,#10988);
#10987 = CARTESIAN_POINT('',(0.127,-9.9315,-2.843));
#10988 = VECTOR('',#10989,1.);
#10989 = DIRECTION('',(1.077074540829E-16,-0.242535625036,
    -0.970142500145));
#10990 = ORIENTED_EDGE('',*,*,#10991,.F.);
#10991 = EDGE_CURVE('',#10992,#10984,#10994,.T.);
#10992 = VERTEX_POINT('',#10993);
#10993 = CARTESIAN_POINT('',(0.127,-9.9315,0.));
#10994 = LINE('',#10995,#10996);
#10995 = CARTESIAN_POINT('',(0.127,-9.9315,0.));
#10996 = VECTOR('',#10997,1.);
#10997 = DIRECTION('',(1.387374085862E-31,-3.124088708055E-16,-1.));
#10998 = ORIENTED_EDGE('',*,*,#10999,.F.);
#10999 = EDGE_CURVE('',#7382,#10992,#11000,.T.);
#11000 = LINE('',#11001,#11002);
#11001 = CARTESIAN_POINT('',(0.127,-9.398,0.));
#11002 = VECTOR('',#11003,1.);
#11003 = DIRECTION('',(4.440892098501E-16,-1.,0.));
#11004 = PLANE('',#11005);
#11005 = AXIS2_PLACEMENT_3D('',#11006,#11007,#11008);
#11006 = CARTESIAN_POINT('',(0.127,-9.398,2.157));
#11007 = DIRECTION('',(1.,4.440892098501E-16,0.));
#11008 = DIRECTION('',(0.,0.,-1.));
#11009 = ADVANCED_FACE('',(#11010),#11018,.T.);
#11010 = FACE_BOUND('',#11011,.T.);
#11011 = EDGE_LOOP('',(#11012,#11013,#11014,#11015,#11016,#11017));
#11012 = ORIENTED_EDGE('',*,*,#7247,.F.);
#11013 = ORIENTED_EDGE('',*,*,#9475,.F.);
#11014 = ORIENTED_EDGE('',*,*,#7437,.F.);
#11015 = ORIENTED_EDGE('',*,*,#7364,.F.);
#11016 = ORIENTED_EDGE('',*,*,#10844,.F.);
#11017 = ORIENTED_EDGE('',*,*,#7200,.F.);
#11018 = PLANE('',#11019);
#11019 = AXIS2_PLACEMENT_3D('',#11020,#11021,#11022);
#11020 = CARTESIAN_POINT('',(3.683,-10.922,2.157));
#11021 = DIRECTION('',(0.,0.,1.));
#11022 = DIRECTION('',(-4.440892098501E-16,1.,0.));
#11023 = ADVANCED_FACE('',(#11024),#11035,.T.);
#11024 = FACE_BOUND('',#11025,.T.);
#11025 = EDGE_LOOP('',(#11026,#11032,#11033,#11034));
#11026 = ORIENTED_EDGE('',*,*,#11027,.T.);
#11027 = EDGE_CURVE('',#10701,#10790,#11028,.T.);
#11028 = LINE('',#11029,#11030);
#11029 = CARTESIAN_POINT('',(-0.127,-7.8485,0.));
#11030 = VECTOR('',#11031,1.);
#11031 = DIRECTION('',(1.,4.440892098501E-16,0.));
#11032 = ORIENTED_EDGE('',*,*,#10789,.T.);
#11033 = ORIENTED_EDGE('',*,*,#7314,.F.);
#11034 = ORIENTED_EDGE('',*,*,#10700,.F.);
#11035 = PLANE('',#11036);
#11036 = AXIS2_PLACEMENT_3D('',#11037,#11038,#11039);
#11037 = CARTESIAN_POINT('',(-0.127,-7.8485,0.));
#11038 = DIRECTION('',(0.,0.,-1.));
#11039 = DIRECTION('',(4.440892098501E-16,-1.,0.));
#11040 = ADVANCED_FACE('',(#11041),#11052,.T.);
#11041 = FACE_BOUND('',#11042,.T.);
#11042 = EDGE_LOOP('',(#11043,#11044,#11045,#11051));
#11043 = ORIENTED_EDGE('',*,*,#7389,.T.);
#11044 = ORIENTED_EDGE('',*,*,#10999,.T.);
#11045 = ORIENTED_EDGE('',*,*,#11046,.F.);
#11046 = EDGE_CURVE('',#10910,#10992,#11047,.T.);
#11047 = LINE('',#11048,#11049);
#11048 = CARTESIAN_POINT('',(-0.127,-9.9315,0.));
#11049 = VECTOR('',#11050,1.);
#11050 = DIRECTION('',(1.,4.440892098501E-16,0.));
#11051 = ORIENTED_EDGE('',*,*,#10917,.F.);
#11052 = PLANE('',#11053);
#11053 = AXIS2_PLACEMENT_3D('',#11054,#11055,#11056);
#11054 = CARTESIAN_POINT('',(-0.127,-9.398,0.));
#11055 = DIRECTION('',(0.,0.,-1.));
#11056 = DIRECTION('',(4.440892098501E-16,-1.,0.));
#11057 = ADVANCED_FACE('',(#11058),#11069,.T.);
#11058 = FACE_BOUND('',#11059,.T.);
#11059 = EDGE_LOOP('',(#11060,#11061,#11062,#11068));
#11060 = ORIENTED_EDGE('',*,*,#7461,.T.);
#11061 = ORIENTED_EDGE('',*,*,#7548,.T.);
#11062 = ORIENTED_EDGE('',*,*,#11063,.F.);
#11063 = EDGE_CURVE('',#9504,#7541,#11064,.T.);
#11064 = LINE('',#11065,#11066);
#11065 = CARTESIAN_POINT('',(1.033723643423,-18.07977635657,3.68));
#11066 = VECTOR('',#11067,1.);
#11067 = DIRECTION('',(1.,4.440892098501E-16,0.));
#11068 = ORIENTED_EDGE('',*,*,#9503,.F.);
#11069 = B_SPLINE_SURFACE_WITH_KNOTS('',1,1,(
    (#11070,#11071)
    ,(#11072,#11073
    )),.UNSPECIFIED.,.F.,.F.,.F.,(2,2),(2,2),(0.,6.2),(0.,1.),
  .PIECEWISE_BEZIER_KNOTS.);
#11070 = CARTESIAN_POINT('',(0.71,-18.4035,2.157));
#11071 = CARTESIAN_POINT('',(1.033723643423,-18.07977635657,3.68));
#11072 = CARTESIAN_POINT('',(6.91,-18.4035,2.157));
#11073 = CARTESIAN_POINT('',(6.586276356577,-18.07977635657,3.68));
#11074 = ADVANCED_FACE('',(#11075),#11098,.F.);
#11075 = FACE_BOUND('',#11076,.F.);
#11076 = EDGE_LOOP('',(#11077,#11078,#11079,#11080,#11081,#11090,#11097)
  );
#11077 = ORIENTED_EDGE('',*,*,#7540,.F.);
#11078 = ORIENTED_EDGE('',*,*,#11063,.F.);
#11079 = ORIENTED_EDGE('',*,*,#9510,.F.);
#11080 = ORIENTED_EDGE('',*,*,#9106,.F.);
#11081 = ORIENTED_EDGE('',*,*,#11082,.F.);
#11082 = EDGE_CURVE('',#11083,#9107,#11085,.T.);
#11083 = VERTEX_POINT('',#11084);
#11084 = CARTESIAN_POINT('',(3.81,-0.375223643423,3.68));
#11085 = CIRCLE('',#11086,0.75);
#11086 = AXIS2_PLACEMENT_3D('',#11087,#11088,#11089);
#11087 = CARTESIAN_POINT('',(3.81,0.374776356577,3.68));
#11088 = DIRECTION('',(0.,-0.,-1.));
#11089 = DIRECTION('',(4.440892098501E-16,-1.,0.));
#11090 = ORIENTED_EDGE('',*,*,#11091,.F.);
#11091 = EDGE_CURVE('',#9327,#11083,#11092,.T.);
#11092 = CIRCLE('',#11093,0.75);
#11093 = AXIS2_PLACEMENT_3D('',#11094,#11095,#11096);
#11094 = CARTESIAN_POINT('',(3.81,0.374776356577,3.68));
#11095 = DIRECTION('',(0.,-0.,-1.));
#11096 = DIRECTION('',(4.440892098501E-16,-1.,0.));
#11097 = ORIENTED_EDGE('',*,*,#9432,.F.);
#11098 = PLANE('',#11099);
#11099 = AXIS2_PLACEMENT_3D('',#11100,#11101,#11102);
#11100 = CARTESIAN_POINT('',(6.586276356577,-18.07977635657,3.68));
#11101 = DIRECTION('',(-0.,0.,-1.));
#11102 = DIRECTION('',(-0.289195924676,0.957269929096,0.));
#11103 = ADVANCED_FACE('',(#11104),#11115,.T.);
#11104 = FACE_BOUND('',#11105,.T.);
#11105 = EDGE_LOOP('',(#11106,#11107,#11108,#11114));
#11106 = ORIENTED_EDGE('',*,*,#7631,.T.);
#11107 = ORIENTED_EDGE('',*,*,#7607,.T.);
#11108 = ORIENTED_EDGE('',*,*,#11109,.F.);
#11109 = EDGE_CURVE('',#7678,#7600,#11110,.T.);
#11110 = LINE('',#11111,#11112);
#11111 = CARTESIAN_POINT('',(7.747,-17.66575,-3.3));
#11112 = VECTOR('',#11113,1.);
#11113 = DIRECTION('',(-1.,-3.216245299353E-16,0.));
#11114 = ORIENTED_EDGE('',*,*,#7685,.F.);
#11115 = PLANE('',#11116);
#11116 = AXIS2_PLACEMENT_3D('',#11117,#11118,#11119);
#11117 = CARTESIAN_POINT('',(7.747,-17.89425,-3.3));
#11118 = DIRECTION('',(-0.,0.,-1.));
#11119 = DIRECTION('',(-3.216245299353E-16,1.,0.));
#11120 = ADVANCED_FACE('',(#11121),#11132,.T.);
#11121 = FACE_BOUND('',#11122,.T.);
#11122 = EDGE_LOOP('',(#11123,#11124,#11125,#11131));
#11123 = ORIENTED_EDGE('',*,*,#11109,.T.);
#11124 = ORIENTED_EDGE('',*,*,#7599,.T.);
#11125 = ORIENTED_EDGE('',*,*,#11126,.F.);
#11126 = EDGE_CURVE('',#7670,#7592,#11127,.T.);
#11127 = LINE('',#11128,#11129);
#11128 = CARTESIAN_POINT('',(7.747,-17.5515,-2.843));
#11129 = VECTOR('',#11130,1.);
#11130 = DIRECTION('',(-1.,-3.216245299353E-16,0.));
#11131 = ORIENTED_EDGE('',*,*,#7677,.F.);
#11132 = PLANE('',#11133);
#11133 = AXIS2_PLACEMENT_3D('',#11134,#11135,#11136);
#11134 = CARTESIAN_POINT('',(7.747,-17.66575,-3.3));
#11135 = DIRECTION('',(-3.120216255796E-16,0.970142500145,
    -0.242535625036));
#11136 = DIRECTION('',(-7.800540639491E-17,0.242535625036,0.970142500145
    ));
#11137 = ADVANCED_FACE('',(#11138),#11144,.T.);
#11138 = FACE_BOUND('',#11139,.T.);
#11139 = EDGE_LOOP('',(#11140,#11141,#11142,#11143));
#11140 = ORIENTED_EDGE('',*,*,#11126,.T.);
#11141 = ORIENTED_EDGE('',*,*,#7591,.T.);
#11142 = ORIENTED_EDGE('',*,*,#7863,.F.);
#11143 = ORIENTED_EDGE('',*,*,#7669,.F.);
#11144 = PLANE('',#11145);
#11145 = AXIS2_PLACEMENT_3D('',#11146,#11147,#11148);
#11146 = CARTESIAN_POINT('',(7.747,-17.5515,-2.843));
#11147 = DIRECTION('',(-3.216245299353E-16,1.,-6.248177416111E-16));
#11148 = DIRECTION('',(-2.009567124409E-31,6.248177416111E-16,1.));
#11149 = ADVANCED_FACE('',(#11150),#11161,.F.);
#11150 = FACE_BOUND('',#11151,.F.);
#11151 = EDGE_LOOP('',(#11152,#11153,#11154,#11160));
#11152 = ORIENTED_EDGE('',*,*,#7806,.T.);
#11153 = ORIENTED_EDGE('',*,*,#7848,.T.);
#11154 = ORIENTED_EDGE('',*,*,#11155,.F.);
#11155 = EDGE_CURVE('',#7768,#7841,#11156,.T.);
#11156 = LINE('',#11157,#11158);
#11157 = CARTESIAN_POINT('',(7.747,-0.11425,-3.3));
#11158 = VECTOR('',#11159,1.);
#11159 = DIRECTION('',(-1.,-3.216245299353E-16,0.));
#11160 = ORIENTED_EDGE('',*,*,#7775,.F.);
#11161 = PLANE('',#11162);
#11162 = AXIS2_PLACEMENT_3D('',#11163,#11164,#11165);
#11163 = CARTESIAN_POINT('',(7.747,0.11425,-3.3));
#11164 = DIRECTION('',(0.,0.,1.));
#11165 = DIRECTION('',(3.216245299353E-16,-1.,0.));
#11166 = ADVANCED_FACE('',(#11167),#11178,.F.);
#11167 = FACE_BOUND('',#11168,.F.);
#11168 = EDGE_LOOP('',(#11169,#11170,#11171,#11177));
#11169 = ORIENTED_EDGE('',*,*,#11155,.T.);
#11170 = ORIENTED_EDGE('',*,*,#7840,.T.);
#11171 = ORIENTED_EDGE('',*,*,#11172,.F.);
#11172 = EDGE_CURVE('',#7760,#7833,#11173,.T.);
#11173 = LINE('',#11174,#11175);
#11174 = CARTESIAN_POINT('',(7.747,-0.2285,-2.843));
#11175 = VECTOR('',#11176,1.);
#11176 = DIRECTION('',(-1.,-3.216245299353E-16,0.));
#11177 = ORIENTED_EDGE('',*,*,#7767,.F.);
#11178 = PLANE('',#11179);
#11179 = AXIS2_PLACEMENT_3D('',#11180,#11181,#11182);
#11180 = CARTESIAN_POINT('',(7.747,-0.11425,-3.3));
#11181 = DIRECTION('',(-3.120216255796E-16,0.970142500145,0.242535625036
    ));
#11182 = DIRECTION('',(7.800540639491E-17,-0.242535625036,0.970142500145
    ));
#11183 = ADVANCED_FACE('',(#11184),#11190,.F.);
#11184 = FACE_BOUND('',#11185,.F.);
#11185 = EDGE_LOOP('',(#11186,#11187,#11188,#11189));
#11186 = ORIENTED_EDGE('',*,*,#11172,.T.);
#11187 = ORIENTED_EDGE('',*,*,#7832,.T.);
#11188 = ORIENTED_EDGE('',*,*,#7880,.F.);
#11189 = ORIENTED_EDGE('',*,*,#7759,.F.);
#11190 = PLANE('',#11191);
#11191 = AXIS2_PLACEMENT_3D('',#11192,#11193,#11194);
#11192 = CARTESIAN_POINT('',(7.747,-0.2285,-2.843));
#11193 = DIRECTION('',(-3.216245299353E-16,1.,6.248177416111E-16));
#11194 = DIRECTION('',(2.009567124409E-31,-6.248177416111E-16,1.));
#11195 = ADVANCED_FACE('',(#11196),#11207,.T.);
#11196 = FACE_BOUND('',#11197,.T.);
#11197 = EDGE_LOOP('',(#11198,#11199,#11200,#11206));
#11198 = ORIENTED_EDGE('',*,*,#7983,.T.);
#11199 = ORIENTED_EDGE('',*,*,#7959,.T.);
#11200 = ORIENTED_EDGE('',*,*,#11201,.F.);
#11201 = EDGE_CURVE('',#8046,#7952,#11202,.T.);
#11202 = LINE('',#11203,#11204);
#11203 = CARTESIAN_POINT('',(7.747,-15.4685,-2.843));
#11204 = VECTOR('',#11205,1.);
#11205 = DIRECTION('',(-1.,-3.216245299353E-16,0.));
#11206 = ORIENTED_EDGE('',*,*,#8053,.F.);
#11207 = PLANE('',#11208);
#11208 = AXIS2_PLACEMENT_3D('',#11209,#11210,#11211);
#11209 = CARTESIAN_POINT('',(7.747,-15.4685,0.));
#11210 = DIRECTION('',(3.216245299353E-16,-1.,-3.124088708055E-16));
#11211 = DIRECTION('',(-1.004783562205E-31,3.124088708055E-16,-1.));
#11212 = ADVANCED_FACE('',(#11213),#11224,.T.);
#11213 = FACE_BOUND('',#11214,.T.);
#11214 = EDGE_LOOP('',(#11215,#11216,#11217,#11223));
#11215 = ORIENTED_EDGE('',*,*,#11201,.T.);
#11216 = ORIENTED_EDGE('',*,*,#7951,.T.);
#11217 = ORIENTED_EDGE('',*,*,#11218,.F.);
#11218 = EDGE_CURVE('',#8038,#7944,#11219,.T.);
#11219 = LINE('',#11220,#11221);
#11220 = CARTESIAN_POINT('',(7.747,-15.35425,-3.3));
#11221 = VECTOR('',#11222,1.);
#11222 = DIRECTION('',(-1.,-3.216245299353E-16,0.));
#11223 = ORIENTED_EDGE('',*,*,#8045,.F.);
#11224 = PLANE('',#11225);
#11225 = AXIS2_PLACEMENT_3D('',#11226,#11227,#11228);
#11226 = CARTESIAN_POINT('',(7.747,-15.4685,-2.843));
#11227 = DIRECTION('',(3.120216255796E-16,-0.970142500145,
    -0.242535625036));
#11228 = DIRECTION('',(-7.800540639491E-17,0.242535625036,
    -0.970142500145));
#11229 = ADVANCED_FACE('',(#11230),#11241,.T.);
#11230 = FACE_BOUND('',#11231,.T.);
#11231 = EDGE_LOOP('',(#11232,#11238,#11239,#11240));
#11232 = ORIENTED_EDGE('',*,*,#11233,.T.);
#11233 = EDGE_CURVE('',#8022,#7928,#11234,.T.);
#11234 = LINE('',#11235,#11236);
#11235 = CARTESIAN_POINT('',(7.747,-15.0115,-2.843));
#11236 = VECTOR('',#11237,1.);
#11237 = DIRECTION('',(-1.,-3.216245299353E-16,0.));
#11238 = ORIENTED_EDGE('',*,*,#7927,.T.);
#11239 = ORIENTED_EDGE('',*,*,#8263,.F.);
#11240 = ORIENTED_EDGE('',*,*,#8021,.F.);
#11241 = PLANE('',#11242);
#11242 = AXIS2_PLACEMENT_3D('',#11243,#11244,#11245);
#11243 = CARTESIAN_POINT('',(7.747,-15.0115,-2.843));
#11244 = DIRECTION('',(-3.216245299353E-16,1.,-3.124088708055E-16));
#11245 = DIRECTION('',(-1.004783562205E-31,3.124088708055E-16,1.));
#11246 = ADVANCED_FACE('',(#11247),#11258,.T.);
#11247 = FACE_BOUND('',#11248,.T.);
#11248 = EDGE_LOOP('',(#11249,#11250,#11251,#11257));
#11249 = ORIENTED_EDGE('',*,*,#11218,.T.);
#11250 = ORIENTED_EDGE('',*,*,#7943,.T.);
#11251 = ORIENTED_EDGE('',*,*,#11252,.F.);
#11252 = EDGE_CURVE('',#8030,#7936,#11253,.T.);
#11253 = LINE('',#11254,#11255);
#11254 = CARTESIAN_POINT('',(7.747,-15.12575,-3.3));
#11255 = VECTOR('',#11256,1.);
#11256 = DIRECTION('',(-1.,-3.216245299353E-16,0.));
#11257 = ORIENTED_EDGE('',*,*,#8037,.F.);
#11258 = PLANE('',#11259);
#11259 = AXIS2_PLACEMENT_3D('',#11260,#11261,#11262);
#11260 = CARTESIAN_POINT('',(7.747,-15.35425,-3.3));
#11261 = DIRECTION('',(-0.,0.,-1.));
#11262 = DIRECTION('',(-3.216245299353E-16,1.,0.));
#11263 = ADVANCED_FACE('',(#11264),#11270,.T.);
#11264 = FACE_BOUND('',#11265,.T.);
#11265 = EDGE_LOOP('',(#11266,#11267,#11268,#11269));
#11266 = ORIENTED_EDGE('',*,*,#11252,.T.);
#11267 = ORIENTED_EDGE('',*,*,#7935,.T.);
#11268 = ORIENTED_EDGE('',*,*,#11233,.F.);
#11269 = ORIENTED_EDGE('',*,*,#8029,.F.);
#11270 = PLANE('',#11271);
#11271 = AXIS2_PLACEMENT_3D('',#11272,#11273,#11274);
#11272 = CARTESIAN_POINT('',(7.747,-15.12575,-3.3));
#11273 = DIRECTION('',(-3.120216255796E-16,0.970142500145,
    -0.242535625036));
#11274 = DIRECTION('',(-7.800540639491E-17,0.242535625036,0.970142500145
    ));
#11275 = ADVANCED_FACE('',(#11276),#11287,.T.);
#11276 = FACE_BOUND('',#11277,.T.);
#11277 = EDGE_LOOP('',(#11278,#11279,#11280,#11286));
#11278 = ORIENTED_EDGE('',*,*,#8282,.T.);
#11279 = ORIENTED_EDGE('',*,*,#8123,.T.);
#11280 = ORIENTED_EDGE('',*,*,#11281,.F.);
#11281 = EDGE_CURVE('',#8203,#8116,#11282,.T.);
#11282 = LINE('',#11283,#11284);
#11283 = CARTESIAN_POINT('',(7.747,-2.7685,-2.843));
#11284 = VECTOR('',#11285,1.);
#11285 = DIRECTION('',(-1.,-3.216245299353E-16,0.));
#11286 = ORIENTED_EDGE('',*,*,#8210,.F.);
#11287 = PLANE('',#11288);
#11288 = AXIS2_PLACEMENT_3D('',#11289,#11290,#11291);
#11289 = CARTESIAN_POINT('',(7.747,-2.7685,0.));
#11290 = DIRECTION('',(3.216245299353E-16,-1.,-3.124088708055E-16));
#11291 = DIRECTION('',(-1.004783562205E-31,3.124088708055E-16,-1.));
#11292 = ADVANCED_FACE('',(#11293),#11304,.T.);
#11293 = FACE_BOUND('',#11294,.T.);
#11294 = EDGE_LOOP('',(#11295,#11296,#11297,#11303));
#11295 = ORIENTED_EDGE('',*,*,#11281,.T.);
#11296 = ORIENTED_EDGE('',*,*,#8115,.T.);
#11297 = ORIENTED_EDGE('',*,*,#11298,.F.);
#11298 = EDGE_CURVE('',#8195,#8108,#11299,.T.);
#11299 = LINE('',#11300,#11301);
#11300 = CARTESIAN_POINT('',(7.747,-2.65425,-3.3));
#11301 = VECTOR('',#11302,1.);
#11302 = DIRECTION('',(-1.,-3.216245299353E-16,0.));
#11303 = ORIENTED_EDGE('',*,*,#8202,.F.);
#11304 = PLANE('',#11305);
#11305 = AXIS2_PLACEMENT_3D('',#11306,#11307,#11308);
#11306 = CARTESIAN_POINT('',(7.747,-2.7685,-2.843));
#11307 = DIRECTION('',(3.120216255796E-16,-0.970142500145,
    -0.242535625036));
#11308 = DIRECTION('',(-7.800540639491E-17,0.242535625036,
    -0.970142500145));
#11309 = ADVANCED_FACE('',(#11310),#11321,.T.);
#11310 = FACE_BOUND('',#11311,.T.);
#11311 = EDGE_LOOP('',(#11312,#11318,#11319,#11320));
#11312 = ORIENTED_EDGE('',*,*,#11313,.T.);
#11313 = EDGE_CURVE('',#8179,#8092,#11314,.T.);
#11314 = LINE('',#11315,#11316);
#11315 = CARTESIAN_POINT('',(7.747,-2.3115,-2.843));
#11316 = VECTOR('',#11317,1.);
#11317 = DIRECTION('',(-1.,-3.216245299353E-16,0.));
#11318 = ORIENTED_EDGE('',*,*,#8091,.T.);
#11319 = ORIENTED_EDGE('',*,*,#8145,.F.);
#11320 = ORIENTED_EDGE('',*,*,#8178,.F.);
#11321 = PLANE('',#11322);
#11322 = AXIS2_PLACEMENT_3D('',#11323,#11324,#11325);
#11323 = CARTESIAN_POINT('',(7.747,-2.3115,-2.843));
#11324 = DIRECTION('',(-3.216245299353E-16,1.,-3.124088708055E-16));
#11325 = DIRECTION('',(-1.004783562205E-31,3.124088708055E-16,1.));
#11326 = ADVANCED_FACE('',(#11327),#11338,.T.);
#11327 = FACE_BOUND('',#11328,.T.);
#11328 = EDGE_LOOP('',(#11329,#11330,#11331,#11337));
#11329 = ORIENTED_EDGE('',*,*,#11298,.T.);
#11330 = ORIENTED_EDGE('',*,*,#8107,.T.);
#11331 = ORIENTED_EDGE('',*,*,#11332,.F.);
#11332 = EDGE_CURVE('',#8187,#8100,#11333,.T.);
#11333 = LINE('',#11334,#11335);
#11334 = CARTESIAN_POINT('',(7.747,-2.42575,-3.3));
#11335 = VECTOR('',#11336,1.);
#11336 = DIRECTION('',(-1.,-3.216245299353E-16,0.));
#11337 = ORIENTED_EDGE('',*,*,#8194,.F.);
#11338 = PLANE('',#11339);
#11339 = AXIS2_PLACEMENT_3D('',#11340,#11341,#11342);
#11340 = CARTESIAN_POINT('',(7.747,-2.65425,-3.3));
#11341 = DIRECTION('',(-0.,0.,-1.));
#11342 = DIRECTION('',(-3.216245299353E-16,1.,0.));
#11343 = ADVANCED_FACE('',(#11344),#11350,.T.);
#11344 = FACE_BOUND('',#11345,.T.);
#11345 = EDGE_LOOP('',(#11346,#11347,#11348,#11349));
#11346 = ORIENTED_EDGE('',*,*,#11332,.T.);
#11347 = ORIENTED_EDGE('',*,*,#8099,.T.);
#11348 = ORIENTED_EDGE('',*,*,#11313,.F.);
#11349 = ORIENTED_EDGE('',*,*,#8186,.F.);
#11350 = PLANE('',#11351);
#11351 = AXIS2_PLACEMENT_3D('',#11352,#11353,#11354);
#11352 = CARTESIAN_POINT('',(7.747,-2.42575,-3.3));
#11353 = DIRECTION('',(-3.120216255796E-16,0.970142500145,
    -0.242535625036));
#11354 = DIRECTION('',(-7.800540639491E-17,0.242535625036,0.970142500145
    ));
#11355 = ADVANCED_FACE('',(#11356),#11367,.T.);
#11356 = FACE_BOUND('',#11357,.T.);
#11357 = EDGE_LOOP('',(#11358,#11359,#11360,#11366));
#11358 = ORIENTED_EDGE('',*,*,#8383,.T.);
#11359 = ORIENTED_EDGE('',*,*,#8359,.T.);
#11360 = ORIENTED_EDGE('',*,*,#11361,.F.);
#11361 = EDGE_CURVE('',#8446,#8352,#11362,.T.);
#11362 = LINE('',#11363,#11364);
#11363 = CARTESIAN_POINT('',(7.747,-12.9285,-2.843));
#11364 = VECTOR('',#11365,1.);
#11365 = DIRECTION('',(-1.,-3.216245299353E-16,0.));
#11366 = ORIENTED_EDGE('',*,*,#8453,.F.);
#11367 = PLANE('',#11368);
#11368 = AXIS2_PLACEMENT_3D('',#11369,#11370,#11371);
#11369 = CARTESIAN_POINT('',(7.747,-12.9285,0.));
#11370 = DIRECTION('',(3.216245299353E-16,-1.,-3.124088708055E-16));
#11371 = DIRECTION('',(-1.004783562205E-31,3.124088708055E-16,-1.));
#11372 = ADVANCED_FACE('',(#11373),#11384,.T.);
#11373 = FACE_BOUND('',#11374,.T.);
#11374 = EDGE_LOOP('',(#11375,#11376,#11377,#11383));
#11375 = ORIENTED_EDGE('',*,*,#11361,.T.);
#11376 = ORIENTED_EDGE('',*,*,#8351,.T.);
#11377 = ORIENTED_EDGE('',*,*,#11378,.F.);
#11378 = EDGE_CURVE('',#8438,#8344,#11379,.T.);
#11379 = LINE('',#11380,#11381);
#11380 = CARTESIAN_POINT('',(7.747,-12.81425,-3.3));
#11381 = VECTOR('',#11382,1.);
#11382 = DIRECTION('',(-1.,-3.216245299353E-16,0.));
#11383 = ORIENTED_EDGE('',*,*,#8445,.F.);
#11384 = PLANE('',#11385);
#11385 = AXIS2_PLACEMENT_3D('',#11386,#11387,#11388);
#11386 = CARTESIAN_POINT('',(7.747,-12.9285,-2.843));
#11387 = DIRECTION('',(3.120216255796E-16,-0.970142500145,
    -0.242535625036));
#11388 = DIRECTION('',(-7.800540639491E-17,0.242535625036,
    -0.970142500145));
#11389 = ADVANCED_FACE('',(#11390),#11401,.T.);
#11390 = FACE_BOUND('',#11391,.T.);
#11391 = EDGE_LOOP('',(#11392,#11398,#11399,#11400));
#11392 = ORIENTED_EDGE('',*,*,#11393,.T.);
#11393 = EDGE_CURVE('',#8422,#8328,#11394,.T.);
#11394 = LINE('',#11395,#11396);
#11395 = CARTESIAN_POINT('',(7.747,-12.4715,-2.843));
#11396 = VECTOR('',#11397,1.);
#11397 = DIRECTION('',(-1.,-3.216245299353E-16,0.));
#11398 = ORIENTED_EDGE('',*,*,#8327,.T.);
#11399 = ORIENTED_EDGE('',*,*,#8663,.F.);
#11400 = ORIENTED_EDGE('',*,*,#8421,.F.);
#11401 = PLANE('',#11402);
#11402 = AXIS2_PLACEMENT_3D('',#11403,#11404,#11405);
#11403 = CARTESIAN_POINT('',(7.747,-12.4715,-2.843));
#11404 = DIRECTION('',(-3.216245299353E-16,1.,-3.124088708055E-16));
#11405 = DIRECTION('',(-1.004783562205E-31,3.124088708055E-16,1.));
#11406 = ADVANCED_FACE('',(#11407),#11418,.T.);
#11407 = FACE_BOUND('',#11408,.T.);
#11408 = EDGE_LOOP('',(#11409,#11410,#11411,#11417));
#11409 = ORIENTED_EDGE('',*,*,#11378,.T.);
#11410 = ORIENTED_EDGE('',*,*,#8343,.T.);
#11411 = ORIENTED_EDGE('',*,*,#11412,.F.);
#11412 = EDGE_CURVE('',#8430,#8336,#11413,.T.);
#11413 = LINE('',#11414,#11415);
#11414 = CARTESIAN_POINT('',(7.747,-12.58575,-3.3));
#11415 = VECTOR('',#11416,1.);
#11416 = DIRECTION('',(-1.,-3.216245299353E-16,0.));
#11417 = ORIENTED_EDGE('',*,*,#8437,.F.);
#11418 = PLANE('',#11419);
#11419 = AXIS2_PLACEMENT_3D('',#11420,#11421,#11422);
#11420 = CARTESIAN_POINT('',(7.747,-12.81425,-3.3));
#11421 = DIRECTION('',(-0.,0.,-1.));
#11422 = DIRECTION('',(-3.216245299353E-16,1.,0.));
#11423 = ADVANCED_FACE('',(#11424),#11430,.T.);
#11424 = FACE_BOUND('',#11425,.T.);
#11425 = EDGE_LOOP('',(#11426,#11427,#11428,#11429));
#11426 = ORIENTED_EDGE('',*,*,#11412,.T.);
#11427 = ORIENTED_EDGE('',*,*,#8335,.T.);
#11428 = ORIENTED_EDGE('',*,*,#11393,.F.);
#11429 = ORIENTED_EDGE('',*,*,#8429,.F.);
#11430 = PLANE('',#11431);
#11431 = AXIS2_PLACEMENT_3D('',#11432,#11433,#11434);
#11432 = CARTESIAN_POINT('',(7.747,-12.58575,-3.3));
#11433 = DIRECTION('',(-3.120216255796E-16,0.970142500145,
    -0.242535625036));
#11434 = DIRECTION('',(-7.800540639491E-17,0.242535625036,0.970142500145
    ));
#11435 = ADVANCED_FACE('',(#11436),#11447,.T.);
#11436 = FACE_BOUND('',#11437,.T.);
#11437 = EDGE_LOOP('',(#11438,#11439,#11440,#11446));
#11438 = ORIENTED_EDGE('',*,*,#8682,.T.);
#11439 = ORIENTED_EDGE('',*,*,#8523,.T.);
#11440 = ORIENTED_EDGE('',*,*,#11441,.F.);
#11441 = EDGE_CURVE('',#8603,#8516,#11442,.T.);
#11442 = LINE('',#11443,#11444);
#11443 = CARTESIAN_POINT('',(7.747,-5.3085,-2.843));
#11444 = VECTOR('',#11445,1.);
#11445 = DIRECTION('',(-1.,-3.216245299353E-16,0.));
#11446 = ORIENTED_EDGE('',*,*,#8610,.F.);
#11447 = PLANE('',#11448);
#11448 = AXIS2_PLACEMENT_3D('',#11449,#11450,#11451);
#11449 = CARTESIAN_POINT('',(7.747,-5.3085,0.));
#11450 = DIRECTION('',(3.216245299353E-16,-1.,-3.124088708055E-16));
#11451 = DIRECTION('',(-1.004783562205E-31,3.124088708055E-16,-1.));
#11452 = ADVANCED_FACE('',(#11453),#11464,.T.);
#11453 = FACE_BOUND('',#11454,.T.);
#11454 = EDGE_LOOP('',(#11455,#11456,#11457,#11463));
#11455 = ORIENTED_EDGE('',*,*,#11441,.T.);
#11456 = ORIENTED_EDGE('',*,*,#8515,.T.);
#11457 = ORIENTED_EDGE('',*,*,#11458,.F.);
#11458 = EDGE_CURVE('',#8595,#8508,#11459,.T.);
#11459 = LINE('',#11460,#11461);
#11460 = CARTESIAN_POINT('',(7.747,-5.19425,-3.3));
#11461 = VECTOR('',#11462,1.);
#11462 = DIRECTION('',(-1.,-3.216245299353E-16,0.));
#11463 = ORIENTED_EDGE('',*,*,#8602,.F.);
#11464 = PLANE('',#11465);
#11465 = AXIS2_PLACEMENT_3D('',#11466,#11467,#11468);
#11466 = CARTESIAN_POINT('',(7.747,-5.3085,-2.843));
#11467 = DIRECTION('',(3.120216255796E-16,-0.970142500145,
    -0.242535625036));
#11468 = DIRECTION('',(-7.800540639491E-17,0.242535625036,
    -0.970142500145));
#11469 = ADVANCED_FACE('',(#11470),#11481,.T.);
#11470 = FACE_BOUND('',#11471,.T.);
#11471 = EDGE_LOOP('',(#11472,#11478,#11479,#11480));
#11472 = ORIENTED_EDGE('',*,*,#11473,.T.);
#11473 = EDGE_CURVE('',#8579,#8492,#11474,.T.);
#11474 = LINE('',#11475,#11476);
#11475 = CARTESIAN_POINT('',(7.747,-4.8515,-2.843));
#11476 = VECTOR('',#11477,1.);
#11477 = DIRECTION('',(-1.,-3.216245299353E-16,0.));
#11478 = ORIENTED_EDGE('',*,*,#8491,.T.);
#11479 = ORIENTED_EDGE('',*,*,#8545,.F.);
#11480 = ORIENTED_EDGE('',*,*,#8578,.F.);
#11481 = PLANE('',#11482);
#11482 = AXIS2_PLACEMENT_3D('',#11483,#11484,#11485);
#11483 = CARTESIAN_POINT('',(7.747,-4.8515,-2.843));
#11484 = DIRECTION('',(-3.216245299353E-16,1.,-3.124088708055E-16));
#11485 = DIRECTION('',(-1.004783562205E-31,3.124088708055E-16,1.));
#11486 = ADVANCED_FACE('',(#11487),#11498,.T.);
#11487 = FACE_BOUND('',#11488,.T.);
#11488 = EDGE_LOOP('',(#11489,#11490,#11491,#11497));
#11489 = ORIENTED_EDGE('',*,*,#11458,.T.);
#11490 = ORIENTED_EDGE('',*,*,#8507,.T.);
#11491 = ORIENTED_EDGE('',*,*,#11492,.F.);
#11492 = EDGE_CURVE('',#8587,#8500,#11493,.T.);
#11493 = LINE('',#11494,#11495);
#11494 = CARTESIAN_POINT('',(7.747,-4.96575,-3.3));
#11495 = VECTOR('',#11496,1.);
#11496 = DIRECTION('',(-1.,-3.216245299353E-16,0.));
#11497 = ORIENTED_EDGE('',*,*,#8594,.F.);
#11498 = PLANE('',#11499);
#11499 = AXIS2_PLACEMENT_3D('',#11500,#11501,#11502);
#11500 = CARTESIAN_POINT('',(7.747,-5.19425,-3.3));
#11501 = DIRECTION('',(-0.,0.,-1.));
#11502 = DIRECTION('',(-3.216245299353E-16,1.,0.));
#11503 = ADVANCED_FACE('',(#11504),#11510,.T.);
#11504 = FACE_BOUND('',#11505,.T.);
#11505 = EDGE_LOOP('',(#11506,#11507,#11508,#11509));
#11506 = ORIENTED_EDGE('',*,*,#11492,.T.);
#11507 = ORIENTED_EDGE('',*,*,#8499,.T.);
#11508 = ORIENTED_EDGE('',*,*,#11473,.F.);
#11509 = ORIENTED_EDGE('',*,*,#8586,.F.);
#11510 = PLANE('',#11511);
#11511 = AXIS2_PLACEMENT_3D('',#11512,#11513,#11514);
#11512 = CARTESIAN_POINT('',(7.747,-4.96575,-3.3));
#11513 = DIRECTION('',(-3.120216255796E-16,0.970142500145,
    -0.242535625036));
#11514 = DIRECTION('',(-7.800540639491E-17,0.242535625036,0.970142500145
    ));
#11515 = ADVANCED_FACE('',(#11516),#11527,.T.);
#11516 = FACE_BOUND('',#11517,.T.);
#11517 = EDGE_LOOP('',(#11518,#11519,#11520,#11526));
#11518 = ORIENTED_EDGE('',*,*,#8783,.T.);
#11519 = ORIENTED_EDGE('',*,*,#8759,.T.);
#11520 = ORIENTED_EDGE('',*,*,#11521,.F.);
#11521 = EDGE_CURVE('',#8846,#8752,#11522,.T.);
#11522 = LINE('',#11523,#11524);
#11523 = CARTESIAN_POINT('',(7.747,-10.3885,-2.843));
#11524 = VECTOR('',#11525,1.);
#11525 = DIRECTION('',(-1.,-3.216245299353E-16,0.));
#11526 = ORIENTED_EDGE('',*,*,#8853,.F.);
#11527 = PLANE('',#11528);
#11528 = AXIS2_PLACEMENT_3D('',#11529,#11530,#11531);
#11529 = CARTESIAN_POINT('',(7.747,-10.3885,0.));
#11530 = DIRECTION('',(3.216245299353E-16,-1.,-3.124088708055E-16));
#11531 = DIRECTION('',(-1.004783562205E-31,3.124088708055E-16,-1.));
#11532 = ADVANCED_FACE('',(#11533),#11544,.T.);
#11533 = FACE_BOUND('',#11534,.T.);
#11534 = EDGE_LOOP('',(#11535,#11536,#11537,#11543));
#11535 = ORIENTED_EDGE('',*,*,#11521,.T.);
#11536 = ORIENTED_EDGE('',*,*,#8751,.T.);
#11537 = ORIENTED_EDGE('',*,*,#11538,.F.);
#11538 = EDGE_CURVE('',#8838,#8744,#11539,.T.);
#11539 = LINE('',#11540,#11541);
#11540 = CARTESIAN_POINT('',(7.747,-10.27425,-3.3));
#11541 = VECTOR('',#11542,1.);
#11542 = DIRECTION('',(-1.,-3.216245299353E-16,0.));
#11543 = ORIENTED_EDGE('',*,*,#8845,.F.);
#11544 = PLANE('',#11545);
#11545 = AXIS2_PLACEMENT_3D('',#11546,#11547,#11548);
#11546 = CARTESIAN_POINT('',(7.747,-10.3885,-2.843));
#11547 = DIRECTION('',(3.120216255796E-16,-0.970142500145,
    -0.242535625036));
#11548 = DIRECTION('',(-7.800540639491E-17,0.242535625036,
    -0.970142500145));
#11549 = ADVANCED_FACE('',(#11550),#11561,.T.);
#11550 = FACE_BOUND('',#11551,.T.);
#11551 = EDGE_LOOP('',(#11552,#11558,#11559,#11560));
#11552 = ORIENTED_EDGE('',*,*,#11553,.T.);
#11553 = EDGE_CURVE('',#8822,#8728,#11554,.T.);
#11554 = LINE('',#11555,#11556);
#11555 = CARTESIAN_POINT('',(7.747,-9.9315,-2.843));
#11556 = VECTOR('',#11557,1.);
#11557 = DIRECTION('',(-1.,-3.216245299353E-16,0.));
#11558 = ORIENTED_EDGE('',*,*,#8727,.T.);
#11559 = ORIENTED_EDGE('',*,*,#9063,.F.);
#11560 = ORIENTED_EDGE('',*,*,#8821,.F.);
#11561 = PLANE('',#11562);
#11562 = AXIS2_PLACEMENT_3D('',#11563,#11564,#11565);
#11563 = CARTESIAN_POINT('',(7.747,-9.9315,-2.843));
#11564 = DIRECTION('',(-3.216245299353E-16,1.,-3.124088708055E-16));
#11565 = DIRECTION('',(-1.004783562205E-31,3.124088708055E-16,1.));
#11566 = ADVANCED_FACE('',(#11567),#11578,.T.);
#11567 = FACE_BOUND('',#11568,.T.);
#11568 = EDGE_LOOP('',(#11569,#11570,#11571,#11577));
#11569 = ORIENTED_EDGE('',*,*,#11538,.T.);
#11570 = ORIENTED_EDGE('',*,*,#8743,.T.);
#11571 = ORIENTED_EDGE('',*,*,#11572,.F.);
#11572 = EDGE_CURVE('',#8830,#8736,#11573,.T.);
#11573 = LINE('',#11574,#11575);
#11574 = CARTESIAN_POINT('',(7.747,-10.04575,-3.3));
#11575 = VECTOR('',#11576,1.);
#11576 = DIRECTION('',(-1.,-3.216245299353E-16,0.));
#11577 = ORIENTED_EDGE('',*,*,#8837,.F.);
#11578 = PLANE('',#11579);
#11579 = AXIS2_PLACEMENT_3D('',#11580,#11581,#11582);
#11580 = CARTESIAN_POINT('',(7.747,-10.27425,-3.3));
#11581 = DIRECTION('',(-0.,0.,-1.));
#11582 = DIRECTION('',(-3.216245299353E-16,1.,0.));
#11583 = ADVANCED_FACE('',(#11584),#11590,.T.);
#11584 = FACE_BOUND('',#11585,.T.);
#11585 = EDGE_LOOP('',(#11586,#11587,#11588,#11589));
#11586 = ORIENTED_EDGE('',*,*,#11572,.T.);
#11587 = ORIENTED_EDGE('',*,*,#8735,.T.);
#11588 = ORIENTED_EDGE('',*,*,#11553,.F.);
#11589 = ORIENTED_EDGE('',*,*,#8829,.F.);
#11590 = PLANE('',#11591);
#11591 = AXIS2_PLACEMENT_3D('',#11592,#11593,#11594);
#11592 = CARTESIAN_POINT('',(7.747,-10.04575,-3.3));
#11593 = DIRECTION('',(-3.120216255796E-16,0.970142500145,
    -0.242535625036));
#11594 = DIRECTION('',(-7.800540639491E-17,0.242535625036,0.970142500145
    ));
#11595 = ADVANCED_FACE('',(#11596),#11607,.T.);
#11596 = FACE_BOUND('',#11597,.T.);
#11597 = EDGE_LOOP('',(#11598,#11599,#11600,#11606));
#11598 = ORIENTED_EDGE('',*,*,#9082,.T.);
#11599 = ORIENTED_EDGE('',*,*,#8923,.T.);
#11600 = ORIENTED_EDGE('',*,*,#11601,.F.);
#11601 = EDGE_CURVE('',#9003,#8916,#11602,.T.);
#11602 = LINE('',#11603,#11604);
#11603 = CARTESIAN_POINT('',(7.747,-7.8485,-2.843));
#11604 = VECTOR('',#11605,1.);
#11605 = DIRECTION('',(-1.,-3.216245299353E-16,0.));
#11606 = ORIENTED_EDGE('',*,*,#9010,.F.);
#11607 = PLANE('',#11608);
#11608 = AXIS2_PLACEMENT_3D('',#11609,#11610,#11611);
#11609 = CARTESIAN_POINT('',(7.747,-7.8485,0.));
#11610 = DIRECTION('',(3.216245299353E-16,-1.,-3.124088708055E-16));
#11611 = DIRECTION('',(-1.004783562205E-31,3.124088708055E-16,-1.));
#11612 = ADVANCED_FACE('',(#11613),#11624,.T.);
#11613 = FACE_BOUND('',#11614,.T.);
#11614 = EDGE_LOOP('',(#11615,#11616,#11617,#11623));
#11615 = ORIENTED_EDGE('',*,*,#11601,.T.);
#11616 = ORIENTED_EDGE('',*,*,#8915,.T.);
#11617 = ORIENTED_EDGE('',*,*,#11618,.F.);
#11618 = EDGE_CURVE('',#8995,#8908,#11619,.T.);
#11619 = LINE('',#11620,#11621);
#11620 = CARTESIAN_POINT('',(7.747,-7.73425,-3.3));
#11621 = VECTOR('',#11622,1.);
#11622 = DIRECTION('',(-1.,-3.216245299353E-16,0.));
#11623 = ORIENTED_EDGE('',*,*,#9002,.F.);
#11624 = PLANE('',#11625);
#11625 = AXIS2_PLACEMENT_3D('',#11626,#11627,#11628);
#11626 = CARTESIAN_POINT('',(7.747,-7.8485,-2.843));
#11627 = DIRECTION('',(3.120216255796E-16,-0.970142500145,
    -0.242535625036));
#11628 = DIRECTION('',(-7.800540639491E-17,0.242535625036,
    -0.970142500145));
#11629 = ADVANCED_FACE('',(#11630),#11641,.T.);
#11630 = FACE_BOUND('',#11631,.T.);
#11631 = EDGE_LOOP('',(#11632,#11638,#11639,#11640));
#11632 = ORIENTED_EDGE('',*,*,#11633,.T.);
#11633 = EDGE_CURVE('',#8979,#8892,#11634,.T.);
#11634 = LINE('',#11635,#11636);
#11635 = CARTESIAN_POINT('',(7.747,-7.3915,-2.843));
#11636 = VECTOR('',#11637,1.);
#11637 = DIRECTION('',(-1.,-3.216245299353E-16,0.));
#11638 = ORIENTED_EDGE('',*,*,#8891,.T.);
#11639 = ORIENTED_EDGE('',*,*,#8945,.F.);
#11640 = ORIENTED_EDGE('',*,*,#8978,.F.);
#11641 = PLANE('',#11642);
#11642 = AXIS2_PLACEMENT_3D('',#11643,#11644,#11645);
#11643 = CARTESIAN_POINT('',(7.747,-7.3915,-2.843));
#11644 = DIRECTION('',(-3.216245299353E-16,1.,-3.124088708055E-16));
#11645 = DIRECTION('',(-1.004783562205E-31,3.124088708055E-16,1.));
#11646 = ADVANCED_FACE('',(#11647),#11658,.T.);
#11647 = FACE_BOUND('',#11648,.T.);
#11648 = EDGE_LOOP('',(#11649,#11650,#11651,#11657));
#11649 = ORIENTED_EDGE('',*,*,#11618,.T.);
#11650 = ORIENTED_EDGE('',*,*,#8907,.T.);
#11651 = ORIENTED_EDGE('',*,*,#11652,.F.);
#11652 = EDGE_CURVE('',#8987,#8900,#11653,.T.);
#11653 = LINE('',#11654,#11655);
#11654 = CARTESIAN_POINT('',(7.747,-7.50575,-3.3));
#11655 = VECTOR('',#11656,1.);
#11656 = DIRECTION('',(-1.,-3.216245299353E-16,0.));
#11657 = ORIENTED_EDGE('',*,*,#8994,.F.);
#11658 = PLANE('',#11659);
#11659 = AXIS2_PLACEMENT_3D('',#11660,#11661,#11662);
#11660 = CARTESIAN_POINT('',(7.747,-7.73425,-3.3));
#11661 = DIRECTION('',(-0.,0.,-1.));
#11662 = DIRECTION('',(-3.216245299353E-16,1.,0.));
#11663 = ADVANCED_FACE('',(#11664),#11670,.T.);
#11664 = FACE_BOUND('',#11665,.T.);
#11665 = EDGE_LOOP('',(#11666,#11667,#11668,#11669));
#11666 = ORIENTED_EDGE('',*,*,#11652,.T.);
#11667 = ORIENTED_EDGE('',*,*,#8899,.T.);
#11668 = ORIENTED_EDGE('',*,*,#11633,.F.);
#11669 = ORIENTED_EDGE('',*,*,#8986,.F.);
#11670 = PLANE('',#11671);
#11671 = AXIS2_PLACEMENT_3D('',#11672,#11673,#11674);
#11672 = CARTESIAN_POINT('',(7.747,-7.50575,-3.3));
#11673 = DIRECTION('',(-3.120216255796E-16,0.970142500145,
    -0.242535625036));
#11674 = DIRECTION('',(-7.800540639491E-17,0.242535625036,0.970142500145
    ));
#11675 = ADVANCED_FACE('',(#11676),#11698,.F.);
#11676 = FACE_BOUND('',#11677,.F.);
#11677 = EDGE_LOOP('',(#11678,#11679,#11688,#11695,#11696,#11697));
#11678 = ORIENTED_EDGE('',*,*,#9114,.F.);
#11679 = ORIENTED_EDGE('',*,*,#11680,.F.);
#11680 = EDGE_CURVE('',#11681,#9115,#11683,.T.);
#11681 = VERTEX_POINT('',#11682);
#11682 = CARTESIAN_POINT('',(3.81,-0.375223643423,3.18));
#11683 = CIRCLE('',#11684,0.75);
#11684 = AXIS2_PLACEMENT_3D('',#11685,#11686,#11687);
#11685 = CARTESIAN_POINT('',(3.81,0.374776356577,3.18));
#11686 = DIRECTION('',(0.,-0.,-1.));
#11687 = DIRECTION('',(4.440892098501E-16,-1.,0.));
#11688 = ORIENTED_EDGE('',*,*,#11689,.F.);
#11689 = EDGE_CURVE('',#9221,#11681,#11690,.T.);
#11690 = CIRCLE('',#11691,0.75);
#11691 = AXIS2_PLACEMENT_3D('',#11692,#11693,#11694);
#11692 = CARTESIAN_POINT('',(3.81,0.374776356577,3.18));
#11693 = DIRECTION('',(0.,-0.,-1.));
#11694 = DIRECTION('',(4.440892098501E-16,-1.,0.));
#11695 = ORIENTED_EDGE('',*,*,#9326,.T.);
#11696 = ORIENTED_EDGE('',*,*,#11091,.T.);
#11697 = ORIENTED_EDGE('',*,*,#11082,.T.);
#11698 = CYLINDRICAL_SURFACE('',#11699,0.75);
#11699 = AXIS2_PLACEMENT_3D('',#11700,#11701,#11702);
#11700 = CARTESIAN_POINT('',(3.81,0.374776356577,3.68));
#11701 = DIRECTION('',(-0.,0.,-1.));
#11702 = DIRECTION('',(4.440892098501E-16,-1.,-0.));
#11703 = ADVANCED_FACE('',(#11704),#11709,.F.);
#11704 = FACE_BOUND('',#11705,.F.);
#11705 = EDGE_LOOP('',(#11706,#11707,#11708));
#11706 = ORIENTED_EDGE('',*,*,#11689,.T.);
#11707 = ORIENTED_EDGE('',*,*,#11680,.T.);
#11708 = ORIENTED_EDGE('',*,*,#9220,.T.);
#11709 = PLANE('',#11710);
#11710 = AXIS2_PLACEMENT_3D('',#11711,#11712,#11713);
#11711 = CARTESIAN_POINT('',(3.81,0.374776356577,3.18));
#11712 = DIRECTION('',(-0.,0.,-1.));
#11713 = DIRECTION('',(4.440892098501E-16,-1.,-0.));
#11714 = ADVANCED_FACE('',(#11715),#11726,.T.);
#11715 = FACE_BOUND('',#11716,.T.);
#11716 = EDGE_LOOP('',(#11717,#11718,#11719,#11725));
#11717 = ORIENTED_EDGE('',*,*,#9595,.T.);
#11718 = ORIENTED_EDGE('',*,*,#9571,.T.);
#11719 = ORIENTED_EDGE('',*,*,#11720,.F.);
#11720 = EDGE_CURVE('',#9642,#9564,#11721,.T.);
#11721 = LINE('',#11722,#11723);
#11722 = CARTESIAN_POINT('',(-0.127,-0.11425,-3.3));
#11723 = VECTOR('',#11724,1.);
#11724 = DIRECTION('',(1.,4.440892098501E-16,0.));
#11725 = ORIENTED_EDGE('',*,*,#9649,.F.);
#11726 = PLANE('',#11727);
#11727 = AXIS2_PLACEMENT_3D('',#11728,#11729,#11730);
#11728 = CARTESIAN_POINT('',(-0.127,0.11425,-3.3));
#11729 = DIRECTION('',(0.,0.,-1.));
#11730 = DIRECTION('',(4.440892098501E-16,-1.,0.));
#11731 = ADVANCED_FACE('',(#11732),#11743,.T.);
#11732 = FACE_BOUND('',#11733,.T.);
#11733 = EDGE_LOOP('',(#11734,#11735,#11736,#11742));
#11734 = ORIENTED_EDGE('',*,*,#11720,.T.);
#11735 = ORIENTED_EDGE('',*,*,#9563,.T.);
#11736 = ORIENTED_EDGE('',*,*,#11737,.F.);
#11737 = EDGE_CURVE('',#9634,#9556,#11738,.T.);
#11738 = LINE('',#11739,#11740);
#11739 = CARTESIAN_POINT('',(-0.127,-0.2285,-2.843));
#11740 = VECTOR('',#11741,1.);
#11741 = DIRECTION('',(1.,4.440892098501E-16,0.));
#11742 = ORIENTED_EDGE('',*,*,#9641,.F.);
#11743 = PLANE('',#11744);
#11744 = AXIS2_PLACEMENT_3D('',#11745,#11746,#11747);
#11745 = CARTESIAN_POINT('',(-0.127,-0.11425,-3.3));
#11746 = DIRECTION('',(4.308298163317E-16,-0.970142500145,
    -0.242535625036));
#11747 = DIRECTION('',(1.077074540829E-16,-0.242535625036,0.970142500145
    ));
#11748 = ADVANCED_FACE('',(#11749),#11755,.T.);
#11749 = FACE_BOUND('',#11750,.T.);
#11750 = EDGE_LOOP('',(#11751,#11752,#11753,#11754));
#11751 = ORIENTED_EDGE('',*,*,#11737,.T.);
#11752 = ORIENTED_EDGE('',*,*,#9555,.T.);
#11753 = ORIENTED_EDGE('',*,*,#9827,.F.);
#11754 = ORIENTED_EDGE('',*,*,#9633,.F.);
#11755 = PLANE('',#11756);
#11756 = AXIS2_PLACEMENT_3D('',#11757,#11758,#11759);
#11757 = CARTESIAN_POINT('',(-0.127,-0.2285,-2.843));
#11758 = DIRECTION('',(4.440892098501E-16,-1.,-6.248177416111E-16));
#11759 = DIRECTION('',(2.774748171724E-31,-6.248177416111E-16,1.));
#11760 = ADVANCED_FACE('',(#11761),#11772,.F.);
#11761 = FACE_BOUND('',#11762,.F.);
#11762 = EDGE_LOOP('',(#11763,#11764,#11765,#11771));
#11763 = ORIENTED_EDGE('',*,*,#9739,.T.);
#11764 = ORIENTED_EDGE('',*,*,#9781,.T.);
#11765 = ORIENTED_EDGE('',*,*,#11766,.F.);
#11766 = EDGE_CURVE('',#9701,#9774,#11767,.T.);
#11767 = LINE('',#11768,#11769);
#11768 = CARTESIAN_POINT('',(-0.127,-17.66575,-3.3));
#11769 = VECTOR('',#11770,1.);
#11770 = DIRECTION('',(1.,4.440892098501E-16,0.));
#11771 = ORIENTED_EDGE('',*,*,#9708,.F.);
#11772 = PLANE('',#11773);
#11773 = AXIS2_PLACEMENT_3D('',#11774,#11775,#11776);
#11774 = CARTESIAN_POINT('',(-0.127,-17.89425,-3.3));
#11775 = DIRECTION('',(0.,0.,1.));
#11776 = DIRECTION('',(-4.440892098501E-16,1.,0.));
#11777 = ADVANCED_FACE('',(#11778),#11789,.F.);
#11778 = FACE_BOUND('',#11779,.F.);
#11779 = EDGE_LOOP('',(#11780,#11781,#11782,#11788));
#11780 = ORIENTED_EDGE('',*,*,#11766,.T.);
#11781 = ORIENTED_EDGE('',*,*,#9773,.T.);
#11782 = ORIENTED_EDGE('',*,*,#11783,.F.);
#11783 = EDGE_CURVE('',#9693,#9766,#11784,.T.);
#11784 = LINE('',#11785,#11786);
#11785 = CARTESIAN_POINT('',(-0.127,-17.5515,-2.843));
#11786 = VECTOR('',#11787,1.);
#11787 = DIRECTION('',(1.,4.440892098501E-16,0.));
#11788 = ORIENTED_EDGE('',*,*,#9700,.F.);
#11789 = PLANE('',#11790);
#11790 = AXIS2_PLACEMENT_3D('',#11791,#11792,#11793);
#11791 = CARTESIAN_POINT('',(-0.127,-17.66575,-3.3));
#11792 = DIRECTION('',(4.308298163317E-16,-0.970142500145,0.242535625036
    ));
#11793 = DIRECTION('',(-1.077074540829E-16,0.242535625036,0.970142500145
    ));
#11794 = ADVANCED_FACE('',(#11795),#11801,.F.);
#11795 = FACE_BOUND('',#11796,.F.);
#11796 = EDGE_LOOP('',(#11797,#11798,#11799,#11800));
#11797 = ORIENTED_EDGE('',*,*,#11783,.T.);
#11798 = ORIENTED_EDGE('',*,*,#9765,.T.);
#11799 = ORIENTED_EDGE('',*,*,#9844,.F.);
#11800 = ORIENTED_EDGE('',*,*,#9692,.F.);
#11801 = PLANE('',#11802);
#11802 = AXIS2_PLACEMENT_3D('',#11803,#11804,#11805);
#11803 = CARTESIAN_POINT('',(-0.127,-17.5515,-2.843));
#11804 = DIRECTION('',(4.440892098501E-16,-1.,6.248177416111E-16));
#11805 = DIRECTION('',(-2.774748171724E-31,6.248177416111E-16,1.));
#11806 = ADVANCED_FACE('',(#11807),#11818,.T.);
#11807 = FACE_BOUND('',#11808,.T.);
#11808 = EDGE_LOOP('',(#11809,#11810,#11811,#11817));
#11809 = ORIENTED_EDGE('',*,*,#9971,.T.);
#11810 = ORIENTED_EDGE('',*,*,#10029,.T.);
#11811 = ORIENTED_EDGE('',*,*,#11812,.F.);
#11812 = EDGE_CURVE('',#9933,#10022,#11813,.T.);
#11813 = LINE('',#11814,#11815);
#11814 = CARTESIAN_POINT('',(-0.127,-2.3115,-2.843));
#11815 = VECTOR('',#11816,1.);
#11816 = DIRECTION('',(1.,4.440892098501E-16,0.));
#11817 = ORIENTED_EDGE('',*,*,#9940,.F.);
#11818 = PLANE('',#11819);
#11819 = AXIS2_PLACEMENT_3D('',#11820,#11821,#11822);
#11820 = CARTESIAN_POINT('',(-0.127,-2.3115,0.));
#11821 = DIRECTION('',(-4.440892098501E-16,1.,-3.124088708055E-16));
#11822 = DIRECTION('',(1.387374085862E-31,-3.124088708055E-16,-1.));
#11823 = ADVANCED_FACE('',(#11824),#11835,.T.);
#11824 = FACE_BOUND('',#11825,.T.);
#11825 = EDGE_LOOP('',(#11826,#11827,#11828,#11834));
#11826 = ORIENTED_EDGE('',*,*,#11812,.T.);
#11827 = ORIENTED_EDGE('',*,*,#10021,.T.);
#11828 = ORIENTED_EDGE('',*,*,#11829,.F.);
#11829 = EDGE_CURVE('',#9925,#10014,#11830,.T.);
#11830 = LINE('',#11831,#11832);
#11831 = CARTESIAN_POINT('',(-0.127,-2.42575,-3.3));
#11832 = VECTOR('',#11833,1.);
#11833 = DIRECTION('',(1.,4.440892098501E-16,0.));
#11834 = ORIENTED_EDGE('',*,*,#9932,.F.);
#11835 = PLANE('',#11836);
#11836 = AXIS2_PLACEMENT_3D('',#11837,#11838,#11839);
#11837 = CARTESIAN_POINT('',(-0.127,-2.3115,-2.843));
#11838 = DIRECTION('',(-4.308298163317E-16,0.970142500145,
    -0.242535625036));
#11839 = DIRECTION('',(1.077074540829E-16,-0.242535625036,
    -0.970142500145));
#11840 = ADVANCED_FACE('',(#11841),#11852,.T.);
#11841 = FACE_BOUND('',#11842,.T.);
#11842 = EDGE_LOOP('',(#11843,#11849,#11850,#11851));
#11843 = ORIENTED_EDGE('',*,*,#11844,.T.);
#11844 = EDGE_CURVE('',#9909,#9998,#11845,.T.);
#11845 = LINE('',#11846,#11847);
#11846 = CARTESIAN_POINT('',(-0.127,-2.7685,-2.843));
#11847 = VECTOR('',#11848,1.);
#11848 = DIRECTION('',(1.,4.440892098501E-16,0.));
#11849 = ORIENTED_EDGE('',*,*,#9997,.T.);
#11850 = ORIENTED_EDGE('',*,*,#10227,.F.);
#11851 = ORIENTED_EDGE('',*,*,#9908,.F.);
#11852 = PLANE('',#11853);
#11853 = AXIS2_PLACEMENT_3D('',#11854,#11855,#11856);
#11854 = CARTESIAN_POINT('',(-0.127,-2.7685,-2.843));
#11855 = DIRECTION('',(4.440892098501E-16,-1.,-3.124088708055E-16));
#11856 = DIRECTION('',(1.387374085862E-31,-3.124088708055E-16,1.));
#11857 = ADVANCED_FACE('',(#11858),#11869,.T.);
#11858 = FACE_BOUND('',#11859,.T.);
#11859 = EDGE_LOOP('',(#11860,#11861,#11862,#11868));
#11860 = ORIENTED_EDGE('',*,*,#11829,.T.);
#11861 = ORIENTED_EDGE('',*,*,#10013,.T.);
#11862 = ORIENTED_EDGE('',*,*,#11863,.F.);
#11863 = EDGE_CURVE('',#9917,#10006,#11864,.T.);
#11864 = LINE('',#11865,#11866);
#11865 = CARTESIAN_POINT('',(-0.127,-2.65425,-3.3));
#11866 = VECTOR('',#11867,1.);
#11867 = DIRECTION('',(1.,4.440892098501E-16,0.));
#11868 = ORIENTED_EDGE('',*,*,#9924,.F.);
#11869 = PLANE('',#11870);
#11870 = AXIS2_PLACEMENT_3D('',#11871,#11872,#11873);
#11871 = CARTESIAN_POINT('',(-0.127,-2.42575,-3.3));
#11872 = DIRECTION('',(0.,0.,-1.));
#11873 = DIRECTION('',(4.440892098501E-16,-1.,0.));
#11874 = ADVANCED_FACE('',(#11875),#11881,.T.);
#11875 = FACE_BOUND('',#11876,.T.);
#11876 = EDGE_LOOP('',(#11877,#11878,#11879,#11880));
#11877 = ORIENTED_EDGE('',*,*,#11863,.T.);
#11878 = ORIENTED_EDGE('',*,*,#10005,.T.);
#11879 = ORIENTED_EDGE('',*,*,#11844,.F.);
#11880 = ORIENTED_EDGE('',*,*,#9916,.F.);
#11881 = PLANE('',#11882);
#11882 = AXIS2_PLACEMENT_3D('',#11883,#11884,#11885);
#11883 = CARTESIAN_POINT('',(-0.127,-2.65425,-3.3));
#11884 = DIRECTION('',(4.308298163317E-16,-0.970142500145,
    -0.242535625036));
#11885 = DIRECTION('',(1.077074540829E-16,-0.242535625036,0.970142500145
    ));
#11886 = ADVANCED_FACE('',(#11887),#11898,.T.);
#11887 = FACE_BOUND('',#11888,.T.);
#11888 = EDGE_LOOP('',(#11889,#11890,#11891,#11897));
#11889 = ORIENTED_EDGE('',*,*,#10246,.T.);
#11890 = ORIENTED_EDGE('',*,*,#10191,.T.);
#11891 = ORIENTED_EDGE('',*,*,#11892,.F.);
#11892 = EDGE_CURVE('',#10102,#10184,#11893,.T.);
#11893 = LINE('',#11894,#11895);
#11894 = CARTESIAN_POINT('',(-0.127,-15.0115,-2.843));
#11895 = VECTOR('',#11896,1.);
#11896 = DIRECTION('',(1.,4.440892098501E-16,0.));
#11897 = ORIENTED_EDGE('',*,*,#10109,.F.);
#11898 = PLANE('',#11899);
#11899 = AXIS2_PLACEMENT_3D('',#11900,#11901,#11902);
#11900 = CARTESIAN_POINT('',(-0.127,-15.0115,0.));
#11901 = DIRECTION('',(-4.440892098501E-16,1.,-3.124088708055E-16));
#11902 = DIRECTION('',(1.387374085862E-31,-3.124088708055E-16,-1.));
#11903 = ADVANCED_FACE('',(#11904),#11915,.T.);
#11904 = FACE_BOUND('',#11905,.T.);
#11905 = EDGE_LOOP('',(#11906,#11907,#11908,#11914));
#11906 = ORIENTED_EDGE('',*,*,#11892,.T.);
#11907 = ORIENTED_EDGE('',*,*,#10183,.T.);
#11908 = ORIENTED_EDGE('',*,*,#11909,.F.);
#11909 = EDGE_CURVE('',#10094,#10176,#11910,.T.);
#11910 = LINE('',#11911,#11912);
#11911 = CARTESIAN_POINT('',(-0.127,-15.12575,-3.3));
#11912 = VECTOR('',#11913,1.);
#11913 = DIRECTION('',(1.,4.440892098501E-16,0.));
#11914 = ORIENTED_EDGE('',*,*,#10101,.F.);
#11915 = PLANE('',#11916);
#11916 = AXIS2_PLACEMENT_3D('',#11917,#11918,#11919);
#11917 = CARTESIAN_POINT('',(-0.127,-15.0115,-2.843));
#11918 = DIRECTION('',(-4.308298163317E-16,0.970142500145,
    -0.242535625036));
#11919 = DIRECTION('',(1.077074540829E-16,-0.242535625036,
    -0.970142500145));
#11920 = ADVANCED_FACE('',(#11921),#11932,.T.);
#11921 = FACE_BOUND('',#11922,.T.);
#11922 = EDGE_LOOP('',(#11923,#11929,#11930,#11931));
#11923 = ORIENTED_EDGE('',*,*,#11924,.T.);
#11924 = EDGE_CURVE('',#10078,#10160,#11925,.T.);
#11925 = LINE('',#11926,#11927);
#11926 = CARTESIAN_POINT('',(-0.127,-15.4685,-2.843));
#11927 = VECTOR('',#11928,1.);
#11928 = DIRECTION('',(1.,4.440892098501E-16,0.));
#11929 = ORIENTED_EDGE('',*,*,#10159,.T.);
#11930 = ORIENTED_EDGE('',*,*,#10131,.F.);
#11931 = ORIENTED_EDGE('',*,*,#10077,.F.);
#11932 = PLANE('',#11933);
#11933 = AXIS2_PLACEMENT_3D('',#11934,#11935,#11936);
#11934 = CARTESIAN_POINT('',(-0.127,-15.4685,-2.843));
#11935 = DIRECTION('',(4.440892098501E-16,-1.,-3.124088708055E-16));
#11936 = DIRECTION('',(1.387374085862E-31,-3.124088708055E-16,1.));
#11937 = ADVANCED_FACE('',(#11938),#11949,.T.);
#11938 = FACE_BOUND('',#11939,.T.);
#11939 = EDGE_LOOP('',(#11940,#11941,#11942,#11948));
#11940 = ORIENTED_EDGE('',*,*,#11909,.T.);
#11941 = ORIENTED_EDGE('',*,*,#10175,.T.);
#11942 = ORIENTED_EDGE('',*,*,#11943,.F.);
#11943 = EDGE_CURVE('',#10086,#10168,#11944,.T.);
#11944 = LINE('',#11945,#11946);
#11945 = CARTESIAN_POINT('',(-0.127,-15.35425,-3.3));
#11946 = VECTOR('',#11947,1.);
#11947 = DIRECTION('',(1.,4.440892098501E-16,0.));
#11948 = ORIENTED_EDGE('',*,*,#10093,.F.);
#11949 = PLANE('',#11950);
#11950 = AXIS2_PLACEMENT_3D('',#11951,#11952,#11953);
#11951 = CARTESIAN_POINT('',(-0.127,-15.12575,-3.3));
#11952 = DIRECTION('',(0.,0.,-1.));
#11953 = DIRECTION('',(4.440892098501E-16,-1.,0.));
#11954 = ADVANCED_FACE('',(#11955),#11961,.T.);
#11955 = FACE_BOUND('',#11956,.T.);
#11956 = EDGE_LOOP('',(#11957,#11958,#11959,#11960));
#11957 = ORIENTED_EDGE('',*,*,#11943,.T.);
#11958 = ORIENTED_EDGE('',*,*,#10167,.T.);
#11959 = ORIENTED_EDGE('',*,*,#11924,.F.);
#11960 = ORIENTED_EDGE('',*,*,#10085,.F.);
#11961 = PLANE('',#11962);
#11962 = AXIS2_PLACEMENT_3D('',#11963,#11964,#11965);
#11963 = CARTESIAN_POINT('',(-0.127,-15.35425,-3.3));
#11964 = DIRECTION('',(4.308298163317E-16,-0.970142500145,
    -0.242535625036));
#11965 = DIRECTION('',(1.077074540829E-16,-0.242535625036,0.970142500145
    ));
#11966 = ADVANCED_FACE('',(#11967),#11978,.T.);
#11967 = FACE_BOUND('',#11968,.T.);
#11968 = EDGE_LOOP('',(#11969,#11970,#11971,#11977));
#11969 = ORIENTED_EDGE('',*,*,#10371,.T.);
#11970 = ORIENTED_EDGE('',*,*,#10429,.T.);
#11971 = ORIENTED_EDGE('',*,*,#11972,.F.);
#11972 = EDGE_CURVE('',#10333,#10422,#11973,.T.);
#11973 = LINE('',#11974,#11975);
#11974 = CARTESIAN_POINT('',(-0.127,-4.8515,-2.843));
#11975 = VECTOR('',#11976,1.);
#11976 = DIRECTION('',(1.,4.440892098501E-16,0.));
#11977 = ORIENTED_EDGE('',*,*,#10340,.F.);
#11978 = PLANE('',#11979);
#11979 = AXIS2_PLACEMENT_3D('',#11980,#11981,#11982);
#11980 = CARTESIAN_POINT('',(-0.127,-4.8515,0.));
#11981 = DIRECTION('',(-4.440892098501E-16,1.,-3.124088708055E-16));
#11982 = DIRECTION('',(1.387374085862E-31,-3.124088708055E-16,-1.));
#11983 = ADVANCED_FACE('',(#11984),#11995,.T.);
#11984 = FACE_BOUND('',#11985,.T.);
#11985 = EDGE_LOOP('',(#11986,#11987,#11988,#11994));
#11986 = ORIENTED_EDGE('',*,*,#11972,.T.);
#11987 = ORIENTED_EDGE('',*,*,#10421,.T.);
#11988 = ORIENTED_EDGE('',*,*,#11989,.F.);
#11989 = EDGE_CURVE('',#10325,#10414,#11990,.T.);
#11990 = LINE('',#11991,#11992);
#11991 = CARTESIAN_POINT('',(-0.127,-4.96575,-3.3));
#11992 = VECTOR('',#11993,1.);
#11993 = DIRECTION('',(1.,4.440892098501E-16,0.));
#11994 = ORIENTED_EDGE('',*,*,#10332,.F.);
#11995 = PLANE('',#11996);
#11996 = AXIS2_PLACEMENT_3D('',#11997,#11998,#11999);
#11997 = CARTESIAN_POINT('',(-0.127,-4.8515,-2.843));
#11998 = DIRECTION('',(-4.308298163317E-16,0.970142500145,
    -0.242535625036));
#11999 = DIRECTION('',(1.077074540829E-16,-0.242535625036,
    -0.970142500145));
#12000 = ADVANCED_FACE('',(#12001),#12012,.T.);
#12001 = FACE_BOUND('',#12002,.T.);
#12002 = EDGE_LOOP('',(#12003,#12009,#12010,#12011));
#12003 = ORIENTED_EDGE('',*,*,#12004,.T.);
#12004 = EDGE_CURVE('',#10309,#10398,#12005,.T.);
#12005 = LINE('',#12006,#12007);
#12006 = CARTESIAN_POINT('',(-0.127,-5.3085,-2.843));
#12007 = VECTOR('',#12008,1.);
#12008 = DIRECTION('',(1.,4.440892098501E-16,0.));
#12009 = ORIENTED_EDGE('',*,*,#10397,.T.);
#12010 = ORIENTED_EDGE('',*,*,#10627,.F.);
#12011 = ORIENTED_EDGE('',*,*,#10308,.F.);
#12012 = PLANE('',#12013);
#12013 = AXIS2_PLACEMENT_3D('',#12014,#12015,#12016);
#12014 = CARTESIAN_POINT('',(-0.127,-5.3085,-2.843));
#12015 = DIRECTION('',(4.440892098501E-16,-1.,-3.124088708055E-16));
#12016 = DIRECTION('',(1.387374085862E-31,-3.124088708055E-16,1.));
#12017 = ADVANCED_FACE('',(#12018),#12029,.T.);
#12018 = FACE_BOUND('',#12019,.T.);
#12019 = EDGE_LOOP('',(#12020,#12021,#12022,#12028));
#12020 = ORIENTED_EDGE('',*,*,#11989,.T.);
#12021 = ORIENTED_EDGE('',*,*,#10413,.T.);
#12022 = ORIENTED_EDGE('',*,*,#12023,.F.);
#12023 = EDGE_CURVE('',#10317,#10406,#12024,.T.);
#12024 = LINE('',#12025,#12026);
#12025 = CARTESIAN_POINT('',(-0.127,-5.19425,-3.3));
#12026 = VECTOR('',#12027,1.);
#12027 = DIRECTION('',(1.,4.440892098501E-16,0.));
#12028 = ORIENTED_EDGE('',*,*,#10324,.F.);
#12029 = PLANE('',#12030);
#12030 = AXIS2_PLACEMENT_3D('',#12031,#12032,#12033);
#12031 = CARTESIAN_POINT('',(-0.127,-4.96575,-3.3));
#12032 = DIRECTION('',(0.,0.,-1.));
#12033 = DIRECTION('',(4.440892098501E-16,-1.,0.));
#12034 = ADVANCED_FACE('',(#12035),#12041,.T.);
#12035 = FACE_BOUND('',#12036,.T.);
#12036 = EDGE_LOOP('',(#12037,#12038,#12039,#12040));
#12037 = ORIENTED_EDGE('',*,*,#12023,.T.);
#12038 = ORIENTED_EDGE('',*,*,#10405,.T.);
#12039 = ORIENTED_EDGE('',*,*,#12004,.F.);
#12040 = ORIENTED_EDGE('',*,*,#10316,.F.);
#12041 = PLANE('',#12042);
#12042 = AXIS2_PLACEMENT_3D('',#12043,#12044,#12045);
#12043 = CARTESIAN_POINT('',(-0.127,-5.19425,-3.3));
#12044 = DIRECTION('',(4.308298163317E-16,-0.970142500145,
    -0.242535625036));
#12045 = DIRECTION('',(1.077074540829E-16,-0.242535625036,0.970142500145
    ));
#12046 = ADVANCED_FACE('',(#12047),#12058,.T.);
#12047 = FACE_BOUND('',#12048,.T.);
#12048 = EDGE_LOOP('',(#12049,#12050,#12051,#12057));
#12049 = ORIENTED_EDGE('',*,*,#10646,.T.);
#12050 = ORIENTED_EDGE('',*,*,#10591,.T.);
#12051 = ORIENTED_EDGE('',*,*,#12052,.F.);
#12052 = EDGE_CURVE('',#10502,#10584,#12053,.T.);
#12053 = LINE('',#12054,#12055);
#12054 = CARTESIAN_POINT('',(-0.127,-12.4715,-2.843));
#12055 = VECTOR('',#12056,1.);
#12056 = DIRECTION('',(1.,4.440892098501E-16,0.));
#12057 = ORIENTED_EDGE('',*,*,#10509,.F.);
#12058 = PLANE('',#12059);
#12059 = AXIS2_PLACEMENT_3D('',#12060,#12061,#12062);
#12060 = CARTESIAN_POINT('',(-0.127,-12.4715,0.));
#12061 = DIRECTION('',(-4.440892098501E-16,1.,-3.124088708055E-16));
#12062 = DIRECTION('',(1.387374085862E-31,-3.124088708055E-16,-1.));
#12063 = ADVANCED_FACE('',(#12064),#12075,.T.);
#12064 = FACE_BOUND('',#12065,.T.);
#12065 = EDGE_LOOP('',(#12066,#12067,#12068,#12074));
#12066 = ORIENTED_EDGE('',*,*,#12052,.T.);
#12067 = ORIENTED_EDGE('',*,*,#10583,.T.);
#12068 = ORIENTED_EDGE('',*,*,#12069,.F.);
#12069 = EDGE_CURVE('',#10494,#10576,#12070,.T.);
#12070 = LINE('',#12071,#12072);
#12071 = CARTESIAN_POINT('',(-0.127,-12.58575,-3.3));
#12072 = VECTOR('',#12073,1.);
#12073 = DIRECTION('',(1.,4.440892098501E-16,0.));
#12074 = ORIENTED_EDGE('',*,*,#10501,.F.);
#12075 = PLANE('',#12076);
#12076 = AXIS2_PLACEMENT_3D('',#12077,#12078,#12079);
#12077 = CARTESIAN_POINT('',(-0.127,-12.4715,-2.843));
#12078 = DIRECTION('',(-4.308298163317E-16,0.970142500145,
    -0.242535625036));
#12079 = DIRECTION('',(1.077074540829E-16,-0.242535625036,
    -0.970142500145));
#12080 = ADVANCED_FACE('',(#12081),#12092,.T.);
#12081 = FACE_BOUND('',#12082,.T.);
#12082 = EDGE_LOOP('',(#12083,#12089,#12090,#12091));
#12083 = ORIENTED_EDGE('',*,*,#12084,.T.);
#12084 = EDGE_CURVE('',#10478,#10560,#12085,.T.);
#12085 = LINE('',#12086,#12087);
#12086 = CARTESIAN_POINT('',(-0.127,-12.9285,-2.843));
#12087 = VECTOR('',#12088,1.);
#12088 = DIRECTION('',(1.,4.440892098501E-16,0.));
#12089 = ORIENTED_EDGE('',*,*,#10559,.T.);
#12090 = ORIENTED_EDGE('',*,*,#10531,.F.);
#12091 = ORIENTED_EDGE('',*,*,#10477,.F.);
#12092 = PLANE('',#12093);
#12093 = AXIS2_PLACEMENT_3D('',#12094,#12095,#12096);
#12094 = CARTESIAN_POINT('',(-0.127,-12.9285,-2.843));
#12095 = DIRECTION('',(4.440892098501E-16,-1.,-3.124088708055E-16));
#12096 = DIRECTION('',(1.387374085862E-31,-3.124088708055E-16,1.));
#12097 = ADVANCED_FACE('',(#12098),#12109,.T.);
#12098 = FACE_BOUND('',#12099,.T.);
#12099 = EDGE_LOOP('',(#12100,#12101,#12102,#12108));
#12100 = ORIENTED_EDGE('',*,*,#12069,.T.);
#12101 = ORIENTED_EDGE('',*,*,#10575,.T.);
#12102 = ORIENTED_EDGE('',*,*,#12103,.F.);
#12103 = EDGE_CURVE('',#10486,#10568,#12104,.T.);
#12104 = LINE('',#12105,#12106);
#12105 = CARTESIAN_POINT('',(-0.127,-12.81425,-3.3));
#12106 = VECTOR('',#12107,1.);
#12107 = DIRECTION('',(1.,4.440892098501E-16,0.));
#12108 = ORIENTED_EDGE('',*,*,#10493,.F.);
#12109 = PLANE('',#12110);
#12110 = AXIS2_PLACEMENT_3D('',#12111,#12112,#12113);
#12111 = CARTESIAN_POINT('',(-0.127,-12.58575,-3.3));
#12112 = DIRECTION('',(0.,0.,-1.));
#12113 = DIRECTION('',(4.440892098501E-16,-1.,0.));
#12114 = ADVANCED_FACE('',(#12115),#12121,.T.);
#12115 = FACE_BOUND('',#12116,.T.);
#12116 = EDGE_LOOP('',(#12117,#12118,#12119,#12120));
#12117 = ORIENTED_EDGE('',*,*,#12103,.T.);
#12118 = ORIENTED_EDGE('',*,*,#10567,.T.);
#12119 = ORIENTED_EDGE('',*,*,#12084,.F.);
#12120 = ORIENTED_EDGE('',*,*,#10485,.F.);
#12121 = PLANE('',#12122);
#12122 = AXIS2_PLACEMENT_3D('',#12123,#12124,#12125);
#12123 = CARTESIAN_POINT('',(-0.127,-12.81425,-3.3));
#12124 = DIRECTION('',(4.308298163317E-16,-0.970142500145,
    -0.242535625036));
#12125 = DIRECTION('',(1.077074540829E-16,-0.242535625036,0.970142500145
    ));
#12126 = ADVANCED_FACE('',(#12127),#12138,.T.);
#12127 = FACE_BOUND('',#12128,.T.);
#12128 = EDGE_LOOP('',(#12129,#12130,#12131,#12137));
#12129 = ORIENTED_EDGE('',*,*,#10771,.T.);
#12130 = ORIENTED_EDGE('',*,*,#10829,.T.);
#12131 = ORIENTED_EDGE('',*,*,#12132,.F.);
#12132 = EDGE_CURVE('',#10733,#10822,#12133,.T.);
#12133 = LINE('',#12134,#12135);
#12134 = CARTESIAN_POINT('',(-0.127,-7.3915,-2.843));
#12135 = VECTOR('',#12136,1.);
#12136 = DIRECTION('',(1.,4.440892098501E-16,0.));
#12137 = ORIENTED_EDGE('',*,*,#10740,.F.);
#12138 = PLANE('',#12139);
#12139 = AXIS2_PLACEMENT_3D('',#12140,#12141,#12142);
#12140 = CARTESIAN_POINT('',(-0.127,-7.3915,0.));
#12141 = DIRECTION('',(-4.440892098501E-16,1.,-3.124088708055E-16));
#12142 = DIRECTION('',(1.387374085862E-31,-3.124088708055E-16,-1.));
#12143 = ADVANCED_FACE('',(#12144),#12155,.T.);
#12144 = FACE_BOUND('',#12145,.T.);
#12145 = EDGE_LOOP('',(#12146,#12147,#12148,#12154));
#12146 = ORIENTED_EDGE('',*,*,#12132,.T.);
#12147 = ORIENTED_EDGE('',*,*,#10821,.T.);
#12148 = ORIENTED_EDGE('',*,*,#12149,.F.);
#12149 = EDGE_CURVE('',#10725,#10814,#12150,.T.);
#12150 = LINE('',#12151,#12152);
#12151 = CARTESIAN_POINT('',(-0.127,-7.50575,-3.3));
#12152 = VECTOR('',#12153,1.);
#12153 = DIRECTION('',(1.,4.440892098501E-16,0.));
#12154 = ORIENTED_EDGE('',*,*,#10732,.F.);
#12155 = PLANE('',#12156);
#12156 = AXIS2_PLACEMENT_3D('',#12157,#12158,#12159);
#12157 = CARTESIAN_POINT('',(-0.127,-7.3915,-2.843));
#12158 = DIRECTION('',(-4.308298163317E-16,0.970142500145,
    -0.242535625036));
#12159 = DIRECTION('',(1.077074540829E-16,-0.242535625036,
    -0.970142500145));
#12160 = ADVANCED_FACE('',(#12161),#12172,.T.);
#12161 = FACE_BOUND('',#12162,.T.);
#12162 = EDGE_LOOP('',(#12163,#12169,#12170,#12171));
#12163 = ORIENTED_EDGE('',*,*,#12164,.T.);
#12164 = EDGE_CURVE('',#10709,#10798,#12165,.T.);
#12165 = LINE('',#12166,#12167);
#12166 = CARTESIAN_POINT('',(-0.127,-7.8485,-2.843));
#12167 = VECTOR('',#12168,1.);
#12168 = DIRECTION('',(1.,4.440892098501E-16,0.));
#12169 = ORIENTED_EDGE('',*,*,#10797,.T.);
#12170 = ORIENTED_EDGE('',*,*,#11027,.F.);
#12171 = ORIENTED_EDGE('',*,*,#10708,.F.);
#12172 = PLANE('',#12173);
#12173 = AXIS2_PLACEMENT_3D('',#12174,#12175,#12176);
#12174 = CARTESIAN_POINT('',(-0.127,-7.8485,-2.843));
#12175 = DIRECTION('',(4.440892098501E-16,-1.,-3.124088708055E-16));
#12176 = DIRECTION('',(1.387374085862E-31,-3.124088708055E-16,1.));
#12177 = ADVANCED_FACE('',(#12178),#12189,.T.);
#12178 = FACE_BOUND('',#12179,.T.);
#12179 = EDGE_LOOP('',(#12180,#12181,#12182,#12188));
#12180 = ORIENTED_EDGE('',*,*,#12149,.T.);
#12181 = ORIENTED_EDGE('',*,*,#10813,.T.);
#12182 = ORIENTED_EDGE('',*,*,#12183,.F.);
#12183 = EDGE_CURVE('',#10717,#10806,#12184,.T.);
#12184 = LINE('',#12185,#12186);
#12185 = CARTESIAN_POINT('',(-0.127,-7.73425,-3.3));
#12186 = VECTOR('',#12187,1.);
#12187 = DIRECTION('',(1.,4.440892098501E-16,0.));
#12188 = ORIENTED_EDGE('',*,*,#10724,.F.);
#12189 = PLANE('',#12190);
#12190 = AXIS2_PLACEMENT_3D('',#12191,#12192,#12193);
#12191 = CARTESIAN_POINT('',(-0.127,-7.50575,-3.3));
#12192 = DIRECTION('',(0.,0.,-1.));
#12193 = DIRECTION('',(4.440892098501E-16,-1.,0.));
#12194 = ADVANCED_FACE('',(#12195),#12201,.T.);
#12195 = FACE_BOUND('',#12196,.T.);
#12196 = EDGE_LOOP('',(#12197,#12198,#12199,#12200));
#12197 = ORIENTED_EDGE('',*,*,#12183,.T.);
#12198 = ORIENTED_EDGE('',*,*,#10805,.T.);
#12199 = ORIENTED_EDGE('',*,*,#12164,.F.);
#12200 = ORIENTED_EDGE('',*,*,#10716,.F.);
#12201 = PLANE('',#12202);
#12202 = AXIS2_PLACEMENT_3D('',#12203,#12204,#12205);
#12203 = CARTESIAN_POINT('',(-0.127,-7.73425,-3.3));
#12204 = DIRECTION('',(4.308298163317E-16,-0.970142500145,
    -0.242535625036));
#12205 = DIRECTION('',(1.077074540829E-16,-0.242535625036,0.970142500145
    ));
#12206 = ADVANCED_FACE('',(#12207),#12218,.T.);
#12207 = FACE_BOUND('',#12208,.T.);
#12208 = EDGE_LOOP('',(#12209,#12210,#12211,#12217));
#12209 = ORIENTED_EDGE('',*,*,#11046,.T.);
#12210 = ORIENTED_EDGE('',*,*,#10991,.T.);
#12211 = ORIENTED_EDGE('',*,*,#12212,.F.);
#12212 = EDGE_CURVE('',#10902,#10984,#12213,.T.);
#12213 = LINE('',#12214,#12215);
#12214 = CARTESIAN_POINT('',(-0.127,-9.9315,-2.843));
#12215 = VECTOR('',#12216,1.);
#12216 = DIRECTION('',(1.,4.440892098501E-16,0.));
#12217 = ORIENTED_EDGE('',*,*,#10909,.F.);
#12218 = PLANE('',#12219);
#12219 = AXIS2_PLACEMENT_3D('',#12220,#12221,#12222);
#12220 = CARTESIAN_POINT('',(-0.127,-9.9315,0.));
#12221 = DIRECTION('',(-4.440892098501E-16,1.,-3.124088708055E-16));
#12222 = DIRECTION('',(1.387374085862E-31,-3.124088708055E-16,-1.));
#12223 = ADVANCED_FACE('',(#12224),#12235,.T.);
#12224 = FACE_BOUND('',#12225,.T.);
#12225 = EDGE_LOOP('',(#12226,#12227,#12228,#12234));
#12226 = ORIENTED_EDGE('',*,*,#12212,.T.);
#12227 = ORIENTED_EDGE('',*,*,#10983,.T.);
#12228 = ORIENTED_EDGE('',*,*,#12229,.F.);
#12229 = EDGE_CURVE('',#10894,#10976,#12230,.T.);
#12230 = LINE('',#12231,#12232);
#12231 = CARTESIAN_POINT('',(-0.127,-10.04575,-3.3));
#12232 = VECTOR('',#12233,1.);
#12233 = DIRECTION('',(1.,4.440892098501E-16,0.));
#12234 = ORIENTED_EDGE('',*,*,#10901,.F.);
#12235 = PLANE('',#12236);
#12236 = AXIS2_PLACEMENT_3D('',#12237,#12238,#12239);
#12237 = CARTESIAN_POINT('',(-0.127,-9.9315,-2.843));
#12238 = DIRECTION('',(-4.308298163317E-16,0.970142500145,
    -0.242535625036));
#12239 = DIRECTION('',(1.077074540829E-16,-0.242535625036,
    -0.970142500145));
#12240 = ADVANCED_FACE('',(#12241),#12252,.T.);
#12241 = FACE_BOUND('',#12242,.T.);
#12242 = EDGE_LOOP('',(#12243,#12249,#12250,#12251));
#12243 = ORIENTED_EDGE('',*,*,#12244,.T.);
#12244 = EDGE_CURVE('',#10878,#10960,#12245,.T.);
#12245 = LINE('',#12246,#12247);
#12246 = CARTESIAN_POINT('',(-0.127,-10.3885,-2.843));
#12247 = VECTOR('',#12248,1.);
#12248 = DIRECTION('',(1.,4.440892098501E-16,0.));
#12249 = ORIENTED_EDGE('',*,*,#10959,.T.);
#12250 = ORIENTED_EDGE('',*,*,#10931,.F.);
#12251 = ORIENTED_EDGE('',*,*,#10877,.F.);
#12252 = PLANE('',#12253);
#12253 = AXIS2_PLACEMENT_3D('',#12254,#12255,#12256);
#12254 = CARTESIAN_POINT('',(-0.127,-10.3885,-2.843));
#12255 = DIRECTION('',(4.440892098501E-16,-1.,-3.124088708055E-16));
#12256 = DIRECTION('',(1.387374085862E-31,-3.124088708055E-16,1.));
#12257 = ADVANCED_FACE('',(#12258),#12269,.T.);
#12258 = FACE_BOUND('',#12259,.T.);
#12259 = EDGE_LOOP('',(#12260,#12261,#12262,#12268));
#12260 = ORIENTED_EDGE('',*,*,#12229,.T.);
#12261 = ORIENTED_EDGE('',*,*,#10975,.T.);
#12262 = ORIENTED_EDGE('',*,*,#12263,.F.);
#12263 = EDGE_CURVE('',#10886,#10968,#12264,.T.);
#12264 = LINE('',#12265,#12266);
#12265 = CARTESIAN_POINT('',(-0.127,-10.27425,-3.3));
#12266 = VECTOR('',#12267,1.);
#12267 = DIRECTION('',(1.,4.440892098501E-16,0.));
#12268 = ORIENTED_EDGE('',*,*,#10893,.F.);
#12269 = PLANE('',#12270);
#12270 = AXIS2_PLACEMENT_3D('',#12271,#12272,#12273);
#12271 = CARTESIAN_POINT('',(-0.127,-10.04575,-3.3));
#12272 = DIRECTION('',(0.,0.,-1.));
#12273 = DIRECTION('',(4.440892098501E-16,-1.,0.));
#12274 = ADVANCED_FACE('',(#12275),#12281,.T.);
#12275 = FACE_BOUND('',#12276,.T.);
#12276 = EDGE_LOOP('',(#12277,#12278,#12279,#12280));
#12277 = ORIENTED_EDGE('',*,*,#12263,.T.);
#12278 = ORIENTED_EDGE('',*,*,#10967,.T.);
#12279 = ORIENTED_EDGE('',*,*,#12244,.F.);
#12280 = ORIENTED_EDGE('',*,*,#10885,.F.);
#12281 = PLANE('',#12282);
#12282 = AXIS2_PLACEMENT_3D('',#12283,#12284,#12285);
#12283 = CARTESIAN_POINT('',(-0.127,-10.27425,-3.3));
#12284 = DIRECTION('',(4.308298163317E-16,-0.970142500145,
    -0.242535625036));
#12285 = DIRECTION('',(1.077074540829E-16,-0.242535625036,0.970142500145
    ));
#12286 = ( GEOMETRIC_REPRESENTATION_CONTEXT(3) 
GLOBAL_UNCERTAINTY_ASSIGNED_CONTEXT((#12290)) 
GLOBAL_UNIT_ASSIGNED_CONTEXT((#12287,#12288,#12289)) 
REPRESENTATION_CONTEXT('Context #1',
  '3D Context with UNIT and UNCERTAINTY') );
#12287 = ( LENGTH_UNIT() NAMED_UNIT(*) SI_UNIT(.MILLI.,.METRE.) );
#12288 = ( NAMED_UNIT(*) PLANE_ANGLE_UNIT() SI_UNIT($,.RADIAN.) );
#12289 = ( NAMED_UNIT(*) SI_UNIT($,.STERADIAN.) SOLID_ANGLE_UNIT() );
#12290 = UNCERTAINTY_MEASURE_WITH_UNIT(LENGTH_MEASURE(2.E-06),#12287,
  'distance_accuracy_value','confusion accuracy');
#12291 = CONTEXT_DEPENDENT_SHAPE_REPRESENTATION(#12292,#12294);
#12292 = ( REPRESENTATION_RELATIONSHIP('','',#3281,#10) 
REPRESENTATION_RELATIONSHIP_WITH_TRANSFORMATION(#12293) 
SHAPE_REPRESENTATION_RELATIONSHIP() );
#12293 = ITEM_DEFINED_TRANSFORMATION('','',#11,#31);
#12294 = PRODUCT_DEFINITION_SHAPE('Placement','Placement of an item',
  #12295);
#12295 = NEXT_ASSEMBLY_USAGE_OCCURRENCE('5','U3','',#5,#3276,$);
#12296 = PRODUCT_RELATED_PRODUCT_CATEGORY('part',$,(#3278));
#12297 = SHAPE_DEFINITION_REPRESENTATION(#12298,#12304);
#12298 = PRODUCT_DEFINITION_SHAPE('','',#12299);
#12299 = PRODUCT_DEFINITION('design','',#12300,#12303);
#12300 = PRODUCT_DEFINITION_FORMATION('','',#12301);
#12301 = PRODUCT('514-Schematic-D_PCB','514-Schematic-D_PCB','',(#12302)
  );
#12302 = PRODUCT_CONTEXT('',#2,'mechanical');
#12303 = PRODUCT_DEFINITION_CONTEXT('part definition',#2,'design');
#12304 = ADVANCED_BREP_SHAPE_REPRESENTATION('',(#11,#12305),#13609);
#12305 = MANIFOLD_SOLID_BREP('',#12306);
#12306 = CLOSED_SHELL('',(#12307,#12349,#12380,#12411,#12749,#13087,
    #13104,#13121,#13138,#13155,#13167,#13184,#13201,#13218,#13235,
    #13252,#13269,#13286,#13303,#13320,#13337,#13354,#13371,#13388,
    #13405,#13422,#13439,#13456,#13473,#13490,#13507,#13524,#13541,
    #13558,#13575,#13592));
#12307 = ADVANCED_FACE('',(#12308),#12344,.T.);
#12308 = FACE_BOUND('',#12309,.T.);
#12309 = EDGE_LOOP('',(#12310,#12320,#12329,#12337));
#12310 = ORIENTED_EDGE('',*,*,#12311,.T.);
#12311 = EDGE_CURVE('',#12312,#12314,#12316,.T.);
#12312 = VERTEX_POINT('',#12313);
#12313 = CARTESIAN_POINT('',(217.56,-82.81,0.));
#12314 = VERTEX_POINT('',#12315);
#12315 = CARTESIAN_POINT('',(217.56,-82.81,1.51));
#12316 = LINE('',#12317,#12318);
#12317 = CARTESIAN_POINT('',(217.56,-82.81,0.));
#12318 = VECTOR('',#12319,1.);
#12319 = DIRECTION('',(0.,0.,1.));
#12320 = ORIENTED_EDGE('',*,*,#12321,.T.);
#12321 = EDGE_CURVE('',#12314,#12322,#12324,.T.);
#12322 = VERTEX_POINT('',#12323);
#12323 = CARTESIAN_POINT('',(221.56,-86.81,1.51));
#12324 = CIRCLE('',#12325,4.00000042591);
#12325 = AXIS2_PLACEMENT_3D('',#12326,#12327,#12328);
#12326 = CARTESIAN_POINT('',(217.55999957409,-86.81000042591,1.51));
#12327 = DIRECTION('',(0.,0.,-1.));
#12328 = DIRECTION('',(1.064775318894E-07,1.,0.));
#12329 = ORIENTED_EDGE('',*,*,#12330,.F.);
#12330 = EDGE_CURVE('',#12331,#12322,#12333,.T.);
#12331 = VERTEX_POINT('',#12332);
#12332 = CARTESIAN_POINT('',(221.56,-86.81,0.));
#12333 = LINE('',#12334,#12335);
#12334 = CARTESIAN_POINT('',(221.56,-86.81,0.));
#12335 = VECTOR('',#12336,1.);
#12336 = DIRECTION('',(0.,0.,1.));
#12337 = ORIENTED_EDGE('',*,*,#12338,.F.);
#12338 = EDGE_CURVE('',#12312,#12331,#12339,.T.);
#12339 = CIRCLE('',#12340,4.00000042591);
#12340 = AXIS2_PLACEMENT_3D('',#12341,#12342,#12343);
#12341 = CARTESIAN_POINT('',(217.55999957409,-86.81000042591,0.));
#12342 = DIRECTION('',(0.,0.,-1.));
#12343 = DIRECTION('',(1.064775318894E-07,1.,0.));
#12344 = CYLINDRICAL_SURFACE('',#12345,4.00000042591);
#12345 = AXIS2_PLACEMENT_3D('',#12346,#12347,#12348);
#12346 = CARTESIAN_POINT('',(217.55999957409,-86.81000042591,0.));
#12347 = DIRECTION('',(0.,0.,-1.));
#12348 = DIRECTION('',(1.064775318894E-07,1.,0.));
#12349 = ADVANCED_FACE('',(#12350),#12375,.T.);
#12350 = FACE_BOUND('',#12351,.T.);
#12351 = EDGE_LOOP('',(#12352,#12362,#12368,#12369));
#12352 = ORIENTED_EDGE('',*,*,#12353,.T.);
#12353 = EDGE_CURVE('',#12354,#12356,#12358,.T.);
#12354 = VERTEX_POINT('',#12355);
#12355 = CARTESIAN_POINT('',(164.56,-82.81,0.));
#12356 = VERTEX_POINT('',#12357);
#12357 = CARTESIAN_POINT('',(164.56,-82.81,1.51));
#12358 = LINE('',#12359,#12360);
#12359 = CARTESIAN_POINT('',(164.56,-82.81,0.));
#12360 = VECTOR('',#12361,1.);
#12361 = DIRECTION('',(0.,0.,1.));
#12362 = ORIENTED_EDGE('',*,*,#12363,.T.);
#12363 = EDGE_CURVE('',#12356,#12314,#12364,.T.);
#12364 = LINE('',#12365,#12366);
#12365 = CARTESIAN_POINT('',(164.56,-82.81,1.51));
#12366 = VECTOR('',#12367,1.);
#12367 = DIRECTION('',(1.,0.,0.));
#12368 = ORIENTED_EDGE('',*,*,#12311,.F.);
#12369 = ORIENTED_EDGE('',*,*,#12370,.F.);
#12370 = EDGE_CURVE('',#12354,#12312,#12371,.T.);
#12371 = LINE('',#12372,#12373);
#12372 = CARTESIAN_POINT('',(164.56,-82.81,0.));
#12373 = VECTOR('',#12374,1.);
#12374 = DIRECTION('',(1.,0.,0.));
#12375 = PLANE('',#12376);
#12376 = AXIS2_PLACEMENT_3D('',#12377,#12378,#12379);
#12377 = CARTESIAN_POINT('',(164.56,-82.81,0.));
#12378 = DIRECTION('',(0.,1.,0.));
#12379 = DIRECTION('',(1.,0.,0.));
#12380 = ADVANCED_FACE('',(#12381),#12406,.T.);
#12381 = FACE_BOUND('',#12382,.T.);
#12382 = EDGE_LOOP('',(#12383,#12384,#12392,#12400));
#12383 = ORIENTED_EDGE('',*,*,#12330,.T.);
#12384 = ORIENTED_EDGE('',*,*,#12385,.T.);
#12385 = EDGE_CURVE('',#12322,#12386,#12388,.T.);
#12386 = VERTEX_POINT('',#12387);
#12387 = CARTESIAN_POINT('',(221.56,-103.81,1.51));
#12388 = LINE('',#12389,#12390);
#12389 = CARTESIAN_POINT('',(221.56,-86.81,1.51));
#12390 = VECTOR('',#12391,1.);
#12391 = DIRECTION('',(0.,-1.,0.));
#12392 = ORIENTED_EDGE('',*,*,#12393,.F.);
#12393 = EDGE_CURVE('',#12394,#12386,#12396,.T.);
#12394 = VERTEX_POINT('',#12395);
#12395 = CARTESIAN_POINT('',(221.56,-103.81,0.));
#12396 = LINE('',#12397,#12398);
#12397 = CARTESIAN_POINT('',(221.56,-103.81,0.));
#12398 = VECTOR('',#12399,1.);
#12399 = DIRECTION('',(0.,0.,1.));
#12400 = ORIENTED_EDGE('',*,*,#12401,.F.);
#12401 = EDGE_CURVE('',#12331,#12394,#12402,.T.);
#12402 = LINE('',#12403,#12404);
#12403 = CARTESIAN_POINT('',(221.56,-86.81,0.));
#12404 = VECTOR('',#12405,1.);
#12405 = DIRECTION('',(0.,-1.,0.));
#12406 = PLANE('',#12407);
#12407 = AXIS2_PLACEMENT_3D('',#12408,#12409,#12410);
#12408 = CARTESIAN_POINT('',(221.56,-86.81,0.));
#12409 = DIRECTION('',(1.,0.,-0.));
#12410 = DIRECTION('',(0.,-1.,0.));
#12411 = ADVANCED_FACE('',(#12412,#12458,#12469,#12480,#12491,#12502,
    #12513,#12524,#12535,#12546,#12557,#12568,#12579,#12590,#12601,
    #12612,#12623,#12634,#12645,#12656,#12667,#12678,#12689,#12700,
    #12711,#12722,#12733),#12744,.F.);
#12412 = FACE_BOUND('',#12413,.F.);
#12413 = EDGE_LOOP('',(#12414,#12415,#12416,#12425,#12433,#12442,#12450,
    #12457));
#12414 = ORIENTED_EDGE('',*,*,#12338,.F.);
#12415 = ORIENTED_EDGE('',*,*,#12370,.F.);
#12416 = ORIENTED_EDGE('',*,*,#12417,.F.);
#12417 = EDGE_CURVE('',#12418,#12354,#12420,.T.);
#12418 = VERTEX_POINT('',#12419);
#12419 = CARTESIAN_POINT('',(160.56,-86.81,0.));
#12420 = CIRCLE('',#12421,4.00000042591);
#12421 = AXIS2_PLACEMENT_3D('',#12422,#12423,#12424);
#12422 = CARTESIAN_POINT('',(164.56000042591,-86.81000042591,0.));
#12423 = DIRECTION('',(0.,0.,-1.));
#12424 = DIRECTION('',(-1.,1.064775318894E-07,0.));
#12425 = ORIENTED_EDGE('',*,*,#12426,.F.);
#12426 = EDGE_CURVE('',#12427,#12418,#12429,.T.);
#12427 = VERTEX_POINT('',#12428);
#12428 = CARTESIAN_POINT('',(160.56,-103.81,0.));
#12429 = LINE('',#12430,#12431);
#12430 = CARTESIAN_POINT('',(160.56,-103.81,0.));
#12431 = VECTOR('',#12432,1.);
#12432 = DIRECTION('',(0.,1.,0.));
#12433 = ORIENTED_EDGE('',*,*,#12434,.F.);
#12434 = EDGE_CURVE('',#12435,#12427,#12437,.T.);
#12435 = VERTEX_POINT('',#12436);
#12436 = CARTESIAN_POINT('',(164.56,-107.81,0.));
#12437 = CIRCLE('',#12438,4.00000042591);
#12438 = AXIS2_PLACEMENT_3D('',#12439,#12440,#12441);
#12439 = CARTESIAN_POINT('',(164.56000042591,-103.809999574,0.));
#12440 = DIRECTION('',(0.,0.,-1.));
#12441 = DIRECTION('',(-1.064775318894E-07,-1.,-0.));
#12442 = ORIENTED_EDGE('',*,*,#12443,.F.);
#12443 = EDGE_CURVE('',#12444,#12435,#12446,.T.);
#12444 = VERTEX_POINT('',#12445);
#12445 = CARTESIAN_POINT('',(217.56,-107.81,0.));
#12446 = LINE('',#12447,#12448);
#12447 = CARTESIAN_POINT('',(217.56,-107.81,0.));
#12448 = VECTOR('',#12449,1.);
#12449 = DIRECTION('',(-1.,0.,0.));
#12450 = ORIENTED_EDGE('',*,*,#12451,.F.);
#12451 = EDGE_CURVE('',#12394,#12444,#12452,.T.);
#12452 = CIRCLE('',#12453,4.00000042591);
#12453 = AXIS2_PLACEMENT_3D('',#12454,#12455,#12456);
#12454 = CARTESIAN_POINT('',(217.55999957409,-103.809999574,0.));
#12455 = DIRECTION('',(0.,0.,-1.));
#12456 = DIRECTION('',(1.,-1.064775389949E-07,0.));
#12457 = ORIENTED_EDGE('',*,*,#12401,.F.);
#12458 = FACE_BOUND('',#12459,.F.);
#12459 = EDGE_LOOP('',(#12460));
#12460 = ORIENTED_EDGE('',*,*,#12461,.T.);
#12461 = EDGE_CURVE('',#12462,#12462,#12464,.T.);
#12462 = VERTEX_POINT('',#12463);
#12463 = CARTESIAN_POINT('',(164.56,-104.86,0.));
#12464 = CIRCLE('',#12465,1.05);
#12465 = AXIS2_PLACEMENT_3D('',#12466,#12467,#12468);
#12466 = CARTESIAN_POINT('',(164.56,-103.81,0.));
#12467 = DIRECTION('',(-0.,0.,-1.));
#12468 = DIRECTION('',(-0.,-1.,0.));
#12469 = FACE_BOUND('',#12470,.F.);
#12470 = EDGE_LOOP('',(#12471));
#12471 = ORIENTED_EDGE('',*,*,#12472,.T.);
#12472 = EDGE_CURVE('',#12473,#12473,#12475,.T.);
#12473 = VERTEX_POINT('',#12474);
#12474 = CARTESIAN_POINT('',(195.5775,-103.79,0.));
#12475 = CIRCLE('',#12476,0.4);
#12476 = AXIS2_PLACEMENT_3D('',#12477,#12478,#12479);
#12477 = CARTESIAN_POINT('',(195.5775,-103.39,0.));
#12478 = DIRECTION('',(-0.,0.,-1.));
#12479 = DIRECTION('',(-0.,-1.,0.));
#12480 = FACE_BOUND('',#12481,.F.);
#12481 = EDGE_LOOP('',(#12482));
#12482 = ORIENTED_EDGE('',*,*,#12483,.T.);
#12483 = EDGE_CURVE('',#12484,#12484,#12486,.T.);
#12484 = VERTEX_POINT('',#12485);
#12485 = CARTESIAN_POINT('',(203.1975,-103.79,0.));
#12486 = CIRCLE('',#12487,0.4);
#12487 = AXIS2_PLACEMENT_3D('',#12488,#12489,#12490);
#12488 = CARTESIAN_POINT('',(203.1975,-103.39,0.));
#12489 = DIRECTION('',(-0.,0.,-1.));
#12490 = DIRECTION('',(-0.,-1.,0.));
#12491 = FACE_BOUND('',#12492,.F.);
#12492 = EDGE_LOOP('',(#12493));
#12493 = ORIENTED_EDGE('',*,*,#12494,.T.);
#12494 = EDGE_CURVE('',#12495,#12495,#12497,.T.);
#12495 = VERTEX_POINT('',#12496);
#12496 = CARTESIAN_POINT('',(195.5775,-101.25,0.));
#12497 = CIRCLE('',#12498,0.4);
#12498 = AXIS2_PLACEMENT_3D('',#12499,#12500,#12501);
#12499 = CARTESIAN_POINT('',(195.5775,-100.85,0.));
#12500 = DIRECTION('',(-0.,0.,-1.));
#12501 = DIRECTION('',(-0.,-1.,0.));
#12502 = FACE_BOUND('',#12503,.F.);
#12503 = EDGE_LOOP('',(#12504));
#12504 = ORIENTED_EDGE('',*,*,#12505,.T.);
#12505 = EDGE_CURVE('',#12506,#12506,#12508,.T.);
#12506 = VERTEX_POINT('',#12507);
#12507 = CARTESIAN_POINT('',(203.1975,-101.25,0.));
#12508 = CIRCLE('',#12509,0.4);
#12509 = AXIS2_PLACEMENT_3D('',#12510,#12511,#12512);
#12510 = CARTESIAN_POINT('',(203.1975,-100.85,0.));
#12511 = DIRECTION('',(-0.,0.,-1.));
#12512 = DIRECTION('',(-0.,-1.,0.));
#12513 = FACE_BOUND('',#12514,.F.);
#12514 = EDGE_LOOP('',(#12515));
#12515 = ORIENTED_EDGE('',*,*,#12516,.T.);
#12516 = EDGE_CURVE('',#12517,#12517,#12519,.T.);
#12517 = VERTEX_POINT('',#12518);
#12518 = CARTESIAN_POINT('',(217.56,-104.86,0.));
#12519 = CIRCLE('',#12520,1.05);
#12520 = AXIS2_PLACEMENT_3D('',#12521,#12522,#12523);
#12521 = CARTESIAN_POINT('',(217.56,-103.81,0.));
#12522 = DIRECTION('',(-0.,0.,-1.));
#12523 = DIRECTION('',(-0.,-1.,0.));
#12524 = FACE_BOUND('',#12525,.F.);
#12525 = EDGE_LOOP('',(#12526));
#12526 = ORIENTED_EDGE('',*,*,#12527,.T.);
#12527 = EDGE_CURVE('',#12528,#12528,#12530,.T.);
#12528 = VERTEX_POINT('',#12529);
#12529 = CARTESIAN_POINT('',(195.5775,-98.71,0.));
#12530 = CIRCLE('',#12531,0.4);
#12531 = AXIS2_PLACEMENT_3D('',#12532,#12533,#12534);
#12532 = CARTESIAN_POINT('',(195.5775,-98.31,0.));
#12533 = DIRECTION('',(-0.,0.,-1.));
#12534 = DIRECTION('',(-0.,-1.,0.));
#12535 = FACE_BOUND('',#12536,.F.);
#12536 = EDGE_LOOP('',(#12537));
#12537 = ORIENTED_EDGE('',*,*,#12538,.T.);
#12538 = EDGE_CURVE('',#12539,#12539,#12541,.T.);
#12539 = VERTEX_POINT('',#12540);
#12540 = CARTESIAN_POINT('',(203.1975,-98.71,0.));
#12541 = CIRCLE('',#12542,0.4);
#12542 = AXIS2_PLACEMENT_3D('',#12543,#12544,#12545);
#12543 = CARTESIAN_POINT('',(203.1975,-98.31,0.));
#12544 = DIRECTION('',(-0.,0.,-1.));
#12545 = DIRECTION('',(-0.,-1.,0.));
#12546 = FACE_BOUND('',#12547,.F.);
#12547 = EDGE_LOOP('',(#12548));
#12548 = ORIENTED_EDGE('',*,*,#12549,.T.);
#12549 = EDGE_CURVE('',#12550,#12550,#12552,.T.);
#12550 = VERTEX_POINT('',#12551);
#12551 = CARTESIAN_POINT('',(195.5775,-96.17,0.));
#12552 = CIRCLE('',#12553,0.4);
#12553 = AXIS2_PLACEMENT_3D('',#12554,#12555,#12556);
#12554 = CARTESIAN_POINT('',(195.5775,-95.77,0.));
#12555 = DIRECTION('',(-0.,0.,-1.));
#12556 = DIRECTION('',(-0.,-1.,0.));
#12557 = FACE_BOUND('',#12558,.F.);
#12558 = EDGE_LOOP('',(#12559));
#12559 = ORIENTED_EDGE('',*,*,#12560,.T.);
#12560 = EDGE_CURVE('',#12561,#12561,#12563,.T.);
#12561 = VERTEX_POINT('',#12562);
#12562 = CARTESIAN_POINT('',(203.1975,-96.17,0.));
#12563 = CIRCLE('',#12564,0.4);
#12564 = AXIS2_PLACEMENT_3D('',#12565,#12566,#12567);
#12565 = CARTESIAN_POINT('',(203.1975,-95.77,0.));
#12566 = DIRECTION('',(-0.,0.,-1.));
#12567 = DIRECTION('',(-0.,-1.,0.));
#12568 = FACE_BOUND('',#12569,.F.);
#12569 = EDGE_LOOP('',(#12570));
#12570 = ORIENTED_EDGE('',*,*,#12571,.T.);
#12571 = EDGE_CURVE('',#12572,#12572,#12574,.T.);
#12572 = VERTEX_POINT('',#12573);
#12573 = CARTESIAN_POINT('',(210.6975,-99.785,0.));
#12574 = CIRCLE('',#12575,0.475);
#12575 = AXIS2_PLACEMENT_3D('',#12576,#12577,#12578);
#12576 = CARTESIAN_POINT('',(210.6975,-99.31,0.));
#12577 = DIRECTION('',(-0.,0.,-1.));
#12578 = DIRECTION('',(-0.,-1.,0.));
#12579 = FACE_BOUND('',#12580,.F.);
#12580 = EDGE_LOOP('',(#12581));
#12581 = ORIENTED_EDGE('',*,*,#12582,.T.);
#12582 = EDGE_CURVE('',#12583,#12583,#12585,.T.);
#12583 = VERTEX_POINT('',#12584);
#12584 = CARTESIAN_POINT('',(210.6975,-97.285,0.));
#12585 = CIRCLE('',#12586,0.475);
#12586 = AXIS2_PLACEMENT_3D('',#12587,#12588,#12589);
#12587 = CARTESIAN_POINT('',(210.6975,-96.81,0.));
#12588 = DIRECTION('',(-0.,0.,-1.));
#12589 = DIRECTION('',(-0.,-1.,0.));
#12590 = FACE_BOUND('',#12591,.F.);
#12591 = EDGE_LOOP('',(#12592));
#12592 = ORIENTED_EDGE('',*,*,#12593,.T.);
#12593 = EDGE_CURVE('',#12594,#12594,#12596,.T.);
#12594 = VERTEX_POINT('',#12595);
#12595 = CARTESIAN_POINT('',(164.56,-87.86,0.));
#12596 = CIRCLE('',#12597,1.05);
#12597 = AXIS2_PLACEMENT_3D('',#12598,#12599,#12600);
#12598 = CARTESIAN_POINT('',(164.56,-86.81,0.));
#12599 = DIRECTION('',(-0.,0.,-1.));
#12600 = DIRECTION('',(-0.,-1.,0.));
#12601 = FACE_BOUND('',#12602,.F.);
#12602 = EDGE_LOOP('',(#12603));
#12603 = ORIENTED_EDGE('',*,*,#12604,.T.);
#12604 = EDGE_CURVE('',#12605,#12605,#12607,.T.);
#12605 = VERTEX_POINT('',#12606);
#12606 = CARTESIAN_POINT('',(195.5775,-93.63,0.));
#12607 = CIRCLE('',#12608,0.4);
#12608 = AXIS2_PLACEMENT_3D('',#12609,#12610,#12611);
#12609 = CARTESIAN_POINT('',(195.5775,-93.23,0.));
#12610 = DIRECTION('',(-0.,0.,-1.));
#12611 = DIRECTION('',(-0.,-1.,0.));
#12612 = FACE_BOUND('',#12613,.F.);
#12613 = EDGE_LOOP('',(#12614));
#12614 = ORIENTED_EDGE('',*,*,#12615,.T.);
#12615 = EDGE_CURVE('',#12616,#12616,#12618,.T.);
#12616 = VERTEX_POINT('',#12617);
#12617 = CARTESIAN_POINT('',(203.1975,-93.63,0.));
#12618 = CIRCLE('',#12619,0.4);
#12619 = AXIS2_PLACEMENT_3D('',#12620,#12621,#12622);
#12620 = CARTESIAN_POINT('',(203.1975,-93.23,0.));
#12621 = DIRECTION('',(-0.,0.,-1.));
#12622 = DIRECTION('',(-0.,-1.,0.));
#12623 = FACE_BOUND('',#12624,.F.);
#12624 = EDGE_LOOP('',(#12625));
#12625 = ORIENTED_EDGE('',*,*,#12626,.T.);
#12626 = EDGE_CURVE('',#12627,#12627,#12629,.T.);
#12627 = VERTEX_POINT('',#12628);
#12628 = CARTESIAN_POINT('',(195.5775,-91.09,0.));
#12629 = CIRCLE('',#12630,0.4);
#12630 = AXIS2_PLACEMENT_3D('',#12631,#12632,#12633);
#12631 = CARTESIAN_POINT('',(195.5775,-90.69,0.));
#12632 = DIRECTION('',(-0.,0.,-1.));
#12633 = DIRECTION('',(-0.,-1.,0.));
#12634 = FACE_BOUND('',#12635,.F.);
#12635 = EDGE_LOOP('',(#12636));
#12636 = ORIENTED_EDGE('',*,*,#12637,.T.);
#12637 = EDGE_CURVE('',#12638,#12638,#12640,.T.);
#12638 = VERTEX_POINT('',#12639);
#12639 = CARTESIAN_POINT('',(203.1975,-91.09,0.));
#12640 = CIRCLE('',#12641,0.4);
#12641 = AXIS2_PLACEMENT_3D('',#12642,#12643,#12644);
#12642 = CARTESIAN_POINT('',(203.1975,-90.69,0.));
#12643 = DIRECTION('',(-0.,0.,-1.));
#12644 = DIRECTION('',(-0.,-1.,0.));
#12645 = FACE_BOUND('',#12646,.F.);
#12646 = EDGE_LOOP('',(#12647));
#12647 = ORIENTED_EDGE('',*,*,#12648,.T.);
#12648 = EDGE_CURVE('',#12649,#12649,#12651,.T.);
#12649 = VERTEX_POINT('',#12650);
#12650 = CARTESIAN_POINT('',(210.6975,-94.785,0.));
#12651 = CIRCLE('',#12652,0.475);
#12652 = AXIS2_PLACEMENT_3D('',#12653,#12654,#12655);
#12653 = CARTESIAN_POINT('',(210.6975,-94.31,0.));
#12654 = DIRECTION('',(-0.,0.,-1.));
#12655 = DIRECTION('',(-0.,-1.,0.));
#12656 = FACE_BOUND('',#12657,.F.);
#12657 = EDGE_LOOP('',(#12658));
#12658 = ORIENTED_EDGE('',*,*,#12659,.T.);
#12659 = EDGE_CURVE('',#12660,#12660,#12662,.T.);
#12660 = VERTEX_POINT('',#12661);
#12661 = CARTESIAN_POINT('',(210.6975,-92.285,0.));
#12662 = CIRCLE('',#12663,0.475);
#12663 = AXIS2_PLACEMENT_3D('',#12664,#12665,#12666);
#12664 = CARTESIAN_POINT('',(210.6975,-91.81,0.));
#12665 = DIRECTION('',(-0.,0.,-1.));
#12666 = DIRECTION('',(-0.,-1.,0.));
#12667 = FACE_BOUND('',#12668,.F.);
#12668 = EDGE_LOOP('',(#12669));
#12669 = ORIENTED_EDGE('',*,*,#12670,.T.);
#12670 = EDGE_CURVE('',#12671,#12671,#12673,.T.);
#12671 = VERTEX_POINT('',#12672);
#12672 = CARTESIAN_POINT('',(195.5775,-88.55,0.));
#12673 = CIRCLE('',#12674,0.4);
#12674 = AXIS2_PLACEMENT_3D('',#12675,#12676,#12677);
#12675 = CARTESIAN_POINT('',(195.5775,-88.15,0.));
#12676 = DIRECTION('',(-0.,0.,-1.));
#12677 = DIRECTION('',(-0.,-1.,0.));
#12678 = FACE_BOUND('',#12679,.F.);
#12679 = EDGE_LOOP('',(#12680));
#12680 = ORIENTED_EDGE('',*,*,#12681,.T.);
#12681 = EDGE_CURVE('',#12682,#12682,#12684,.T.);
#12682 = VERTEX_POINT('',#12683);
#12683 = CARTESIAN_POINT('',(203.1975,-88.55,0.));
#12684 = CIRCLE('',#12685,0.4);
#12685 = AXIS2_PLACEMENT_3D('',#12686,#12687,#12688);
#12686 = CARTESIAN_POINT('',(203.1975,-88.15,0.));
#12687 = DIRECTION('',(-0.,0.,-1.));
#12688 = DIRECTION('',(-0.,-1.,0.));
#12689 = FACE_BOUND('',#12690,.F.);
#12690 = EDGE_LOOP('',(#12691));
#12691 = ORIENTED_EDGE('',*,*,#12692,.T.);
#12692 = EDGE_CURVE('',#12693,#12693,#12695,.T.);
#12693 = VERTEX_POINT('',#12694);
#12694 = CARTESIAN_POINT('',(195.5775,-86.01,0.));
#12695 = CIRCLE('',#12696,0.4);
#12696 = AXIS2_PLACEMENT_3D('',#12697,#12698,#12699);
#12697 = CARTESIAN_POINT('',(195.5775,-85.61,0.));
#12698 = DIRECTION('',(-0.,0.,-1.));
#12699 = DIRECTION('',(-0.,-1.,0.));
#12700 = FACE_BOUND('',#12701,.F.);
#12701 = EDGE_LOOP('',(#12702));
#12702 = ORIENTED_EDGE('',*,*,#12703,.T.);
#12703 = EDGE_CURVE('',#12704,#12704,#12706,.T.);
#12704 = VERTEX_POINT('',#12705);
#12705 = CARTESIAN_POINT('',(203.1975,-86.01,0.));
#12706 = CIRCLE('',#12707,0.4);
#12707 = AXIS2_PLACEMENT_3D('',#12708,#12709,#12710);
#12708 = CARTESIAN_POINT('',(203.1975,-85.61,0.));
#12709 = DIRECTION('',(-0.,0.,-1.));
#12710 = DIRECTION('',(-0.,-1.,0.));
#12711 = FACE_BOUND('',#12712,.F.);
#12712 = EDGE_LOOP('',(#12713));
#12713 = ORIENTED_EDGE('',*,*,#12714,.T.);
#12714 = EDGE_CURVE('',#12715,#12715,#12717,.T.);
#12715 = VERTEX_POINT('',#12716);
#12716 = CARTESIAN_POINT('',(210.6975,-89.785,0.));
#12717 = CIRCLE('',#12718,0.475);
#12718 = AXIS2_PLACEMENT_3D('',#12719,#12720,#12721);
#12719 = CARTESIAN_POINT('',(210.6975,-89.31,0.));
#12720 = DIRECTION('',(-0.,0.,-1.));
#12721 = DIRECTION('',(-0.,-1.,0.));
#12722 = FACE_BOUND('',#12723,.F.);
#12723 = EDGE_LOOP('',(#12724));
#12724 = ORIENTED_EDGE('',*,*,#12725,.T.);
#12725 = EDGE_CURVE('',#12726,#12726,#12728,.T.);
#12726 = VERTEX_POINT('',#12727);
#12727 = CARTESIAN_POINT('',(208.6975,-88.31,0.));
#12728 = CIRCLE('',#12729,0.6);
#12729 = AXIS2_PLACEMENT_3D('',#12730,#12731,#12732);
#12730 = CARTESIAN_POINT('',(208.6975,-87.71,0.));
#12731 = DIRECTION('',(-0.,0.,-1.));
#12732 = DIRECTION('',(-0.,-1.,0.));
#12733 = FACE_BOUND('',#12734,.F.);
#12734 = EDGE_LOOP('',(#12735));
#12735 = ORIENTED_EDGE('',*,*,#12736,.T.);
#12736 = EDGE_CURVE('',#12737,#12737,#12739,.T.);
#12737 = VERTEX_POINT('',#12738);
#12738 = CARTESIAN_POINT('',(217.56,-87.86,0.));
#12739 = CIRCLE('',#12740,1.05);
#12740 = AXIS2_PLACEMENT_3D('',#12741,#12742,#12743);
#12741 = CARTESIAN_POINT('',(217.56,-86.81,0.));
#12742 = DIRECTION('',(-0.,0.,-1.));
#12743 = DIRECTION('',(-0.,-1.,0.));
#12744 = PLANE('',#12745);
#12745 = AXIS2_PLACEMENT_3D('',#12746,#12747,#12748);
#12746 = CARTESIAN_POINT('',(0.,0.,0.));
#12747 = DIRECTION('',(0.,0.,1.));
#12748 = DIRECTION('',(1.,0.,-0.));
#12749 = ADVANCED_FACE('',(#12750,#12796,#12807,#12818,#12829,#12840,
    #12851,#12862,#12873,#12884,#12895,#12906,#12917,#12928,#12939,
    #12950,#12961,#12972,#12983,#12994,#13005,#13016,#13027,#13038,
    #13049,#13060,#13071),#13082,.T.);
#12750 = FACE_BOUND('',#12751,.T.);
#12751 = EDGE_LOOP('',(#12752,#12753,#12754,#12763,#12771,#12780,#12788,
    #12795));
#12752 = ORIENTED_EDGE('',*,*,#12321,.F.);
#12753 = ORIENTED_EDGE('',*,*,#12363,.F.);
#12754 = ORIENTED_EDGE('',*,*,#12755,.F.);
#12755 = EDGE_CURVE('',#12756,#12356,#12758,.T.);
#12756 = VERTEX_POINT('',#12757);
#12757 = CARTESIAN_POINT('',(160.56,-86.81,1.51));
#12758 = CIRCLE('',#12759,4.00000042591);
#12759 = AXIS2_PLACEMENT_3D('',#12760,#12761,#12762);
#12760 = CARTESIAN_POINT('',(164.56000042591,-86.81000042591,1.51));
#12761 = DIRECTION('',(0.,0.,-1.));
#12762 = DIRECTION('',(-1.,1.064775318894E-07,0.));
#12763 = ORIENTED_EDGE('',*,*,#12764,.F.);
#12764 = EDGE_CURVE('',#12765,#12756,#12767,.T.);
#12765 = VERTEX_POINT('',#12766);
#12766 = CARTESIAN_POINT('',(160.56,-103.81,1.51));
#12767 = LINE('',#12768,#12769);
#12768 = CARTESIAN_POINT('',(160.56,-103.81,1.51));
#12769 = VECTOR('',#12770,1.);
#12770 = DIRECTION('',(0.,1.,0.));
#12771 = ORIENTED_EDGE('',*,*,#12772,.F.);
#12772 = EDGE_CURVE('',#12773,#12765,#12775,.T.);
#12773 = VERTEX_POINT('',#12774);
#12774 = CARTESIAN_POINT('',(164.56,-107.81,1.51));
#12775 = CIRCLE('',#12776,4.00000042591);
#12776 = AXIS2_PLACEMENT_3D('',#12777,#12778,#12779);
#12777 = CARTESIAN_POINT('',(164.56000042591,-103.809999574,1.51));
#12778 = DIRECTION('',(0.,0.,-1.));
#12779 = DIRECTION('',(-1.064775318894E-07,-1.,-0.));
#12780 = ORIENTED_EDGE('',*,*,#12781,.F.);
#12781 = EDGE_CURVE('',#12782,#12773,#12784,.T.);
#12782 = VERTEX_POINT('',#12783);
#12783 = CARTESIAN_POINT('',(217.56,-107.81,1.51));
#12784 = LINE('',#12785,#12786);
#12785 = CARTESIAN_POINT('',(217.56,-107.81,1.51));
#12786 = VECTOR('',#12787,1.);
#12787 = DIRECTION('',(-1.,0.,0.));
#12788 = ORIENTED_EDGE('',*,*,#12789,.F.);
#12789 = EDGE_CURVE('',#12386,#12782,#12790,.T.);
#12790 = CIRCLE('',#12791,4.00000042591);
#12791 = AXIS2_PLACEMENT_3D('',#12792,#12793,#12794);
#12792 = CARTESIAN_POINT('',(217.55999957409,-103.809999574,1.51));
#12793 = DIRECTION('',(0.,0.,-1.));
#12794 = DIRECTION('',(1.,-1.064775389949E-07,0.));
#12795 = ORIENTED_EDGE('',*,*,#12385,.F.);
#12796 = FACE_BOUND('',#12797,.T.);
#12797 = EDGE_LOOP('',(#12798));
#12798 = ORIENTED_EDGE('',*,*,#12799,.T.);
#12799 = EDGE_CURVE('',#12800,#12800,#12802,.T.);
#12800 = VERTEX_POINT('',#12801);
#12801 = CARTESIAN_POINT('',(164.56,-104.86,1.51));
#12802 = CIRCLE('',#12803,1.05);
#12803 = AXIS2_PLACEMENT_3D('',#12804,#12805,#12806);
#12804 = CARTESIAN_POINT('',(164.56,-103.81,1.51));
#12805 = DIRECTION('',(-0.,0.,-1.));
#12806 = DIRECTION('',(-0.,-1.,0.));
#12807 = FACE_BOUND('',#12808,.T.);
#12808 = EDGE_LOOP('',(#12809));
#12809 = ORIENTED_EDGE('',*,*,#12810,.T.);
#12810 = EDGE_CURVE('',#12811,#12811,#12813,.T.);
#12811 = VERTEX_POINT('',#12812);
#12812 = CARTESIAN_POINT('',(195.5775,-103.79,1.51));
#12813 = CIRCLE('',#12814,0.4);
#12814 = AXIS2_PLACEMENT_3D('',#12815,#12816,#12817);
#12815 = CARTESIAN_POINT('',(195.5775,-103.39,1.51));
#12816 = DIRECTION('',(-0.,0.,-1.));
#12817 = DIRECTION('',(-0.,-1.,0.));
#12818 = FACE_BOUND('',#12819,.T.);
#12819 = EDGE_LOOP('',(#12820));
#12820 = ORIENTED_EDGE('',*,*,#12821,.T.);
#12821 = EDGE_CURVE('',#12822,#12822,#12824,.T.);
#12822 = VERTEX_POINT('',#12823);
#12823 = CARTESIAN_POINT('',(203.1975,-103.79,1.51));
#12824 = CIRCLE('',#12825,0.4);
#12825 = AXIS2_PLACEMENT_3D('',#12826,#12827,#12828);
#12826 = CARTESIAN_POINT('',(203.1975,-103.39,1.51));
#12827 = DIRECTION('',(-0.,0.,-1.));
#12828 = DIRECTION('',(-0.,-1.,0.));
#12829 = FACE_BOUND('',#12830,.T.);
#12830 = EDGE_LOOP('',(#12831));
#12831 = ORIENTED_EDGE('',*,*,#12832,.T.);
#12832 = EDGE_CURVE('',#12833,#12833,#12835,.T.);
#12833 = VERTEX_POINT('',#12834);
#12834 = CARTESIAN_POINT('',(195.5775,-101.25,1.51));
#12835 = CIRCLE('',#12836,0.4);
#12836 = AXIS2_PLACEMENT_3D('',#12837,#12838,#12839);
#12837 = CARTESIAN_POINT('',(195.5775,-100.85,1.51));
#12838 = DIRECTION('',(-0.,0.,-1.));
#12839 = DIRECTION('',(-0.,-1.,0.));
#12840 = FACE_BOUND('',#12841,.T.);
#12841 = EDGE_LOOP('',(#12842));
#12842 = ORIENTED_EDGE('',*,*,#12843,.T.);
#12843 = EDGE_CURVE('',#12844,#12844,#12846,.T.);
#12844 = VERTEX_POINT('',#12845);
#12845 = CARTESIAN_POINT('',(203.1975,-101.25,1.51));
#12846 = CIRCLE('',#12847,0.4);
#12847 = AXIS2_PLACEMENT_3D('',#12848,#12849,#12850);
#12848 = CARTESIAN_POINT('',(203.1975,-100.85,1.51));
#12849 = DIRECTION('',(-0.,0.,-1.));
#12850 = DIRECTION('',(-0.,-1.,0.));
#12851 = FACE_BOUND('',#12852,.T.);
#12852 = EDGE_LOOP('',(#12853));
#12853 = ORIENTED_EDGE('',*,*,#12854,.T.);
#12854 = EDGE_CURVE('',#12855,#12855,#12857,.T.);
#12855 = VERTEX_POINT('',#12856);
#12856 = CARTESIAN_POINT('',(217.56,-104.86,1.51));
#12857 = CIRCLE('',#12858,1.05);
#12858 = AXIS2_PLACEMENT_3D('',#12859,#12860,#12861);
#12859 = CARTESIAN_POINT('',(217.56,-103.81,1.51));
#12860 = DIRECTION('',(-0.,0.,-1.));
#12861 = DIRECTION('',(-0.,-1.,0.));
#12862 = FACE_BOUND('',#12863,.T.);
#12863 = EDGE_LOOP('',(#12864));
#12864 = ORIENTED_EDGE('',*,*,#12865,.T.);
#12865 = EDGE_CURVE('',#12866,#12866,#12868,.T.);
#12866 = VERTEX_POINT('',#12867);
#12867 = CARTESIAN_POINT('',(195.5775,-98.71,1.51));
#12868 = CIRCLE('',#12869,0.4);
#12869 = AXIS2_PLACEMENT_3D('',#12870,#12871,#12872);
#12870 = CARTESIAN_POINT('',(195.5775,-98.31,1.51));
#12871 = DIRECTION('',(-0.,0.,-1.));
#12872 = DIRECTION('',(-0.,-1.,0.));
#12873 = FACE_BOUND('',#12874,.T.);
#12874 = EDGE_LOOP('',(#12875));
#12875 = ORIENTED_EDGE('',*,*,#12876,.T.);
#12876 = EDGE_CURVE('',#12877,#12877,#12879,.T.);
#12877 = VERTEX_POINT('',#12878);
#12878 = CARTESIAN_POINT('',(203.1975,-98.71,1.51));
#12879 = CIRCLE('',#12880,0.4);
#12880 = AXIS2_PLACEMENT_3D('',#12881,#12882,#12883);
#12881 = CARTESIAN_POINT('',(203.1975,-98.31,1.51));
#12882 = DIRECTION('',(-0.,0.,-1.));
#12883 = DIRECTION('',(-0.,-1.,0.));
#12884 = FACE_BOUND('',#12885,.T.);
#12885 = EDGE_LOOP('',(#12886));
#12886 = ORIENTED_EDGE('',*,*,#12887,.T.);
#12887 = EDGE_CURVE('',#12888,#12888,#12890,.T.);
#12888 = VERTEX_POINT('',#12889);
#12889 = CARTESIAN_POINT('',(195.5775,-96.17,1.51));
#12890 = CIRCLE('',#12891,0.4);
#12891 = AXIS2_PLACEMENT_3D('',#12892,#12893,#12894);
#12892 = CARTESIAN_POINT('',(195.5775,-95.77,1.51));
#12893 = DIRECTION('',(-0.,0.,-1.));
#12894 = DIRECTION('',(-0.,-1.,0.));
#12895 = FACE_BOUND('',#12896,.T.);
#12896 = EDGE_LOOP('',(#12897));
#12897 = ORIENTED_EDGE('',*,*,#12898,.T.);
#12898 = EDGE_CURVE('',#12899,#12899,#12901,.T.);
#12899 = VERTEX_POINT('',#12900);
#12900 = CARTESIAN_POINT('',(203.1975,-96.17,1.51));
#12901 = CIRCLE('',#12902,0.4);
#12902 = AXIS2_PLACEMENT_3D('',#12903,#12904,#12905);
#12903 = CARTESIAN_POINT('',(203.1975,-95.77,1.51));
#12904 = DIRECTION('',(-0.,0.,-1.));
#12905 = DIRECTION('',(-0.,-1.,0.));
#12906 = FACE_BOUND('',#12907,.T.);
#12907 = EDGE_LOOP('',(#12908));
#12908 = ORIENTED_EDGE('',*,*,#12909,.T.);
#12909 = EDGE_CURVE('',#12910,#12910,#12912,.T.);
#12910 = VERTEX_POINT('',#12911);
#12911 = CARTESIAN_POINT('',(210.6975,-99.785,1.51));
#12912 = CIRCLE('',#12913,0.475);
#12913 = AXIS2_PLACEMENT_3D('',#12914,#12915,#12916);
#12914 = CARTESIAN_POINT('',(210.6975,-99.31,1.51));
#12915 = DIRECTION('',(-0.,0.,-1.));
#12916 = DIRECTION('',(-0.,-1.,0.));
#12917 = FACE_BOUND('',#12918,.T.);
#12918 = EDGE_LOOP('',(#12919));
#12919 = ORIENTED_EDGE('',*,*,#12920,.T.);
#12920 = EDGE_CURVE('',#12921,#12921,#12923,.T.);
#12921 = VERTEX_POINT('',#12922);
#12922 = CARTESIAN_POINT('',(210.6975,-97.285,1.51));
#12923 = CIRCLE('',#12924,0.475);
#12924 = AXIS2_PLACEMENT_3D('',#12925,#12926,#12927);
#12925 = CARTESIAN_POINT('',(210.6975,-96.81,1.51));
#12926 = DIRECTION('',(-0.,0.,-1.));
#12927 = DIRECTION('',(-0.,-1.,0.));
#12928 = FACE_BOUND('',#12929,.T.);
#12929 = EDGE_LOOP('',(#12930));
#12930 = ORIENTED_EDGE('',*,*,#12931,.T.);
#12931 = EDGE_CURVE('',#12932,#12932,#12934,.T.);
#12932 = VERTEX_POINT('',#12933);
#12933 = CARTESIAN_POINT('',(164.56,-87.86,1.51));
#12934 = CIRCLE('',#12935,1.05);
#12935 = AXIS2_PLACEMENT_3D('',#12936,#12937,#12938);
#12936 = CARTESIAN_POINT('',(164.56,-86.81,1.51));
#12937 = DIRECTION('',(-0.,0.,-1.));
#12938 = DIRECTION('',(-0.,-1.,0.));
#12939 = FACE_BOUND('',#12940,.T.);
#12940 = EDGE_LOOP('',(#12941));
#12941 = ORIENTED_EDGE('',*,*,#12942,.T.);
#12942 = EDGE_CURVE('',#12943,#12943,#12945,.T.);
#12943 = VERTEX_POINT('',#12944);
#12944 = CARTESIAN_POINT('',(195.5775,-93.63,1.51));
#12945 = CIRCLE('',#12946,0.4);
#12946 = AXIS2_PLACEMENT_3D('',#12947,#12948,#12949);
#12947 = CARTESIAN_POINT('',(195.5775,-93.23,1.51));
#12948 = DIRECTION('',(-0.,0.,-1.));
#12949 = DIRECTION('',(-0.,-1.,0.));
#12950 = FACE_BOUND('',#12951,.T.);
#12951 = EDGE_LOOP('',(#12952));
#12952 = ORIENTED_EDGE('',*,*,#12953,.T.);
#12953 = EDGE_CURVE('',#12954,#12954,#12956,.T.);
#12954 = VERTEX_POINT('',#12955);
#12955 = CARTESIAN_POINT('',(203.1975,-93.63,1.51));
#12956 = CIRCLE('',#12957,0.4);
#12957 = AXIS2_PLACEMENT_3D('',#12958,#12959,#12960);
#12958 = CARTESIAN_POINT('',(203.1975,-93.23,1.51));
#12959 = DIRECTION('',(-0.,0.,-1.));
#12960 = DIRECTION('',(-0.,-1.,0.));
#12961 = FACE_BOUND('',#12962,.T.);
#12962 = EDGE_LOOP('',(#12963));
#12963 = ORIENTED_EDGE('',*,*,#12964,.T.);
#12964 = EDGE_CURVE('',#12965,#12965,#12967,.T.);
#12965 = VERTEX_POINT('',#12966);
#12966 = CARTESIAN_POINT('',(195.5775,-91.09,1.51));
#12967 = CIRCLE('',#12968,0.4);
#12968 = AXIS2_PLACEMENT_3D('',#12969,#12970,#12971);
#12969 = CARTESIAN_POINT('',(195.5775,-90.69,1.51));
#12970 = DIRECTION('',(-0.,0.,-1.));
#12971 = DIRECTION('',(-0.,-1.,0.));
#12972 = FACE_BOUND('',#12973,.T.);
#12973 = EDGE_LOOP('',(#12974));
#12974 = ORIENTED_EDGE('',*,*,#12975,.T.);
#12975 = EDGE_CURVE('',#12976,#12976,#12978,.T.);
#12976 = VERTEX_POINT('',#12977);
#12977 = CARTESIAN_POINT('',(203.1975,-91.09,1.51));
#12978 = CIRCLE('',#12979,0.4);
#12979 = AXIS2_PLACEMENT_3D('',#12980,#12981,#12982);
#12980 = CARTESIAN_POINT('',(203.1975,-90.69,1.51));
#12981 = DIRECTION('',(-0.,0.,-1.));
#12982 = DIRECTION('',(-0.,-1.,0.));
#12983 = FACE_BOUND('',#12984,.T.);
#12984 = EDGE_LOOP('',(#12985));
#12985 = ORIENTED_EDGE('',*,*,#12986,.T.);
#12986 = EDGE_CURVE('',#12987,#12987,#12989,.T.);
#12987 = VERTEX_POINT('',#12988);
#12988 = CARTESIAN_POINT('',(210.6975,-94.785,1.51));
#12989 = CIRCLE('',#12990,0.475);
#12990 = AXIS2_PLACEMENT_3D('',#12991,#12992,#12993);
#12991 = CARTESIAN_POINT('',(210.6975,-94.31,1.51));
#12992 = DIRECTION('',(-0.,0.,-1.));
#12993 = DIRECTION('',(-0.,-1.,0.));
#12994 = FACE_BOUND('',#12995,.T.);
#12995 = EDGE_LOOP('',(#12996));
#12996 = ORIENTED_EDGE('',*,*,#12997,.T.);
#12997 = EDGE_CURVE('',#12998,#12998,#13000,.T.);
#12998 = VERTEX_POINT('',#12999);
#12999 = CARTESIAN_POINT('',(210.6975,-92.285,1.51));
#13000 = CIRCLE('',#13001,0.475);
#13001 = AXIS2_PLACEMENT_3D('',#13002,#13003,#13004);
#13002 = CARTESIAN_POINT('',(210.6975,-91.81,1.51));
#13003 = DIRECTION('',(-0.,0.,-1.));
#13004 = DIRECTION('',(-0.,-1.,0.));
#13005 = FACE_BOUND('',#13006,.T.);
#13006 = EDGE_LOOP('',(#13007));
#13007 = ORIENTED_EDGE('',*,*,#13008,.T.);
#13008 = EDGE_CURVE('',#13009,#13009,#13011,.T.);
#13009 = VERTEX_POINT('',#13010);
#13010 = CARTESIAN_POINT('',(195.5775,-88.55,1.51));
#13011 = CIRCLE('',#13012,0.4);
#13012 = AXIS2_PLACEMENT_3D('',#13013,#13014,#13015);
#13013 = CARTESIAN_POINT('',(195.5775,-88.15,1.51));
#13014 = DIRECTION('',(-0.,0.,-1.));
#13015 = DIRECTION('',(-0.,-1.,0.));
#13016 = FACE_BOUND('',#13017,.T.);
#13017 = EDGE_LOOP('',(#13018));
#13018 = ORIENTED_EDGE('',*,*,#13019,.T.);
#13019 = EDGE_CURVE('',#13020,#13020,#13022,.T.);
#13020 = VERTEX_POINT('',#13021);
#13021 = CARTESIAN_POINT('',(203.1975,-88.55,1.51));
#13022 = CIRCLE('',#13023,0.4);
#13023 = AXIS2_PLACEMENT_3D('',#13024,#13025,#13026);
#13024 = CARTESIAN_POINT('',(203.1975,-88.15,1.51));
#13025 = DIRECTION('',(-0.,0.,-1.));
#13026 = DIRECTION('',(-0.,-1.,0.));
#13027 = FACE_BOUND('',#13028,.T.);
#13028 = EDGE_LOOP('',(#13029));
#13029 = ORIENTED_EDGE('',*,*,#13030,.T.);
#13030 = EDGE_CURVE('',#13031,#13031,#13033,.T.);
#13031 = VERTEX_POINT('',#13032);
#13032 = CARTESIAN_POINT('',(195.5775,-86.01,1.51));
#13033 = CIRCLE('',#13034,0.4);
#13034 = AXIS2_PLACEMENT_3D('',#13035,#13036,#13037);
#13035 = CARTESIAN_POINT('',(195.5775,-85.61,1.51));
#13036 = DIRECTION('',(-0.,0.,-1.));
#13037 = DIRECTION('',(-0.,-1.,0.));
#13038 = FACE_BOUND('',#13039,.T.);
#13039 = EDGE_LOOP('',(#13040));
#13040 = ORIENTED_EDGE('',*,*,#13041,.T.);
#13041 = EDGE_CURVE('',#13042,#13042,#13044,.T.);
#13042 = VERTEX_POINT('',#13043);
#13043 = CARTESIAN_POINT('',(203.1975,-86.01,1.51));
#13044 = CIRCLE('',#13045,0.4);
#13045 = AXIS2_PLACEMENT_3D('',#13046,#13047,#13048);
#13046 = CARTESIAN_POINT('',(203.1975,-85.61,1.51));
#13047 = DIRECTION('',(-0.,0.,-1.));
#13048 = DIRECTION('',(-0.,-1.,0.));
#13049 = FACE_BOUND('',#13050,.T.);
#13050 = EDGE_LOOP('',(#13051));
#13051 = ORIENTED_EDGE('',*,*,#13052,.T.);
#13052 = EDGE_CURVE('',#13053,#13053,#13055,.T.);
#13053 = VERTEX_POINT('',#13054);
#13054 = CARTESIAN_POINT('',(210.6975,-89.785,1.51));
#13055 = CIRCLE('',#13056,0.475);
#13056 = AXIS2_PLACEMENT_3D('',#13057,#13058,#13059);
#13057 = CARTESIAN_POINT('',(210.6975,-89.31,1.51));
#13058 = DIRECTION('',(-0.,0.,-1.));
#13059 = DIRECTION('',(-0.,-1.,0.));
#13060 = FACE_BOUND('',#13061,.T.);
#13061 = EDGE_LOOP('',(#13062));
#13062 = ORIENTED_EDGE('',*,*,#13063,.T.);
#13063 = EDGE_CURVE('',#13064,#13064,#13066,.T.);
#13064 = VERTEX_POINT('',#13065);
#13065 = CARTESIAN_POINT('',(208.6975,-88.31,1.51));
#13066 = CIRCLE('',#13067,0.6);
#13067 = AXIS2_PLACEMENT_3D('',#13068,#13069,#13070);
#13068 = CARTESIAN_POINT('',(208.6975,-87.71,1.51));
#13069 = DIRECTION('',(-0.,0.,-1.));
#13070 = DIRECTION('',(-0.,-1.,0.));
#13071 = FACE_BOUND('',#13072,.T.);
#13072 = EDGE_LOOP('',(#13073));
#13073 = ORIENTED_EDGE('',*,*,#13074,.T.);
#13074 = EDGE_CURVE('',#13075,#13075,#13077,.T.);
#13075 = VERTEX_POINT('',#13076);
#13076 = CARTESIAN_POINT('',(217.56,-87.86,1.51));
#13077 = CIRCLE('',#13078,1.05);
#13078 = AXIS2_PLACEMENT_3D('',#13079,#13080,#13081);
#13079 = CARTESIAN_POINT('',(217.56,-86.81,1.51));
#13080 = DIRECTION('',(-0.,0.,-1.));
#13081 = DIRECTION('',(-0.,-1.,0.));
#13082 = PLANE('',#13083);
#13083 = AXIS2_PLACEMENT_3D('',#13084,#13085,#13086);
#13084 = CARTESIAN_POINT('',(0.,0.,1.51));
#13085 = DIRECTION('',(0.,0.,1.));
#13086 = DIRECTION('',(1.,0.,-0.));
#13087 = ADVANCED_FACE('',(#13088),#13099,.T.);
#13088 = FACE_BOUND('',#13089,.T.);
#13089 = EDGE_LOOP('',(#13090,#13096,#13097,#13098));
#13090 = ORIENTED_EDGE('',*,*,#13091,.T.);
#13091 = EDGE_CURVE('',#12418,#12756,#13092,.T.);
#13092 = LINE('',#13093,#13094);
#13093 = CARTESIAN_POINT('',(160.56,-86.81,0.));
#13094 = VECTOR('',#13095,1.);
#13095 = DIRECTION('',(0.,0.,1.));
#13096 = ORIENTED_EDGE('',*,*,#12755,.T.);
#13097 = ORIENTED_EDGE('',*,*,#12353,.F.);
#13098 = ORIENTED_EDGE('',*,*,#12417,.F.);
#13099 = CYLINDRICAL_SURFACE('',#13100,4.00000042591);
#13100 = AXIS2_PLACEMENT_3D('',#13101,#13102,#13103);
#13101 = CARTESIAN_POINT('',(164.56000042591,-86.81000042591,0.));
#13102 = DIRECTION('',(0.,0.,-1.));
#13103 = DIRECTION('',(-1.,1.064775318894E-07,0.));
#13104 = ADVANCED_FACE('',(#13105),#13116,.T.);
#13105 = FACE_BOUND('',#13106,.T.);
#13106 = EDGE_LOOP('',(#13107,#13108,#13109,#13115));
#13107 = ORIENTED_EDGE('',*,*,#12393,.T.);
#13108 = ORIENTED_EDGE('',*,*,#12789,.T.);
#13109 = ORIENTED_EDGE('',*,*,#13110,.F.);
#13110 = EDGE_CURVE('',#12444,#12782,#13111,.T.);
#13111 = LINE('',#13112,#13113);
#13112 = CARTESIAN_POINT('',(217.56,-107.81,0.));
#13113 = VECTOR('',#13114,1.);
#13114 = DIRECTION('',(0.,0.,1.));
#13115 = ORIENTED_EDGE('',*,*,#12451,.F.);
#13116 = CYLINDRICAL_SURFACE('',#13117,4.00000042591);
#13117 = AXIS2_PLACEMENT_3D('',#13118,#13119,#13120);
#13118 = CARTESIAN_POINT('',(217.55999957409,-103.809999574,0.));
#13119 = DIRECTION('',(0.,0.,-1.));
#13120 = DIRECTION('',(1.,-1.064775389949E-07,0.));
#13121 = ADVANCED_FACE('',(#13122),#13133,.T.);
#13122 = FACE_BOUND('',#13123,.T.);
#13123 = EDGE_LOOP('',(#13124,#13130,#13131,#13132));
#13124 = ORIENTED_EDGE('',*,*,#13125,.T.);
#13125 = EDGE_CURVE('',#12427,#12765,#13126,.T.);
#13126 = LINE('',#13127,#13128);
#13127 = CARTESIAN_POINT('',(160.56,-103.81,0.));
#13128 = VECTOR('',#13129,1.);
#13129 = DIRECTION('',(0.,0.,1.));
#13130 = ORIENTED_EDGE('',*,*,#12764,.T.);
#13131 = ORIENTED_EDGE('',*,*,#13091,.F.);
#13132 = ORIENTED_EDGE('',*,*,#12426,.F.);
#13133 = PLANE('',#13134);
#13134 = AXIS2_PLACEMENT_3D('',#13135,#13136,#13137);
#13135 = CARTESIAN_POINT('',(160.56,-103.81,0.));
#13136 = DIRECTION('',(-1.,0.,0.));
#13137 = DIRECTION('',(0.,1.,0.));
#13138 = ADVANCED_FACE('',(#13139),#13150,.T.);
#13139 = FACE_BOUND('',#13140,.T.);
#13140 = EDGE_LOOP('',(#13141,#13142,#13143,#13149));
#13141 = ORIENTED_EDGE('',*,*,#13110,.T.);
#13142 = ORIENTED_EDGE('',*,*,#12781,.T.);
#13143 = ORIENTED_EDGE('',*,*,#13144,.F.);
#13144 = EDGE_CURVE('',#12435,#12773,#13145,.T.);
#13145 = LINE('',#13146,#13147);
#13146 = CARTESIAN_POINT('',(164.56,-107.81,0.));
#13147 = VECTOR('',#13148,1.);
#13148 = DIRECTION('',(0.,0.,1.));
#13149 = ORIENTED_EDGE('',*,*,#12443,.F.);
#13150 = PLANE('',#13151);
#13151 = AXIS2_PLACEMENT_3D('',#13152,#13153,#13154);
#13152 = CARTESIAN_POINT('',(217.56,-107.81,0.));
#13153 = DIRECTION('',(0.,-1.,0.));
#13154 = DIRECTION('',(-1.,0.,0.));
#13155 = ADVANCED_FACE('',(#13156),#13162,.T.);
#13156 = FACE_BOUND('',#13157,.T.);
#13157 = EDGE_LOOP('',(#13158,#13159,#13160,#13161));
#13158 = ORIENTED_EDGE('',*,*,#13144,.T.);
#13159 = ORIENTED_EDGE('',*,*,#12772,.T.);
#13160 = ORIENTED_EDGE('',*,*,#13125,.F.);
#13161 = ORIENTED_EDGE('',*,*,#12434,.F.);
#13162 = CYLINDRICAL_SURFACE('',#13163,4.00000042591);
#13163 = AXIS2_PLACEMENT_3D('',#13164,#13165,#13166);
#13164 = CARTESIAN_POINT('',(164.56000042591,-103.809999574,0.));
#13165 = DIRECTION('',(0.,0.,-1.));
#13166 = DIRECTION('',(-1.064775318894E-07,-1.,-0.));
#13167 = ADVANCED_FACE('',(#13168),#13179,.F.);
#13168 = FACE_BOUND('',#13169,.T.);
#13169 = EDGE_LOOP('',(#13170,#13171,#13177,#13178));
#13170 = ORIENTED_EDGE('',*,*,#12461,.T.);
#13171 = ORIENTED_EDGE('',*,*,#13172,.T.);
#13172 = EDGE_CURVE('',#12462,#12800,#13173,.T.);
#13173 = LINE('',#13174,#13175);
#13174 = CARTESIAN_POINT('',(164.56,-104.86,-4.6E-02));
#13175 = VECTOR('',#13176,1.);
#13176 = DIRECTION('',(0.,0.,1.));
#13177 = ORIENTED_EDGE('',*,*,#12799,.F.);
#13178 = ORIENTED_EDGE('',*,*,#13172,.F.);
#13179 = CYLINDRICAL_SURFACE('',#13180,1.05);
#13180 = AXIS2_PLACEMENT_3D('',#13181,#13182,#13183);
#13181 = CARTESIAN_POINT('',(164.56,-103.81,-4.6E-02));
#13182 = DIRECTION('',(-0.,-0.,-1.));
#13183 = DIRECTION('',(-0.,-1.,0.));
#13184 = ADVANCED_FACE('',(#13185),#13196,.F.);
#13185 = FACE_BOUND('',#13186,.T.);
#13186 = EDGE_LOOP('',(#13187,#13188,#13194,#13195));
#13187 = ORIENTED_EDGE('',*,*,#12472,.T.);
#13188 = ORIENTED_EDGE('',*,*,#13189,.T.);
#13189 = EDGE_CURVE('',#12473,#12811,#13190,.T.);
#13190 = LINE('',#13191,#13192);
#13191 = CARTESIAN_POINT('',(195.5775,-103.79,-4.6E-02));
#13192 = VECTOR('',#13193,1.);
#13193 = DIRECTION('',(0.,0.,1.));
#13194 = ORIENTED_EDGE('',*,*,#12810,.F.);
#13195 = ORIENTED_EDGE('',*,*,#13189,.F.);
#13196 = CYLINDRICAL_SURFACE('',#13197,0.4);
#13197 = AXIS2_PLACEMENT_3D('',#13198,#13199,#13200);
#13198 = CARTESIAN_POINT('',(195.5775,-103.39,-4.6E-02));
#13199 = DIRECTION('',(-0.,-0.,-1.));
#13200 = DIRECTION('',(-0.,-1.,0.));
#13201 = ADVANCED_FACE('',(#13202),#13213,.F.);
#13202 = FACE_BOUND('',#13203,.T.);
#13203 = EDGE_LOOP('',(#13204,#13205,#13211,#13212));
#13204 = ORIENTED_EDGE('',*,*,#12483,.T.);
#13205 = ORIENTED_EDGE('',*,*,#13206,.T.);
#13206 = EDGE_CURVE('',#12484,#12822,#13207,.T.);
#13207 = LINE('',#13208,#13209);
#13208 = CARTESIAN_POINT('',(203.1975,-103.79,-4.6E-02));
#13209 = VECTOR('',#13210,1.);
#13210 = DIRECTION('',(0.,0.,1.));
#13211 = ORIENTED_EDGE('',*,*,#12821,.F.);
#13212 = ORIENTED_EDGE('',*,*,#13206,.F.);
#13213 = CYLINDRICAL_SURFACE('',#13214,0.4);
#13214 = AXIS2_PLACEMENT_3D('',#13215,#13216,#13217);
#13215 = CARTESIAN_POINT('',(203.1975,-103.39,-4.6E-02));
#13216 = DIRECTION('',(-0.,-0.,-1.));
#13217 = DIRECTION('',(-0.,-1.,0.));
#13218 = ADVANCED_FACE('',(#13219),#13230,.F.);
#13219 = FACE_BOUND('',#13220,.T.);
#13220 = EDGE_LOOP('',(#13221,#13222,#13228,#13229));
#13221 = ORIENTED_EDGE('',*,*,#12494,.T.);
#13222 = ORIENTED_EDGE('',*,*,#13223,.T.);
#13223 = EDGE_CURVE('',#12495,#12833,#13224,.T.);
#13224 = LINE('',#13225,#13226);
#13225 = CARTESIAN_POINT('',(195.5775,-101.25,-4.6E-02));
#13226 = VECTOR('',#13227,1.);
#13227 = DIRECTION('',(0.,0.,1.));
#13228 = ORIENTED_EDGE('',*,*,#12832,.F.);
#13229 = ORIENTED_EDGE('',*,*,#13223,.F.);
#13230 = CYLINDRICAL_SURFACE('',#13231,0.4);
#13231 = AXIS2_PLACEMENT_3D('',#13232,#13233,#13234);
#13232 = CARTESIAN_POINT('',(195.5775,-100.85,-4.6E-02));
#13233 = DIRECTION('',(-0.,-0.,-1.));
#13234 = DIRECTION('',(-0.,-1.,0.));
#13235 = ADVANCED_FACE('',(#13236),#13247,.F.);
#13236 = FACE_BOUND('',#13237,.T.);
#13237 = EDGE_LOOP('',(#13238,#13239,#13245,#13246));
#13238 = ORIENTED_EDGE('',*,*,#12505,.T.);
#13239 = ORIENTED_EDGE('',*,*,#13240,.T.);
#13240 = EDGE_CURVE('',#12506,#12844,#13241,.T.);
#13241 = LINE('',#13242,#13243);
#13242 = CARTESIAN_POINT('',(203.1975,-101.25,-4.6E-02));
#13243 = VECTOR('',#13244,1.);
#13244 = DIRECTION('',(0.,0.,1.));
#13245 = ORIENTED_EDGE('',*,*,#12843,.F.);
#13246 = ORIENTED_EDGE('',*,*,#13240,.F.);
#13247 = CYLINDRICAL_SURFACE('',#13248,0.4);
#13248 = AXIS2_PLACEMENT_3D('',#13249,#13250,#13251);
#13249 = CARTESIAN_POINT('',(203.1975,-100.85,-4.6E-02));
#13250 = DIRECTION('',(-0.,-0.,-1.));
#13251 = DIRECTION('',(-0.,-1.,0.));
#13252 = ADVANCED_FACE('',(#13253),#13264,.F.);
#13253 = FACE_BOUND('',#13254,.T.);
#13254 = EDGE_LOOP('',(#13255,#13256,#13262,#13263));
#13255 = ORIENTED_EDGE('',*,*,#12516,.T.);
#13256 = ORIENTED_EDGE('',*,*,#13257,.T.);
#13257 = EDGE_CURVE('',#12517,#12855,#13258,.T.);
#13258 = LINE('',#13259,#13260);
#13259 = CARTESIAN_POINT('',(217.56,-104.86,-4.6E-02));
#13260 = VECTOR('',#13261,1.);
#13261 = DIRECTION('',(0.,0.,1.));
#13262 = ORIENTED_EDGE('',*,*,#12854,.F.);
#13263 = ORIENTED_EDGE('',*,*,#13257,.F.);
#13264 = CYLINDRICAL_SURFACE('',#13265,1.05);
#13265 = AXIS2_PLACEMENT_3D('',#13266,#13267,#13268);
#13266 = CARTESIAN_POINT('',(217.56,-103.81,-4.6E-02));
#13267 = DIRECTION('',(-0.,-0.,-1.));
#13268 = DIRECTION('',(-0.,-1.,0.));
#13269 = ADVANCED_FACE('',(#13270),#13281,.F.);
#13270 = FACE_BOUND('',#13271,.T.);
#13271 = EDGE_LOOP('',(#13272,#13273,#13279,#13280));
#13272 = ORIENTED_EDGE('',*,*,#12527,.T.);
#13273 = ORIENTED_EDGE('',*,*,#13274,.T.);
#13274 = EDGE_CURVE('',#12528,#12866,#13275,.T.);
#13275 = LINE('',#13276,#13277);
#13276 = CARTESIAN_POINT('',(195.5775,-98.71,-4.6E-02));
#13277 = VECTOR('',#13278,1.);
#13278 = DIRECTION('',(0.,0.,1.));
#13279 = ORIENTED_EDGE('',*,*,#12865,.F.);
#13280 = ORIENTED_EDGE('',*,*,#13274,.F.);
#13281 = CYLINDRICAL_SURFACE('',#13282,0.4);
#13282 = AXIS2_PLACEMENT_3D('',#13283,#13284,#13285);
#13283 = CARTESIAN_POINT('',(195.5775,-98.31,-4.6E-02));
#13284 = DIRECTION('',(-0.,-0.,-1.));
#13285 = DIRECTION('',(-0.,-1.,0.));
#13286 = ADVANCED_FACE('',(#13287),#13298,.F.);
#13287 = FACE_BOUND('',#13288,.T.);
#13288 = EDGE_LOOP('',(#13289,#13290,#13296,#13297));
#13289 = ORIENTED_EDGE('',*,*,#12538,.T.);
#13290 = ORIENTED_EDGE('',*,*,#13291,.T.);
#13291 = EDGE_CURVE('',#12539,#12877,#13292,.T.);
#13292 = LINE('',#13293,#13294);
#13293 = CARTESIAN_POINT('',(203.1975,-98.71,-4.6E-02));
#13294 = VECTOR('',#13295,1.);
#13295 = DIRECTION('',(0.,0.,1.));
#13296 = ORIENTED_EDGE('',*,*,#12876,.F.);
#13297 = ORIENTED_EDGE('',*,*,#13291,.F.);
#13298 = CYLINDRICAL_SURFACE('',#13299,0.4);
#13299 = AXIS2_PLACEMENT_3D('',#13300,#13301,#13302);
#13300 = CARTESIAN_POINT('',(203.1975,-98.31,-4.6E-02));
#13301 = DIRECTION('',(-0.,-0.,-1.));
#13302 = DIRECTION('',(-0.,-1.,0.));
#13303 = ADVANCED_FACE('',(#13304),#13315,.F.);
#13304 = FACE_BOUND('',#13305,.T.);
#13305 = EDGE_LOOP('',(#13306,#13307,#13313,#13314));
#13306 = ORIENTED_EDGE('',*,*,#12549,.T.);
#13307 = ORIENTED_EDGE('',*,*,#13308,.T.);
#13308 = EDGE_CURVE('',#12550,#12888,#13309,.T.);
#13309 = LINE('',#13310,#13311);
#13310 = CARTESIAN_POINT('',(195.5775,-96.17,-4.6E-02));
#13311 = VECTOR('',#13312,1.);
#13312 = DIRECTION('',(0.,0.,1.));
#13313 = ORIENTED_EDGE('',*,*,#12887,.F.);
#13314 = ORIENTED_EDGE('',*,*,#13308,.F.);
#13315 = CYLINDRICAL_SURFACE('',#13316,0.4);
#13316 = AXIS2_PLACEMENT_3D('',#13317,#13318,#13319);
#13317 = CARTESIAN_POINT('',(195.5775,-95.77,-4.6E-02));
#13318 = DIRECTION('',(-0.,-0.,-1.));
#13319 = DIRECTION('',(-0.,-1.,0.));
#13320 = ADVANCED_FACE('',(#13321),#13332,.F.);
#13321 = FACE_BOUND('',#13322,.T.);
#13322 = EDGE_LOOP('',(#13323,#13324,#13330,#13331));
#13323 = ORIENTED_EDGE('',*,*,#12560,.T.);
#13324 = ORIENTED_EDGE('',*,*,#13325,.T.);
#13325 = EDGE_CURVE('',#12561,#12899,#13326,.T.);
#13326 = LINE('',#13327,#13328);
#13327 = CARTESIAN_POINT('',(203.1975,-96.17,-4.6E-02));
#13328 = VECTOR('',#13329,1.);
#13329 = DIRECTION('',(0.,0.,1.));
#13330 = ORIENTED_EDGE('',*,*,#12898,.F.);
#13331 = ORIENTED_EDGE('',*,*,#13325,.F.);
#13332 = CYLINDRICAL_SURFACE('',#13333,0.4);
#13333 = AXIS2_PLACEMENT_3D('',#13334,#13335,#13336);
#13334 = CARTESIAN_POINT('',(203.1975,-95.77,-4.6E-02));
#13335 = DIRECTION('',(-0.,-0.,-1.));
#13336 = DIRECTION('',(-0.,-1.,0.));
#13337 = ADVANCED_FACE('',(#13338),#13349,.F.);
#13338 = FACE_BOUND('',#13339,.T.);
#13339 = EDGE_LOOP('',(#13340,#13341,#13347,#13348));
#13340 = ORIENTED_EDGE('',*,*,#12571,.T.);
#13341 = ORIENTED_EDGE('',*,*,#13342,.T.);
#13342 = EDGE_CURVE('',#12572,#12910,#13343,.T.);
#13343 = LINE('',#13344,#13345);
#13344 = CARTESIAN_POINT('',(210.6975,-99.785,-4.6E-02));
#13345 = VECTOR('',#13346,1.);
#13346 = DIRECTION('',(0.,0.,1.));
#13347 = ORIENTED_EDGE('',*,*,#12909,.F.);
#13348 = ORIENTED_EDGE('',*,*,#13342,.F.);
#13349 = CYLINDRICAL_SURFACE('',#13350,0.475);
#13350 = AXIS2_PLACEMENT_3D('',#13351,#13352,#13353);
#13351 = CARTESIAN_POINT('',(210.6975,-99.31,-4.6E-02));
#13352 = DIRECTION('',(-0.,-0.,-1.));
#13353 = DIRECTION('',(-0.,-1.,0.));
#13354 = ADVANCED_FACE('',(#13355),#13366,.F.);
#13355 = FACE_BOUND('',#13356,.T.);
#13356 = EDGE_LOOP('',(#13357,#13358,#13364,#13365));
#13357 = ORIENTED_EDGE('',*,*,#12582,.T.);
#13358 = ORIENTED_EDGE('',*,*,#13359,.T.);
#13359 = EDGE_CURVE('',#12583,#12921,#13360,.T.);
#13360 = LINE('',#13361,#13362);
#13361 = CARTESIAN_POINT('',(210.6975,-97.285,-4.6E-02));
#13362 = VECTOR('',#13363,1.);
#13363 = DIRECTION('',(0.,0.,1.));
#13364 = ORIENTED_EDGE('',*,*,#12920,.F.);
#13365 = ORIENTED_EDGE('',*,*,#13359,.F.);
#13366 = CYLINDRICAL_SURFACE('',#13367,0.475);
#13367 = AXIS2_PLACEMENT_3D('',#13368,#13369,#13370);
#13368 = CARTESIAN_POINT('',(210.6975,-96.81,-4.6E-02));
#13369 = DIRECTION('',(-0.,-0.,-1.));
#13370 = DIRECTION('',(-0.,-1.,0.));
#13371 = ADVANCED_FACE('',(#13372),#13383,.F.);
#13372 = FACE_BOUND('',#13373,.T.);
#13373 = EDGE_LOOP('',(#13374,#13375,#13381,#13382));
#13374 = ORIENTED_EDGE('',*,*,#12593,.T.);
#13375 = ORIENTED_EDGE('',*,*,#13376,.T.);
#13376 = EDGE_CURVE('',#12594,#12932,#13377,.T.);
#13377 = LINE('',#13378,#13379);
#13378 = CARTESIAN_POINT('',(164.56,-87.86,-4.6E-02));
#13379 = VECTOR('',#13380,1.);
#13380 = DIRECTION('',(0.,0.,1.));
#13381 = ORIENTED_EDGE('',*,*,#12931,.F.);
#13382 = ORIENTED_EDGE('',*,*,#13376,.F.);
#13383 = CYLINDRICAL_SURFACE('',#13384,1.05);
#13384 = AXIS2_PLACEMENT_3D('',#13385,#13386,#13387);
#13385 = CARTESIAN_POINT('',(164.56,-86.81,-4.6E-02));
#13386 = DIRECTION('',(-0.,-0.,-1.));
#13387 = DIRECTION('',(-0.,-1.,0.));
#13388 = ADVANCED_FACE('',(#13389),#13400,.F.);
#13389 = FACE_BOUND('',#13390,.T.);
#13390 = EDGE_LOOP('',(#13391,#13392,#13398,#13399));
#13391 = ORIENTED_EDGE('',*,*,#12604,.T.);
#13392 = ORIENTED_EDGE('',*,*,#13393,.T.);
#13393 = EDGE_CURVE('',#12605,#12943,#13394,.T.);
#13394 = LINE('',#13395,#13396);
#13395 = CARTESIAN_POINT('',(195.5775,-93.63,-4.6E-02));
#13396 = VECTOR('',#13397,1.);
#13397 = DIRECTION('',(0.,0.,1.));
#13398 = ORIENTED_EDGE('',*,*,#12942,.F.);
#13399 = ORIENTED_EDGE('',*,*,#13393,.F.);
#13400 = CYLINDRICAL_SURFACE('',#13401,0.4);
#13401 = AXIS2_PLACEMENT_3D('',#13402,#13403,#13404);
#13402 = CARTESIAN_POINT('',(195.5775,-93.23,-4.6E-02));
#13403 = DIRECTION('',(-0.,-0.,-1.));
#13404 = DIRECTION('',(-0.,-1.,0.));
#13405 = ADVANCED_FACE('',(#13406),#13417,.F.);
#13406 = FACE_BOUND('',#13407,.T.);
#13407 = EDGE_LOOP('',(#13408,#13409,#13415,#13416));
#13408 = ORIENTED_EDGE('',*,*,#12615,.T.);
#13409 = ORIENTED_EDGE('',*,*,#13410,.T.);
#13410 = EDGE_CURVE('',#12616,#12954,#13411,.T.);
#13411 = LINE('',#13412,#13413);
#13412 = CARTESIAN_POINT('',(203.1975,-93.63,-4.6E-02));
#13413 = VECTOR('',#13414,1.);
#13414 = DIRECTION('',(0.,0.,1.));
#13415 = ORIENTED_EDGE('',*,*,#12953,.F.);
#13416 = ORIENTED_EDGE('',*,*,#13410,.F.);
#13417 = CYLINDRICAL_SURFACE('',#13418,0.4);
#13418 = AXIS2_PLACEMENT_3D('',#13419,#13420,#13421);
#13419 = CARTESIAN_POINT('',(203.1975,-93.23,-4.6E-02));
#13420 = DIRECTION('',(-0.,-0.,-1.));
#13421 = DIRECTION('',(-0.,-1.,0.));
#13422 = ADVANCED_FACE('',(#13423),#13434,.F.);
#13423 = FACE_BOUND('',#13424,.T.);
#13424 = EDGE_LOOP('',(#13425,#13426,#13432,#13433));
#13425 = ORIENTED_EDGE('',*,*,#12626,.T.);
#13426 = ORIENTED_EDGE('',*,*,#13427,.T.);
#13427 = EDGE_CURVE('',#12627,#12965,#13428,.T.);
#13428 = LINE('',#13429,#13430);
#13429 = CARTESIAN_POINT('',(195.5775,-91.09,-4.6E-02));
#13430 = VECTOR('',#13431,1.);
#13431 = DIRECTION('',(0.,0.,1.));
#13432 = ORIENTED_EDGE('',*,*,#12964,.F.);
#13433 = ORIENTED_EDGE('',*,*,#13427,.F.);
#13434 = CYLINDRICAL_SURFACE('',#13435,0.4);
#13435 = AXIS2_PLACEMENT_3D('',#13436,#13437,#13438);
#13436 = CARTESIAN_POINT('',(195.5775,-90.69,-4.6E-02));
#13437 = DIRECTION('',(-0.,-0.,-1.));
#13438 = DIRECTION('',(-0.,-1.,0.));
#13439 = ADVANCED_FACE('',(#13440),#13451,.F.);
#13440 = FACE_BOUND('',#13441,.T.);
#13441 = EDGE_LOOP('',(#13442,#13443,#13449,#13450));
#13442 = ORIENTED_EDGE('',*,*,#12637,.T.);
#13443 = ORIENTED_EDGE('',*,*,#13444,.T.);
#13444 = EDGE_CURVE('',#12638,#12976,#13445,.T.);
#13445 = LINE('',#13446,#13447);
#13446 = CARTESIAN_POINT('',(203.1975,-91.09,-4.6E-02));
#13447 = VECTOR('',#13448,1.);
#13448 = DIRECTION('',(0.,0.,1.));
#13449 = ORIENTED_EDGE('',*,*,#12975,.F.);
#13450 = ORIENTED_EDGE('',*,*,#13444,.F.);
#13451 = CYLINDRICAL_SURFACE('',#13452,0.4);
#13452 = AXIS2_PLACEMENT_3D('',#13453,#13454,#13455);
#13453 = CARTESIAN_POINT('',(203.1975,-90.69,-4.6E-02));
#13454 = DIRECTION('',(-0.,-0.,-1.));
#13455 = DIRECTION('',(-0.,-1.,0.));
#13456 = ADVANCED_FACE('',(#13457),#13468,.F.);
#13457 = FACE_BOUND('',#13458,.T.);
#13458 = EDGE_LOOP('',(#13459,#13460,#13466,#13467));
#13459 = ORIENTED_EDGE('',*,*,#12648,.T.);
#13460 = ORIENTED_EDGE('',*,*,#13461,.T.);
#13461 = EDGE_CURVE('',#12649,#12987,#13462,.T.);
#13462 = LINE('',#13463,#13464);
#13463 = CARTESIAN_POINT('',(210.6975,-94.785,-4.6E-02));
#13464 = VECTOR('',#13465,1.);
#13465 = DIRECTION('',(0.,0.,1.));
#13466 = ORIENTED_EDGE('',*,*,#12986,.F.);
#13467 = ORIENTED_EDGE('',*,*,#13461,.F.);
#13468 = CYLINDRICAL_SURFACE('',#13469,0.475);
#13469 = AXIS2_PLACEMENT_3D('',#13470,#13471,#13472);
#13470 = CARTESIAN_POINT('',(210.6975,-94.31,-4.6E-02));
#13471 = DIRECTION('',(-0.,-0.,-1.));
#13472 = DIRECTION('',(-0.,-1.,0.));
#13473 = ADVANCED_FACE('',(#13474),#13485,.F.);
#13474 = FACE_BOUND('',#13475,.T.);
#13475 = EDGE_LOOP('',(#13476,#13477,#13483,#13484));
#13476 = ORIENTED_EDGE('',*,*,#12659,.T.);
#13477 = ORIENTED_EDGE('',*,*,#13478,.T.);
#13478 = EDGE_CURVE('',#12660,#12998,#13479,.T.);
#13479 = LINE('',#13480,#13481);
#13480 = CARTESIAN_POINT('',(210.6975,-92.285,-4.6E-02));
#13481 = VECTOR('',#13482,1.);
#13482 = DIRECTION('',(0.,0.,1.));
#13483 = ORIENTED_EDGE('',*,*,#12997,.F.);
#13484 = ORIENTED_EDGE('',*,*,#13478,.F.);
#13485 = CYLINDRICAL_SURFACE('',#13486,0.475);
#13486 = AXIS2_PLACEMENT_3D('',#13487,#13488,#13489);
#13487 = CARTESIAN_POINT('',(210.6975,-91.81,-4.6E-02));
#13488 = DIRECTION('',(-0.,-0.,-1.));
#13489 = DIRECTION('',(-0.,-1.,0.));
#13490 = ADVANCED_FACE('',(#13491),#13502,.F.);
#13491 = FACE_BOUND('',#13492,.T.);
#13492 = EDGE_LOOP('',(#13493,#13494,#13500,#13501));
#13493 = ORIENTED_EDGE('',*,*,#12670,.T.);
#13494 = ORIENTED_EDGE('',*,*,#13495,.T.);
#13495 = EDGE_CURVE('',#12671,#13009,#13496,.T.);
#13496 = LINE('',#13497,#13498);
#13497 = CARTESIAN_POINT('',(195.5775,-88.55,-4.6E-02));
#13498 = VECTOR('',#13499,1.);
#13499 = DIRECTION('',(0.,0.,1.));
#13500 = ORIENTED_EDGE('',*,*,#13008,.F.);
#13501 = ORIENTED_EDGE('',*,*,#13495,.F.);
#13502 = CYLINDRICAL_SURFACE('',#13503,0.4);
#13503 = AXIS2_PLACEMENT_3D('',#13504,#13505,#13506);
#13504 = CARTESIAN_POINT('',(195.5775,-88.15,-4.6E-02));
#13505 = DIRECTION('',(-0.,-0.,-1.));
#13506 = DIRECTION('',(-0.,-1.,0.));
#13507 = ADVANCED_FACE('',(#13508),#13519,.F.);
#13508 = FACE_BOUND('',#13509,.T.);
#13509 = EDGE_LOOP('',(#13510,#13511,#13517,#13518));
#13510 = ORIENTED_EDGE('',*,*,#12681,.T.);
#13511 = ORIENTED_EDGE('',*,*,#13512,.T.);
#13512 = EDGE_CURVE('',#12682,#13020,#13513,.T.);
#13513 = LINE('',#13514,#13515);
#13514 = CARTESIAN_POINT('',(203.1975,-88.55,-4.6E-02));
#13515 = VECTOR('',#13516,1.);
#13516 = DIRECTION('',(0.,0.,1.));
#13517 = ORIENTED_EDGE('',*,*,#13019,.F.);
#13518 = ORIENTED_EDGE('',*,*,#13512,.F.);
#13519 = CYLINDRICAL_SURFACE('',#13520,0.4);
#13520 = AXIS2_PLACEMENT_3D('',#13521,#13522,#13523);
#13521 = CARTESIAN_POINT('',(203.1975,-88.15,-4.6E-02));
#13522 = DIRECTION('',(-0.,-0.,-1.));
#13523 = DIRECTION('',(-0.,-1.,0.));
#13524 = ADVANCED_FACE('',(#13525),#13536,.F.);
#13525 = FACE_BOUND('',#13526,.T.);
#13526 = EDGE_LOOP('',(#13527,#13528,#13534,#13535));
#13527 = ORIENTED_EDGE('',*,*,#12692,.T.);
#13528 = ORIENTED_EDGE('',*,*,#13529,.T.);
#13529 = EDGE_CURVE('',#12693,#13031,#13530,.T.);
#13530 = LINE('',#13531,#13532);
#13531 = CARTESIAN_POINT('',(195.5775,-86.01,-4.6E-02));
#13532 = VECTOR('',#13533,1.);
#13533 = DIRECTION('',(0.,0.,1.));
#13534 = ORIENTED_EDGE('',*,*,#13030,.F.);
#13535 = ORIENTED_EDGE('',*,*,#13529,.F.);
#13536 = CYLINDRICAL_SURFACE('',#13537,0.4);
#13537 = AXIS2_PLACEMENT_3D('',#13538,#13539,#13540);
#13538 = CARTESIAN_POINT('',(195.5775,-85.61,-4.6E-02));
#13539 = DIRECTION('',(-0.,-0.,-1.));
#13540 = DIRECTION('',(-0.,-1.,0.));
#13541 = ADVANCED_FACE('',(#13542),#13553,.F.);
#13542 = FACE_BOUND('',#13543,.T.);
#13543 = EDGE_LOOP('',(#13544,#13545,#13551,#13552));
#13544 = ORIENTED_EDGE('',*,*,#12703,.T.);
#13545 = ORIENTED_EDGE('',*,*,#13546,.T.);
#13546 = EDGE_CURVE('',#12704,#13042,#13547,.T.);
#13547 = LINE('',#13548,#13549);
#13548 = CARTESIAN_POINT('',(203.1975,-86.01,-4.6E-02));
#13549 = VECTOR('',#13550,1.);
#13550 = DIRECTION('',(0.,0.,1.));
#13551 = ORIENTED_EDGE('',*,*,#13041,.F.);
#13552 = ORIENTED_EDGE('',*,*,#13546,.F.);
#13553 = CYLINDRICAL_SURFACE('',#13554,0.4);
#13554 = AXIS2_PLACEMENT_3D('',#13555,#13556,#13557);
#13555 = CARTESIAN_POINT('',(203.1975,-85.61,-4.6E-02));
#13556 = DIRECTION('',(-0.,-0.,-1.));
#13557 = DIRECTION('',(-0.,-1.,0.));
#13558 = ADVANCED_FACE('',(#13559),#13570,.F.);
#13559 = FACE_BOUND('',#13560,.T.);
#13560 = EDGE_LOOP('',(#13561,#13562,#13568,#13569));
#13561 = ORIENTED_EDGE('',*,*,#12714,.T.);
#13562 = ORIENTED_EDGE('',*,*,#13563,.T.);
#13563 = EDGE_CURVE('',#12715,#13053,#13564,.T.);
#13564 = LINE('',#13565,#13566);
#13565 = CARTESIAN_POINT('',(210.6975,-89.785,-4.6E-02));
#13566 = VECTOR('',#13567,1.);
#13567 = DIRECTION('',(0.,0.,1.));
#13568 = ORIENTED_EDGE('',*,*,#13052,.F.);
#13569 = ORIENTED_EDGE('',*,*,#13563,.F.);
#13570 = CYLINDRICAL_SURFACE('',#13571,0.475);
#13571 = AXIS2_PLACEMENT_3D('',#13572,#13573,#13574);
#13572 = CARTESIAN_POINT('',(210.6975,-89.31,-4.6E-02));
#13573 = DIRECTION('',(-0.,-0.,-1.));
#13574 = DIRECTION('',(-0.,-1.,0.));
#13575 = ADVANCED_FACE('',(#13576),#13587,.F.);
#13576 = FACE_BOUND('',#13577,.T.);
#13577 = EDGE_LOOP('',(#13578,#13579,#13585,#13586));
#13578 = ORIENTED_EDGE('',*,*,#12725,.T.);
#13579 = ORIENTED_EDGE('',*,*,#13580,.T.);
#13580 = EDGE_CURVE('',#12726,#13064,#13581,.T.);
#13581 = LINE('',#13582,#13583);
#13582 = CARTESIAN_POINT('',(208.6975,-88.31,-4.6E-02));
#13583 = VECTOR('',#13584,1.);
#13584 = DIRECTION('',(0.,0.,1.));
#13585 = ORIENTED_EDGE('',*,*,#13063,.F.);
#13586 = ORIENTED_EDGE('',*,*,#13580,.F.);
#13587 = CYLINDRICAL_SURFACE('',#13588,0.6);
#13588 = AXIS2_PLACEMENT_3D('',#13589,#13590,#13591);
#13589 = CARTESIAN_POINT('',(208.6975,-87.71,-4.6E-02));
#13590 = DIRECTION('',(-0.,-0.,-1.));
#13591 = DIRECTION('',(-0.,-1.,0.));
#13592 = ADVANCED_FACE('',(#13593),#13604,.F.);
#13593 = FACE_BOUND('',#13594,.T.);
#13594 = EDGE_LOOP('',(#13595,#13596,#13602,#13603));
#13595 = ORIENTED_EDGE('',*,*,#12736,.T.);
#13596 = ORIENTED_EDGE('',*,*,#13597,.T.);
#13597 = EDGE_CURVE('',#12737,#13075,#13598,.T.);
#13598 = LINE('',#13599,#13600);
#13599 = CARTESIAN_POINT('',(217.56,-87.86,-4.6E-02));
#13600 = VECTOR('',#13601,1.);
#13601 = DIRECTION('',(0.,0.,1.));
#13602 = ORIENTED_EDGE('',*,*,#13074,.F.);
#13603 = ORIENTED_EDGE('',*,*,#13597,.F.);
#13604 = CYLINDRICAL_SURFACE('',#13605,1.05);
#13605 = AXIS2_PLACEMENT_3D('',#13606,#13607,#13608);
#13606 = CARTESIAN_POINT('',(217.56,-86.81,-4.6E-02));
#13607 = DIRECTION('',(-0.,-0.,-1.));
#13608 = DIRECTION('',(-0.,-1.,0.));
#13609 = ( GEOMETRIC_REPRESENTATION_CONTEXT(3) 
GLOBAL_UNCERTAINTY_ASSIGNED_CONTEXT((#13613)) 
GLOBAL_UNIT_ASSIGNED_CONTEXT((#13610,#13611,#13612)) 
REPRESENTATION_CONTEXT('Context #1',
  '3D Context with UNIT and UNCERTAINTY') );
#13610 = ( LENGTH_UNIT() NAMED_UNIT(*) SI_UNIT(.MILLI.,.METRE.) );
#13611 = ( NAMED_UNIT(*) PLANE_ANGLE_UNIT() SI_UNIT($,.RADIAN.) );
#13612 = ( NAMED_UNIT(*) SI_UNIT($,.STERADIAN.) SOLID_ANGLE_UNIT() );
#13613 = UNCERTAINTY_MEASURE_WITH_UNIT(LENGTH_MEASURE(1.E-07),#13610,
  'distance_accuracy_value','confusion accuracy');
#13614 = CONTEXT_DEPENDENT_SHAPE_REPRESENTATION(#13615,#13617);
#13615 = ( REPRESENTATION_RELATIONSHIP('','',#12304,#10) 
REPRESENTATION_RELATIONSHIP_WITH_TRANSFORMATION(#13616) 
SHAPE_REPRESENTATION_RELATIONSHIP() );
#13616 = ITEM_DEFINED_TRANSFORMATION('','',#11,#35);
#13617 = PRODUCT_DEFINITION_SHAPE('Placement','Placement of an item',
  #13618);
#13618 = NEXT_ASSEMBLY_USAGE_OCCURRENCE('6','=>[0:1:1:6]','',#5,#12299,$
  );
#13619 = PRODUCT_RELATED_PRODUCT_CATEGORY('part',$,(#12301));
#13620 = MECHANICAL_DESIGN_GEOMETRIC_PRESENTATION_REPRESENTATION('',(
    #13621),#13609);
#13621 = STYLED_ITEM('color',(#13622),#12305);
#13622 = PRESENTATION_STYLE_ASSIGNMENT((#13623));
#13623 = SURFACE_STYLE_USAGE(.BOTH.,#13624);
#13624 = SURFACE_SIDE_STYLE('',(#13625));
#13625 = SURFACE_STYLE_FILL_AREA(#13626);
#13626 = FILL_AREA_STYLE('',(#13627));
#13627 = FILL_AREA_STYLE_COLOUR('',#13628);
#13628 = COLOUR_RGB('',0.313304153717,0.484529207832,0.410020903123);
#13629 = MECHANICAL_DESIGN_GEOMETRIC_PRESENTATION_REPRESENTATION('',(
    #13630,#13638,#13645,#13652,#13659,#13666,#13673,#13680,#13688,
    #13695,#13702,#13709,#13716,#13723,#13731,#13738,#13745,#13752,
    #13759,#13766,#13773,#13780,#13787,#13794,#13801,#13808),#2385);
#13630 = STYLED_ITEM('color',(#13631),#1597);
#13631 = PRESENTATION_STYLE_ASSIGNMENT((#13632));
#13632 = SURFACE_STYLE_USAGE(.BOTH.,#13633);
#13633 = SURFACE_SIDE_STYLE('',(#13634));
#13634 = SURFACE_STYLE_FILL_AREA(#13635);
#13635 = FILL_AREA_STYLE('',(#13636));
#13636 = FILL_AREA_STYLE_COLOUR('',#13637);
#13637 = COLOUR_RGB('',0.823999987314,0.819999987296,0.781000009244);
#13638 = STYLED_ITEM('color',(#13639),#1637);
#13639 = PRESENTATION_STYLE_ASSIGNMENT((#13640));
#13640 = SURFACE_STYLE_USAGE(.BOTH.,#13641);
#13641 = SURFACE_SIDE_STYLE('',(#13642));
#13642 = SURFACE_STYLE_FILL_AREA(#13643);
#13643 = FILL_AREA_STYLE('',(#13644));
#13644 = FILL_AREA_STYLE_COLOUR('',#13637);
#13645 = STYLED_ITEM('color',(#13646),#1720);
#13646 = PRESENTATION_STYLE_ASSIGNMENT((#13647));
#13647 = SURFACE_STYLE_USAGE(.BOTH.,#13648);
#13648 = SURFACE_SIDE_STYLE('',(#13649));
#13649 = SURFACE_STYLE_FILL_AREA(#13650);
#13650 = FILL_AREA_STYLE('',(#13651));
#13651 = FILL_AREA_STYLE_COLOUR('',#13637);
#13652 = STYLED_ITEM('color',(#13653),#1745);
#13653 = PRESENTATION_STYLE_ASSIGNMENT((#13654));
#13654 = SURFACE_STYLE_USAGE(.BOTH.,#13655);
#13655 = SURFACE_SIDE_STYLE('',(#13656));
#13656 = SURFACE_STYLE_FILL_AREA(#13657);
#13657 = FILL_AREA_STYLE('',(#13658));
#13658 = FILL_AREA_STYLE_COLOUR('',#13637);
#13659 = STYLED_ITEM('color',(#13660),#1770);
#13660 = PRESENTATION_STYLE_ASSIGNMENT((#13661));
#13661 = SURFACE_STYLE_USAGE(.BOTH.,#13662);
#13662 = SURFACE_SIDE_STYLE('',(#13663));
#13663 = SURFACE_STYLE_FILL_AREA(#13664);
#13664 = FILL_AREA_STYLE('',(#13665));
#13665 = FILL_AREA_STYLE_COLOUR('',#13637);
#13666 = STYLED_ITEM('color',(#13667),#1837);
#13667 = PRESENTATION_STYLE_ASSIGNMENT((#13668));
#13668 = SURFACE_STYLE_USAGE(.BOTH.,#13669);
#13669 = SURFACE_SIDE_STYLE('',(#13670));
#13670 = SURFACE_STYLE_FILL_AREA(#13671);
#13671 = FILL_AREA_STYLE('',(#13672));
#13672 = FILL_AREA_STYLE_COLOUR('',#13637);
#13673 = STYLED_ITEM('color',(#13674),#1854);
#13674 = PRESENTATION_STYLE_ASSIGNMENT((#13675));
#13675 = SURFACE_STYLE_USAGE(.BOTH.,#13676);
#13676 = SURFACE_SIDE_STYLE('',(#13677));
#13677 = SURFACE_STYLE_FILL_AREA(#13678);
#13678 = FILL_AREA_STYLE('',(#13679));
#13679 = FILL_AREA_STYLE_COLOUR('',#13637);
#13680 = STYLED_ITEM('color',(#13681),#1871);
#13681 = PRESENTATION_STYLE_ASSIGNMENT((#13682));
#13682 = SURFACE_STYLE_USAGE(.BOTH.,#13683);
#13683 = SURFACE_SIDE_STYLE('',(#13684));
#13684 = SURFACE_STYLE_FILL_AREA(#13685);
#13685 = FILL_AREA_STYLE('',(#13686));
#13686 = FILL_AREA_STYLE_COLOUR('',#13687);
#13687 = COLOUR_RGB('',0.894999966383,0.890999961016,0.813000030345);
#13688 = STYLED_ITEM('color',(#13689),#1920);
#13689 = PRESENTATION_STYLE_ASSIGNMENT((#13690));
#13690 = SURFACE_STYLE_USAGE(.BOTH.,#13691);
#13691 = SURFACE_SIDE_STYLE('',(#13692));
#13692 = SURFACE_STYLE_FILL_AREA(#13693);
#13693 = FILL_AREA_STYLE('',(#13694));
#13694 = FILL_AREA_STYLE_COLOUR('',#13637);
#13695 = STYLED_ITEM('color',(#13696),#1937);
#13696 = PRESENTATION_STYLE_ASSIGNMENT((#13697));
#13697 = SURFACE_STYLE_USAGE(.BOTH.,#13698);
#13698 = SURFACE_SIDE_STYLE('',(#13699));
#13699 = SURFACE_STYLE_FILL_AREA(#13700);
#13700 = FILL_AREA_STYLE('',(#13701));
#13701 = FILL_AREA_STYLE_COLOUR('',#13637);
#13702 = STYLED_ITEM('color',(#13703),#1954);
#13703 = PRESENTATION_STYLE_ASSIGNMENT((#13704));
#13704 = SURFACE_STYLE_USAGE(.BOTH.,#13705);
#13705 = SURFACE_SIDE_STYLE('',(#13706));
#13706 = SURFACE_STYLE_FILL_AREA(#13707);
#13707 = FILL_AREA_STYLE('',(#13708));
#13708 = FILL_AREA_STYLE_COLOUR('',#13687);
#13709 = STYLED_ITEM('color',(#13710),#2003);
#13710 = PRESENTATION_STYLE_ASSIGNMENT((#13711));
#13711 = SURFACE_STYLE_USAGE(.BOTH.,#13712);
#13712 = SURFACE_SIDE_STYLE('',(#13713));
#13713 = SURFACE_STYLE_FILL_AREA(#13714);
#13714 = FILL_AREA_STYLE('',(#13715));
#13715 = FILL_AREA_STYLE_COLOUR('',#13687);
#13716 = STYLED_ITEM('color',(#13717),#2020);
#13717 = PRESENTATION_STYLE_ASSIGNMENT((#13718));
#13718 = SURFACE_STYLE_USAGE(.BOTH.,#13719);
#13719 = SURFACE_SIDE_STYLE('',(#13720));
#13720 = SURFACE_STYLE_FILL_AREA(#13721);
#13721 = FILL_AREA_STYLE('',(#13722));
#13722 = FILL_AREA_STYLE_COLOUR('',#13637);
#13723 = STYLED_ITEM('color',(#13724),#2089);
#13724 = PRESENTATION_STYLE_ASSIGNMENT((#13725));
#13725 = SURFACE_STYLE_USAGE(.BOTH.,#13726);
#13726 = SURFACE_SIDE_STYLE('',(#13727));
#13727 = SURFACE_STYLE_FILL_AREA(#13728);
#13728 = FILL_AREA_STYLE('',(#13729));
#13729 = FILL_AREA_STYLE_COLOUR('',#13730);
#13730 = COLOUR_RGB('',8.200000279077E-02,8.600000121357E-02,
  9.399999706163E-02);
#13731 = STYLED_ITEM('color',(#13732),#2120);
#13732 = PRESENTATION_STYLE_ASSIGNMENT((#13733));
#13733 = SURFACE_STYLE_USAGE(.BOTH.,#13734);
#13734 = SURFACE_SIDE_STYLE('',(#13735));
#13735 = SURFACE_STYLE_FILL_AREA(#13736);
#13736 = FILL_AREA_STYLE('',(#13737));
#13737 = FILL_AREA_STYLE_COLOUR('',#13730);
#13738 = STYLED_ITEM('color',(#13739),#2144);
#13739 = PRESENTATION_STYLE_ASSIGNMENT((#13740));
#13740 = SURFACE_STYLE_USAGE(.BOTH.,#13741);
#13741 = SURFACE_SIDE_STYLE('',(#13742));
#13742 = SURFACE_STYLE_FILL_AREA(#13743);
#13743 = FILL_AREA_STYLE('',(#13744));
#13744 = FILL_AREA_STYLE_COLOUR('',#13637);
#13745 = STYLED_ITEM('color',(#13746),#2213);
#13746 = PRESENTATION_STYLE_ASSIGNMENT((#13747));
#13747 = SURFACE_STYLE_USAGE(.BOTH.,#13748);
#13748 = SURFACE_SIDE_STYLE('',(#13749));
#13749 = SURFACE_STYLE_FILL_AREA(#13750);
#13750 = FILL_AREA_STYLE('',(#13751));
#13751 = FILL_AREA_STYLE_COLOUR('',#13730);
#13752 = STYLED_ITEM('color',(#13753),#2237);
#13753 = PRESENTATION_STYLE_ASSIGNMENT((#13754));
#13754 = SURFACE_STYLE_USAGE(.BOTH.,#13755);
#13755 = SURFACE_SIDE_STYLE('',(#13756));
#13756 = SURFACE_STYLE_FILL_AREA(#13757);
#13757 = FILL_AREA_STYLE('',(#13758));
#13758 = FILL_AREA_STYLE_COLOUR('',#13637);
#13759 = STYLED_ITEM('color',(#13760),#2254);
#13760 = PRESENTATION_STYLE_ASSIGNMENT((#13761));
#13761 = SURFACE_STYLE_USAGE(.BOTH.,#13762);
#13762 = SURFACE_SIDE_STYLE('',(#13763));
#13763 = SURFACE_STYLE_FILL_AREA(#13764);
#13764 = FILL_AREA_STYLE('',(#13765));
#13765 = FILL_AREA_STYLE_COLOUR('',#13637);
#13766 = STYLED_ITEM('color',(#13767),#2271);
#13767 = PRESENTATION_STYLE_ASSIGNMENT((#13768));
#13768 = SURFACE_STYLE_USAGE(.BOTH.,#13769);
#13769 = SURFACE_SIDE_STYLE('',(#13770));
#13770 = SURFACE_STYLE_FILL_AREA(#13771);
#13771 = FILL_AREA_STYLE('',(#13772));
#13772 = FILL_AREA_STYLE_COLOUR('',#13637);
#13773 = STYLED_ITEM('color',(#13774),#2288);
#13774 = PRESENTATION_STYLE_ASSIGNMENT((#13775));
#13775 = SURFACE_STYLE_USAGE(.BOTH.,#13776);
#13776 = SURFACE_SIDE_STYLE('',(#13777));
#13777 = SURFACE_STYLE_FILL_AREA(#13778);
#13778 = FILL_AREA_STYLE('',(#13779));
#13779 = FILL_AREA_STYLE_COLOUR('',#13637);
#13780 = STYLED_ITEM('color',(#13781),#2305);
#13781 = PRESENTATION_STYLE_ASSIGNMENT((#13782));
#13782 = SURFACE_STYLE_USAGE(.BOTH.,#13783);
#13783 = SURFACE_SIDE_STYLE('',(#13784));
#13784 = SURFACE_STYLE_FILL_AREA(#13785);
#13785 = FILL_AREA_STYLE('',(#13786));
#13786 = FILL_AREA_STYLE_COLOUR('',#13637);
#13787 = STYLED_ITEM('color',(#13788),#2322);
#13788 = PRESENTATION_STYLE_ASSIGNMENT((#13789));
#13789 = SURFACE_STYLE_USAGE(.BOTH.,#13790);
#13790 = SURFACE_SIDE_STYLE('',(#13791));
#13791 = SURFACE_STYLE_FILL_AREA(#13792);
#13792 = FILL_AREA_STYLE('',(#13793));
#13793 = FILL_AREA_STYLE_COLOUR('',#13637);
#13794 = STYLED_ITEM('color',(#13795),#2339);
#13795 = PRESENTATION_STYLE_ASSIGNMENT((#13796));
#13796 = SURFACE_STYLE_USAGE(.BOTH.,#13797);
#13797 = SURFACE_SIDE_STYLE('',(#13798));
#13798 = SURFACE_STYLE_FILL_AREA(#13799);
#13799 = FILL_AREA_STYLE('',(#13800));
#13800 = FILL_AREA_STYLE_COLOUR('',#13637);
#13801 = STYLED_ITEM('color',(#13802),#2356);
#13802 = PRESENTATION_STYLE_ASSIGNMENT((#13803));
#13803 = SURFACE_STYLE_USAGE(.BOTH.,#13804);
#13804 = SURFACE_SIDE_STYLE('',(#13805));
#13805 = SURFACE_STYLE_FILL_AREA(#13806);
#13806 = FILL_AREA_STYLE('',(#13807));
#13807 = FILL_AREA_STYLE_COLOUR('',#13730);
#13808 = STYLED_ITEM('color',(#13809),#2373);
#13809 = PRESENTATION_STYLE_ASSIGNMENT((#13810));
#13810 = SURFACE_STYLE_USAGE(.BOTH.,#13811);
#13811 = SURFACE_SIDE_STYLE('',(#13812));
#13812 = SURFACE_STYLE_FILL_AREA(#13813);
#13813 = FILL_AREA_STYLE('',(#13814));
#13814 = FILL_AREA_STYLE_COLOUR('',#13730);
#13815 = MECHANICAL_DESIGN_GEOMETRIC_PRESENTATION_REPRESENTATION('',(
    #13816,#13823,#13830,#13837,#13844,#13851,#13858,#13865,#13872,
    #13879,#13886,#13894,#13901,#13908,#13915,#13922,#13929,#13936,
    #13943,#13950,#13957,#13964,#13971,#13978,#13985,#13992,#13999,
    #14006),#3258);
#13816 = STYLED_ITEM('color',(#13817),#2406);
#13817 = PRESENTATION_STYLE_ASSIGNMENT((#13818));
#13818 = SURFACE_STYLE_USAGE(.BOTH.,#13819);
#13819 = SURFACE_SIDE_STYLE('',(#13820));
#13820 = SURFACE_STYLE_FILL_AREA(#13821);
#13821 = FILL_AREA_STYLE('',(#13822));
#13822 = FILL_AREA_STYLE_COLOUR('',#13637);
#13823 = STYLED_ITEM('color',(#13824),#2482);
#13824 = PRESENTATION_STYLE_ASSIGNMENT((#13825));
#13825 = SURFACE_STYLE_USAGE(.BOTH.,#13826);
#13826 = SURFACE_SIDE_STYLE('',(#13827));
#13827 = SURFACE_STYLE_FILL_AREA(#13828);
#13828 = FILL_AREA_STYLE('',(#13829));
#13829 = FILL_AREA_STYLE_COLOUR('',#13637);
#13830 = STYLED_ITEM('color',(#13831),#2513);
#13831 = PRESENTATION_STYLE_ASSIGNMENT((#13832));
#13832 = SURFACE_STYLE_USAGE(.BOTH.,#13833);
#13833 = SURFACE_SIDE_STYLE('',(#13834));
#13834 = SURFACE_STYLE_FILL_AREA(#13835);
#13835 = FILL_AREA_STYLE('',(#13836));
#13836 = FILL_AREA_STYLE_COLOUR('',#13637);
#13837 = STYLED_ITEM('color',(#13838),#2538);
#13838 = PRESENTATION_STYLE_ASSIGNMENT((#13839));
#13839 = SURFACE_STYLE_USAGE(.BOTH.,#13840);
#13840 = SURFACE_SIDE_STYLE('',(#13841));
#13841 = SURFACE_STYLE_FILL_AREA(#13842);
#13842 = FILL_AREA_STYLE('',(#13843));
#13843 = FILL_AREA_STYLE_COLOUR('',#13637);
#13844 = STYLED_ITEM('color',(#13845),#2563);
#13845 = PRESENTATION_STYLE_ASSIGNMENT((#13846));
#13846 = SURFACE_STYLE_USAGE(.BOTH.,#13847);
#13847 = SURFACE_SIDE_STYLE('',(#13848));
#13848 = SURFACE_STYLE_FILL_AREA(#13849);
#13849 = FILL_AREA_STYLE('',(#13850));
#13850 = FILL_AREA_STYLE_COLOUR('',#13637);
#13851 = STYLED_ITEM('color',(#13852),#2587);
#13852 = PRESENTATION_STYLE_ASSIGNMENT((#13853));
#13853 = SURFACE_STYLE_USAGE(.BOTH.,#13854);
#13854 = SURFACE_SIDE_STYLE('',(#13855));
#13855 = SURFACE_STYLE_FILL_AREA(#13856);
#13856 = FILL_AREA_STYLE('',(#13857));
#13857 = FILL_AREA_STYLE_COLOUR('',#13637);
#13858 = STYLED_ITEM('color',(#13859),#2611);
#13859 = PRESENTATION_STYLE_ASSIGNMENT((#13860));
#13860 = SURFACE_STYLE_USAGE(.BOTH.,#13861);
#13861 = SURFACE_SIDE_STYLE('',(#13862));
#13862 = SURFACE_STYLE_FILL_AREA(#13863);
#13863 = FILL_AREA_STYLE('',(#13864));
#13864 = FILL_AREA_STYLE_COLOUR('',#13637);
#13865 = STYLED_ITEM('color',(#13866),#2636);
#13866 = PRESENTATION_STYLE_ASSIGNMENT((#13867));
#13867 = SURFACE_STYLE_USAGE(.BOTH.,#13868);
#13868 = SURFACE_SIDE_STYLE('',(#13869));
#13869 = SURFACE_STYLE_FILL_AREA(#13870);
#13870 = FILL_AREA_STYLE('',(#13871));
#13871 = FILL_AREA_STYLE_COLOUR('',#13637);
#13872 = STYLED_ITEM('color',(#13873),#2661);
#13873 = PRESENTATION_STYLE_ASSIGNMENT((#13874));
#13874 = SURFACE_STYLE_USAGE(.BOTH.,#13875);
#13875 = SURFACE_SIDE_STYLE('',(#13876));
#13876 = SURFACE_STYLE_FILL_AREA(#13877);
#13877 = FILL_AREA_STYLE('',(#13878));
#13878 = FILL_AREA_STYLE_COLOUR('',#13637);
#13879 = STYLED_ITEM('color',(#13880),#2678);
#13880 = PRESENTATION_STYLE_ASSIGNMENT((#13881));
#13881 = SURFACE_STYLE_USAGE(.BOTH.,#13882);
#13882 = SURFACE_SIDE_STYLE('',(#13883));
#13883 = SURFACE_STYLE_FILL_AREA(#13884);
#13884 = FILL_AREA_STYLE('',(#13885));
#13885 = FILL_AREA_STYLE_COLOUR('',#13637);
#13886 = STYLED_ITEM('color',(#13887),#2764);
#13887 = PRESENTATION_STYLE_ASSIGNMENT((#13888));
#13888 = SURFACE_STYLE_USAGE(.BOTH.,#13889);
#13889 = SURFACE_SIDE_STYLE('',(#13890));
#13890 = SURFACE_STYLE_FILL_AREA(#13891);
#13891 = FILL_AREA_STYLE('',(#13892));
#13892 = FILL_AREA_STYLE_COLOUR('',#13893);
#13893 = COLOUR_RGB('',0.379000005575,0.270000008848,0.214999999939);
#13894 = STYLED_ITEM('color',(#13895),#2796);
#13895 = PRESENTATION_STYLE_ASSIGNMENT((#13896));
#13896 = SURFACE_STYLE_USAGE(.BOTH.,#13897);
#13897 = SURFACE_SIDE_STYLE('',(#13898));
#13898 = SURFACE_STYLE_FILL_AREA(#13899);
#13899 = FILL_AREA_STYLE('',(#13900));
#13900 = FILL_AREA_STYLE_COLOUR('',#13893);
#13901 = STYLED_ITEM('color',(#13902),#2820);
#13902 = PRESENTATION_STYLE_ASSIGNMENT((#13903));
#13903 = SURFACE_STYLE_USAGE(.BOTH.,#13904);
#13904 = SURFACE_SIDE_STYLE('',(#13905));
#13905 = SURFACE_STYLE_FILL_AREA(#13906);
#13906 = FILL_AREA_STYLE('',(#13907));
#13907 = FILL_AREA_STYLE_COLOUR('',#13893);
#13908 = STYLED_ITEM('color',(#13909),#2845);
#13909 = PRESENTATION_STYLE_ASSIGNMENT((#13910));
#13910 = SURFACE_STYLE_USAGE(.BOTH.,#13911);
#13911 = SURFACE_SIDE_STYLE('',(#13912));
#13912 = SURFACE_STYLE_FILL_AREA(#13913);
#13913 = FILL_AREA_STYLE('',(#13914));
#13914 = FILL_AREA_STYLE_COLOUR('',#13893);
#13915 = STYLED_ITEM('color',(#13916),#2869);
#13916 = PRESENTATION_STYLE_ASSIGNMENT((#13917));
#13917 = SURFACE_STYLE_USAGE(.BOTH.,#13918);
#13918 = SURFACE_SIDE_STYLE('',(#13919));
#13919 = SURFACE_STYLE_FILL_AREA(#13920);
#13920 = FILL_AREA_STYLE('',(#13921));
#13921 = FILL_AREA_STYLE_COLOUR('',#13893);
#13922 = STYLED_ITEM('color',(#13923),#2894);
#13923 = PRESENTATION_STYLE_ASSIGNMENT((#13924));
#13924 = SURFACE_STYLE_USAGE(.BOTH.,#13925);
#13925 = SURFACE_SIDE_STYLE('',(#13926));
#13926 = SURFACE_STYLE_FILL_AREA(#13927);
#13927 = FILL_AREA_STYLE('',(#13928));
#13928 = FILL_AREA_STYLE_COLOUR('',#13893);
#13929 = STYLED_ITEM('color',(#13930),#2918);
#13930 = PRESENTATION_STYLE_ASSIGNMENT((#13931));
#13931 = SURFACE_STYLE_USAGE(.BOTH.,#13932);
#13932 = SURFACE_SIDE_STYLE('',(#13933));
#13933 = SURFACE_STYLE_FILL_AREA(#13934);
#13934 = FILL_AREA_STYLE('',(#13935));
#13935 = FILL_AREA_STYLE_COLOUR('',#13893);
#13936 = STYLED_ITEM('color',(#13937),#2943);
#13937 = PRESENTATION_STYLE_ASSIGNMENT((#13938));
#13938 = SURFACE_STYLE_USAGE(.BOTH.,#13939);
#13939 = SURFACE_SIDE_STYLE('',(#13940));
#13940 = SURFACE_STYLE_FILL_AREA(#13941);
#13941 = FILL_AREA_STYLE('',(#13942));
#13942 = FILL_AREA_STYLE_COLOUR('',#13893);
#13943 = STYLED_ITEM('color',(#13944),#2960);
#13944 = PRESENTATION_STYLE_ASSIGNMENT((#13945));
#13945 = SURFACE_STYLE_USAGE(.BOTH.,#13946);
#13946 = SURFACE_SIDE_STYLE('',(#13947));
#13947 = SURFACE_STYLE_FILL_AREA(#13948);
#13948 = FILL_AREA_STYLE('',(#13949));
#13949 = FILL_AREA_STYLE_COLOUR('',#13637);
#13950 = STYLED_ITEM('color',(#13951),#3046);
#13951 = PRESENTATION_STYLE_ASSIGNMENT((#13952));
#13952 = SURFACE_STYLE_USAGE(.BOTH.,#13953);
#13953 = SURFACE_SIDE_STYLE('',(#13954));
#13954 = SURFACE_STYLE_FILL_AREA(#13955);
#13955 = FILL_AREA_STYLE('',(#13956));
#13956 = FILL_AREA_STYLE_COLOUR('',#13637);
#13957 = STYLED_ITEM('color',(#13958),#3077);
#13958 = PRESENTATION_STYLE_ASSIGNMENT((#13959));
#13959 = SURFACE_STYLE_USAGE(.BOTH.,#13960);
#13960 = SURFACE_SIDE_STYLE('',(#13961));
#13961 = SURFACE_STYLE_FILL_AREA(#13962);
#13962 = FILL_AREA_STYLE('',(#13963));
#13963 = FILL_AREA_STYLE_COLOUR('',#13637);
#13964 = STYLED_ITEM('color',(#13965),#3102);
#13965 = PRESENTATION_STYLE_ASSIGNMENT((#13966));
#13966 = SURFACE_STYLE_USAGE(.BOTH.,#13967);
#13967 = SURFACE_SIDE_STYLE('',(#13968));
#13968 = SURFACE_STYLE_FILL_AREA(#13969);
#13969 = FILL_AREA_STYLE('',(#13970));
#13970 = FILL_AREA_STYLE_COLOUR('',#13637);
#13971 = STYLED_ITEM('color',(#13972),#3127);
#13972 = PRESENTATION_STYLE_ASSIGNMENT((#13973));
#13973 = SURFACE_STYLE_USAGE(.BOTH.,#13974);
#13974 = SURFACE_SIDE_STYLE('',(#13975));
#13975 = SURFACE_STYLE_FILL_AREA(#13976);
#13976 = FILL_AREA_STYLE('',(#13977));
#13977 = FILL_AREA_STYLE_COLOUR('',#13637);
#13978 = STYLED_ITEM('color',(#13979),#3151);
#13979 = PRESENTATION_STYLE_ASSIGNMENT((#13980));
#13980 = SURFACE_STYLE_USAGE(.BOTH.,#13981);
#13981 = SURFACE_SIDE_STYLE('',(#13982));
#13982 = SURFACE_STYLE_FILL_AREA(#13983);
#13983 = FILL_AREA_STYLE('',(#13984));
#13984 = FILL_AREA_STYLE_COLOUR('',#13637);
#13985 = STYLED_ITEM('color',(#13986),#3175);
#13986 = PRESENTATION_STYLE_ASSIGNMENT((#13987));
#13987 = SURFACE_STYLE_USAGE(.BOTH.,#13988);
#13988 = SURFACE_SIDE_STYLE('',(#13989));
#13989 = SURFACE_STYLE_FILL_AREA(#13990);
#13990 = FILL_AREA_STYLE('',(#13991));
#13991 = FILL_AREA_STYLE_COLOUR('',#13637);
#13992 = STYLED_ITEM('color',(#13993),#3200);
#13993 = PRESENTATION_STYLE_ASSIGNMENT((#13994));
#13994 = SURFACE_STYLE_USAGE(.BOTH.,#13995);
#13995 = SURFACE_SIDE_STYLE('',(#13996));
#13996 = SURFACE_STYLE_FILL_AREA(#13997);
#13997 = FILL_AREA_STYLE('',(#13998));
#13998 = FILL_AREA_STYLE_COLOUR('',#13637);
#13999 = STYLED_ITEM('color',(#14000),#3225);
#14000 = PRESENTATION_STYLE_ASSIGNMENT((#14001));
#14001 = SURFACE_STYLE_USAGE(.BOTH.,#14002);
#14002 = SURFACE_SIDE_STYLE('',(#14003));
#14003 = SURFACE_STYLE_FILL_AREA(#14004);
#14004 = FILL_AREA_STYLE('',(#14005));
#14005 = FILL_AREA_STYLE_COLOUR('',#13637);
#14006 = STYLED_ITEM('color',(#14007),#3242);
#14007 = PRESENTATION_STYLE_ASSIGNMENT((#14008));
#14008 = SURFACE_STYLE_USAGE(.BOTH.,#14009);
#14009 = SURFACE_SIDE_STYLE('',(#14010));
#14010 = SURFACE_STYLE_FILL_AREA(#14011);
#14011 = FILL_AREA_STYLE('',(#14012));
#14012 = FILL_AREA_STYLE_COLOUR('',#13637);
#14013 = MECHANICAL_DESIGN_GEOMETRIC_PRESENTATION_REPRESENTATION('',(
    #14014,#14022,#14029,#14036,#14043,#14050,#14057,#14064,#14071,
    #14078,#14085,#14092,#14099,#14106,#14113,#14120,#14127,#14134,
    #14141,#14148,#14155,#14162,#14169,#14176,#14183,#14190,#14197,
    #14204,#14211,#14218,#14225,#14232,#14239,#14246,#14253,#14260,
    #14267,#14274,#14281,#14288,#14295,#14302,#14309,#14316,#14323,
    #14330,#14337,#14344,#14351,#14358,#14365,#14372,#14379,#14386,
    #14393,#14400,#14407,#14414,#14421,#14428,#14435,#14442,#14449,
    #14456,#14463,#14470,#14477,#14484,#14491,#14498,#14505,#14512,
    #14519,#14526,#14533,#14540,#14547,#14554,#14561,#14568,#14575,
    #14582,#14589,#14596,#14603,#14610,#14617,#14624,#14631,#14638,
    #14645,#14652,#14659,#14666,#14673,#14680,#14687,#14694,#14701,
    #14708,#14715,#14722,#14729,#14736,#14743,#14750,#14757,#14764,
    #14771,#14778,#14785,#14792,#14799,#14806,#14813,#14820,#14827,
    #14834,#14841,#14848,#14855,#14862,#14869,#14876,#14883,#14890,
    #14897,#14904,#14911,#14918,#14925,#14932,#14939,#14946,#14953,
    #14960,#14967,#14974,#14981,#14988,#14995,#15002,#15009,#15016,
    #15023,#15030,#15037,#15044,#15051,#15058,#15065,#15072,#15079,
    #15086,#15093,#15100,#15107,#15114,#15121,#15128,#15135,#15142,
    #15149,#15156,#15163,#15170,#15177,#15184,#15191,#15198,#15205,
    #15212,#15219,#15226,#15233,#15240,#15247,#15254,#15261,#15268,
    #15275,#15282,#15289,#15296,#15303,#15310,#15317,#15324,#15331,
    #15338,#15345,#15352,#15359,#15366,#15373,#15380,#15387,#15394,
    #15401,#15408,#15415,#15422,#15429,#15436,#15443,#15450,#15457,
    #15464,#15471,#15478,#15485,#15492,#15499,#15506,#15513,#15520,
    #15527,#15534,#15541,#15548,#15555,#15562,#15569,#15576,#15583,
    #15590,#15597,#15604,#15611,#15618,#15625,#15632,#15639,#15646,
    #15653,#15660,#15667,#15674,#15681,#15688,#15695,#15702,#15709,
    #15716,#15723,#15730,#15737,#15744,#15751,#15758,#15765,#15772,
    #15779,#15786,#15793,#15800,#15807,#15814,#15821,#15828,#15835,
    #15842,#15849,#15856,#15863,#15870,#15877,#15884,#15891,#15898,
    #15905,#15912,#15919,#15926,#15933,#15940,#15947,#15954,#15961,
    #15968,#15975,#15982,#15989,#15996),#12286);
#14014 = STYLED_ITEM('color',(#14015),#3284);
#14015 = PRESENTATION_STYLE_ASSIGNMENT((#14016));
#14016 = SURFACE_STYLE_USAGE(.BOTH.,#14017);
#14017 = SURFACE_SIDE_STYLE('',(#14018));
#14018 = SURFACE_STYLE_FILL_AREA(#14019);
#14019 = FILL_AREA_STYLE('',(#14020));
#14020 = FILL_AREA_STYLE_COLOUR('',#14021);
#14021 = COLOUR_RGB('',0.147999998088,0.144999993226,0.144999993226);
#14022 = STYLED_ITEM('color',(#14023),#3324);
#14023 = PRESENTATION_STYLE_ASSIGNMENT((#14024));
#14024 = SURFACE_STYLE_USAGE(.BOTH.,#14025);
#14025 = SURFACE_SIDE_STYLE('',(#14026));
#14026 = SURFACE_STYLE_FILL_AREA(#14027);
#14027 = FILL_AREA_STYLE('',(#14028));
#14028 = FILL_AREA_STYLE_COLOUR('',#14021);
#14029 = STYLED_ITEM('color',(#14030),#3481);
#14030 = PRESENTATION_STYLE_ASSIGNMENT((#14031));
#14031 = SURFACE_STYLE_USAGE(.BOTH.,#14032);
#14032 = SURFACE_SIDE_STYLE('',(#14033));
#14033 = SURFACE_STYLE_FILL_AREA(#14034);
#14034 = FILL_AREA_STYLE('',(#14035));
#14035 = FILL_AREA_STYLE_COLOUR('',#14021);
#14036 = STYLED_ITEM('color',(#14037),#3504);
#14037 = PRESENTATION_STYLE_ASSIGNMENT((#14038));
#14038 = SURFACE_STYLE_USAGE(.BOTH.,#14039);
#14039 = SURFACE_SIDE_STYLE('',(#14040));
#14040 = SURFACE_STYLE_FILL_AREA(#14041);
#14041 = FILL_AREA_STYLE('',(#14042));
#14042 = FILL_AREA_STYLE_COLOUR('',#14021);
#14043 = STYLED_ITEM('color',(#14044),#3655);
#14044 = PRESENTATION_STYLE_ASSIGNMENT((#14045));
#14045 = SURFACE_STYLE_USAGE(.BOTH.,#14046);
#14046 = SURFACE_SIDE_STYLE('',(#14047));
#14047 = SURFACE_STYLE_FILL_AREA(#14048);
#14048 = FILL_AREA_STYLE('',(#14049));
#14049 = FILL_AREA_STYLE_COLOUR('',#14021);
#14050 = STYLED_ITEM('color',(#14051),#3672);
#14051 = PRESENTATION_STYLE_ASSIGNMENT((#14052));
#14052 = SURFACE_STYLE_USAGE(.BOTH.,#14053);
#14053 = SURFACE_SIDE_STYLE('',(#14054));
#14054 = SURFACE_STYLE_FILL_AREA(#14055);
#14055 = FILL_AREA_STYLE('',(#14056));
#14056 = FILL_AREA_STYLE_COLOUR('',#14021);
#14057 = STYLED_ITEM('color',(#14058),#3702);
#14058 = PRESENTATION_STYLE_ASSIGNMENT((#14059));
#14059 = SURFACE_STYLE_USAGE(.BOTH.,#14060);
#14060 = SURFACE_SIDE_STYLE('',(#14061));
#14061 = SURFACE_STYLE_FILL_AREA(#14062);
#14062 = FILL_AREA_STYLE('',(#14063));
#14063 = FILL_AREA_STYLE_COLOUR('',#14021);
#14064 = STYLED_ITEM('color',(#14065),#3732);
#14065 = PRESENTATION_STYLE_ASSIGNMENT((#14066));
#14066 = SURFACE_STYLE_USAGE(.BOTH.,#14067);
#14067 = SURFACE_SIDE_STYLE('',(#14068));
#14068 = SURFACE_STYLE_FILL_AREA(#14069);
#14069 = FILL_AREA_STYLE('',(#14070));
#14070 = FILL_AREA_STYLE_COLOUR('',#13637);
#14071 = STYLED_ITEM('color',(#14072),#3763);
#14072 = PRESENTATION_STYLE_ASSIGNMENT((#14073));
#14073 = SURFACE_STYLE_USAGE(.BOTH.,#14074);
#14074 = SURFACE_SIDE_STYLE('',(#14075));
#14075 = SURFACE_STYLE_FILL_AREA(#14076);
#14076 = FILL_AREA_STYLE('',(#14077));
#14077 = FILL_AREA_STYLE_COLOUR('',#13637);
#14078 = STYLED_ITEM('color',(#14079),#3794);
#14079 = PRESENTATION_STYLE_ASSIGNMENT((#14080));
#14080 = SURFACE_STYLE_USAGE(.BOTH.,#14081);
#14081 = SURFACE_SIDE_STYLE('',(#14082));
#14082 = SURFACE_STYLE_FILL_AREA(#14083);
#14083 = FILL_AREA_STYLE('',(#14084));
#14084 = FILL_AREA_STYLE_COLOUR('',#14021);
#14085 = STYLED_ITEM('color',(#14086),#3825);
#14086 = PRESENTATION_STYLE_ASSIGNMENT((#14087));
#14087 = SURFACE_STYLE_USAGE(.BOTH.,#14088);
#14088 = SURFACE_SIDE_STYLE('',(#14089));
#14089 = SURFACE_STYLE_FILL_AREA(#14090);
#14090 = FILL_AREA_STYLE('',(#14091));
#14091 = FILL_AREA_STYLE_COLOUR('',#14021);
#14092 = STYLED_ITEM('color',(#14093),#3856);
#14093 = PRESENTATION_STYLE_ASSIGNMENT((#14094));
#14094 = SURFACE_STYLE_USAGE(.BOTH.,#14095);
#14095 = SURFACE_SIDE_STYLE('',(#14096));
#14096 = SURFACE_STYLE_FILL_AREA(#14097);
#14097 = FILL_AREA_STYLE('',(#14098));
#14098 = FILL_AREA_STYLE_COLOUR('',#13637);
#14099 = STYLED_ITEM('color',(#14100),#3887);
#14100 = PRESENTATION_STYLE_ASSIGNMENT((#14101));
#14101 = SURFACE_STYLE_USAGE(.BOTH.,#14102);
#14102 = SURFACE_SIDE_STYLE('',(#14103));
#14103 = SURFACE_STYLE_FILL_AREA(#14104);
#14104 = FILL_AREA_STYLE('',(#14105));
#14105 = FILL_AREA_STYLE_COLOUR('',#13637);
#14106 = STYLED_ITEM('color',(#14107),#3918);
#14107 = PRESENTATION_STYLE_ASSIGNMENT((#14108));
#14108 = SURFACE_STYLE_USAGE(.BOTH.,#14109);
#14109 = SURFACE_SIDE_STYLE('',(#14110));
#14110 = SURFACE_STYLE_FILL_AREA(#14111);
#14111 = FILL_AREA_STYLE('',(#14112));
#14112 = FILL_AREA_STYLE_COLOUR('',#14021);
#14113 = STYLED_ITEM('color',(#14114),#3949);
#14114 = PRESENTATION_STYLE_ASSIGNMENT((#14115));
#14115 = SURFACE_STYLE_USAGE(.BOTH.,#14116);
#14116 = SURFACE_SIDE_STYLE('',(#14117));
#14117 = SURFACE_STYLE_FILL_AREA(#14118);
#14118 = FILL_AREA_STYLE('',(#14119));
#14119 = FILL_AREA_STYLE_COLOUR('',#14021);
#14120 = STYLED_ITEM('color',(#14121),#3980);
#14121 = PRESENTATION_STYLE_ASSIGNMENT((#14122));
#14122 = SURFACE_STYLE_USAGE(.BOTH.,#14123);
#14123 = SURFACE_SIDE_STYLE('',(#14124));
#14124 = SURFACE_STYLE_FILL_AREA(#14125);
#14125 = FILL_AREA_STYLE('',(#14126));
#14126 = FILL_AREA_STYLE_COLOUR('',#13637);
#14127 = STYLED_ITEM('color',(#14128),#4011);
#14128 = PRESENTATION_STYLE_ASSIGNMENT((#14129));
#14129 = SURFACE_STYLE_USAGE(.BOTH.,#14130);
#14130 = SURFACE_SIDE_STYLE('',(#14131));
#14131 = SURFACE_STYLE_FILL_AREA(#14132);
#14132 = FILL_AREA_STYLE('',(#14133));
#14133 = FILL_AREA_STYLE_COLOUR('',#13637);
#14134 = STYLED_ITEM('color',(#14135),#4042);
#14135 = PRESENTATION_STYLE_ASSIGNMENT((#14136));
#14136 = SURFACE_STYLE_USAGE(.BOTH.,#14137);
#14137 = SURFACE_SIDE_STYLE('',(#14138));
#14138 = SURFACE_STYLE_FILL_AREA(#14139);
#14139 = FILL_AREA_STYLE('',(#14140));
#14140 = FILL_AREA_STYLE_COLOUR('',#14021);
#14141 = STYLED_ITEM('color',(#14142),#4073);
#14142 = PRESENTATION_STYLE_ASSIGNMENT((#14143));
#14143 = SURFACE_STYLE_USAGE(.BOTH.,#14144);
#14144 = SURFACE_SIDE_STYLE('',(#14145));
#14145 = SURFACE_STYLE_FILL_AREA(#14146);
#14146 = FILL_AREA_STYLE('',(#14147));
#14147 = FILL_AREA_STYLE_COLOUR('',#14021);
#14148 = STYLED_ITEM('color',(#14149),#4104);
#14149 = PRESENTATION_STYLE_ASSIGNMENT((#14150));
#14150 = SURFACE_STYLE_USAGE(.BOTH.,#14151);
#14151 = SURFACE_SIDE_STYLE('',(#14152));
#14152 = SURFACE_STYLE_FILL_AREA(#14153);
#14153 = FILL_AREA_STYLE('',(#14154));
#14154 = FILL_AREA_STYLE_COLOUR('',#13637);
#14155 = STYLED_ITEM('color',(#14156),#4135);
#14156 = PRESENTATION_STYLE_ASSIGNMENT((#14157));
#14157 = SURFACE_STYLE_USAGE(.BOTH.,#14158);
#14158 = SURFACE_SIDE_STYLE('',(#14159));
#14159 = SURFACE_STYLE_FILL_AREA(#14160);
#14160 = FILL_AREA_STYLE('',(#14161));
#14161 = FILL_AREA_STYLE_COLOUR('',#13637);
#14162 = STYLED_ITEM('color',(#14163),#4166);
#14163 = PRESENTATION_STYLE_ASSIGNMENT((#14164));
#14164 = SURFACE_STYLE_USAGE(.BOTH.,#14165);
#14165 = SURFACE_SIDE_STYLE('',(#14166));
#14166 = SURFACE_STYLE_FILL_AREA(#14167);
#14167 = FILL_AREA_STYLE('',(#14168));
#14168 = FILL_AREA_STYLE_COLOUR('',#14021);
#14169 = STYLED_ITEM('color',(#14170),#4197);
#14170 = PRESENTATION_STYLE_ASSIGNMENT((#14171));
#14171 = SURFACE_STYLE_USAGE(.BOTH.,#14172);
#14172 = SURFACE_SIDE_STYLE('',(#14173));
#14173 = SURFACE_STYLE_FILL_AREA(#14174);
#14174 = FILL_AREA_STYLE('',(#14175));
#14175 = FILL_AREA_STYLE_COLOUR('',#14021);
#14176 = STYLED_ITEM('color',(#14177),#4220);
#14177 = PRESENTATION_STYLE_ASSIGNMENT((#14178));
#14178 = SURFACE_STYLE_USAGE(.BOTH.,#14179);
#14179 = SURFACE_SIDE_STYLE('',(#14180));
#14180 = SURFACE_STYLE_FILL_AREA(#14181);
#14181 = FILL_AREA_STYLE('',(#14182));
#14182 = FILL_AREA_STYLE_COLOUR('',#14021);
#14183 = STYLED_ITEM('color',(#14184),#4244);
#14184 = PRESENTATION_STYLE_ASSIGNMENT((#14185));
#14185 = SURFACE_STYLE_USAGE(.BOTH.,#14186);
#14186 = SURFACE_SIDE_STYLE('',(#14187));
#14187 = SURFACE_STYLE_FILL_AREA(#14188);
#14188 = FILL_AREA_STYLE('',(#14189));
#14189 = FILL_AREA_STYLE_COLOUR('',#14021);
#14190 = STYLED_ITEM('color',(#14191),#4274);
#14191 = PRESENTATION_STYLE_ASSIGNMENT((#14192));
#14192 = SURFACE_STYLE_USAGE(.BOTH.,#14193);
#14193 = SURFACE_SIDE_STYLE('',(#14194));
#14194 = SURFACE_STYLE_FILL_AREA(#14195);
#14195 = FILL_AREA_STYLE('',(#14196));
#14196 = FILL_AREA_STYLE_COLOUR('',#13637);
#14197 = STYLED_ITEM('color',(#14198),#4305);
#14198 = PRESENTATION_STYLE_ASSIGNMENT((#14199));
#14199 = SURFACE_STYLE_USAGE(.BOTH.,#14200);
#14200 = SURFACE_SIDE_STYLE('',(#14201));
#14201 = SURFACE_STYLE_FILL_AREA(#14202);
#14202 = FILL_AREA_STYLE('',(#14203));
#14203 = FILL_AREA_STYLE_COLOUR('',#13637);
#14204 = STYLED_ITEM('color',(#14205),#4336);
#14205 = PRESENTATION_STYLE_ASSIGNMENT((#14206));
#14206 = SURFACE_STYLE_USAGE(.BOTH.,#14207);
#14207 = SURFACE_SIDE_STYLE('',(#14208));
#14208 = SURFACE_STYLE_FILL_AREA(#14209);
#14209 = FILL_AREA_STYLE('',(#14210));
#14210 = FILL_AREA_STYLE_COLOUR('',#14021);
#14211 = STYLED_ITEM('color',(#14212),#4367);
#14212 = PRESENTATION_STYLE_ASSIGNMENT((#14213));
#14213 = SURFACE_STYLE_USAGE(.BOTH.,#14214);
#14214 = SURFACE_SIDE_STYLE('',(#14215));
#14215 = SURFACE_STYLE_FILL_AREA(#14216);
#14216 = FILL_AREA_STYLE('',(#14217));
#14217 = FILL_AREA_STYLE_COLOUR('',#14021);
#14218 = STYLED_ITEM('color',(#14219),#4398);
#14219 = PRESENTATION_STYLE_ASSIGNMENT((#14220));
#14220 = SURFACE_STYLE_USAGE(.BOTH.,#14221);
#14221 = SURFACE_SIDE_STYLE('',(#14222));
#14222 = SURFACE_STYLE_FILL_AREA(#14223);
#14223 = FILL_AREA_STYLE('',(#14224));
#14224 = FILL_AREA_STYLE_COLOUR('',#13637);
#14225 = STYLED_ITEM('color',(#14226),#4429);
#14226 = PRESENTATION_STYLE_ASSIGNMENT((#14227));
#14227 = SURFACE_STYLE_USAGE(.BOTH.,#14228);
#14228 = SURFACE_SIDE_STYLE('',(#14229));
#14229 = SURFACE_STYLE_FILL_AREA(#14230);
#14230 = FILL_AREA_STYLE('',(#14231));
#14231 = FILL_AREA_STYLE_COLOUR('',#13637);
#14232 = STYLED_ITEM('color',(#14233),#4460);
#14233 = PRESENTATION_STYLE_ASSIGNMENT((#14234));
#14234 = SURFACE_STYLE_USAGE(.BOTH.,#14235);
#14235 = SURFACE_SIDE_STYLE('',(#14236));
#14236 = SURFACE_STYLE_FILL_AREA(#14237);
#14237 = FILL_AREA_STYLE('',(#14238));
#14238 = FILL_AREA_STYLE_COLOUR('',#14021);
#14239 = STYLED_ITEM('color',(#14240),#4491);
#14240 = PRESENTATION_STYLE_ASSIGNMENT((#14241));
#14241 = SURFACE_STYLE_USAGE(.BOTH.,#14242);
#14242 = SURFACE_SIDE_STYLE('',(#14243));
#14243 = SURFACE_STYLE_FILL_AREA(#14244);
#14244 = FILL_AREA_STYLE('',(#14245));
#14245 = FILL_AREA_STYLE_COLOUR('',#14021);
#14246 = STYLED_ITEM('color',(#14247),#4522);
#14247 = PRESENTATION_STYLE_ASSIGNMENT((#14248));
#14248 = SURFACE_STYLE_USAGE(.BOTH.,#14249);
#14249 = SURFACE_SIDE_STYLE('',(#14250));
#14250 = SURFACE_STYLE_FILL_AREA(#14251);
#14251 = FILL_AREA_STYLE('',(#14252));
#14252 = FILL_AREA_STYLE_COLOUR('',#13637);
#14253 = STYLED_ITEM('color',(#14254),#4553);
#14254 = PRESENTATION_STYLE_ASSIGNMENT((#14255));
#14255 = SURFACE_STYLE_USAGE(.BOTH.,#14256);
#14256 = SURFACE_SIDE_STYLE('',(#14257));
#14257 = SURFACE_STYLE_FILL_AREA(#14258);
#14258 = FILL_AREA_STYLE('',(#14259));
#14259 = FILL_AREA_STYLE_COLOUR('',#13637);
#14260 = STYLED_ITEM('color',(#14261),#4584);
#14261 = PRESENTATION_STYLE_ASSIGNMENT((#14262));
#14262 = SURFACE_STYLE_USAGE(.BOTH.,#14263);
#14263 = SURFACE_SIDE_STYLE('',(#14264));
#14264 = SURFACE_STYLE_FILL_AREA(#14265);
#14265 = FILL_AREA_STYLE('',(#14266));
#14266 = FILL_AREA_STYLE_COLOUR('',#14021);
#14267 = STYLED_ITEM('color',(#14268),#4615);
#14268 = PRESENTATION_STYLE_ASSIGNMENT((#14269));
#14269 = SURFACE_STYLE_USAGE(.BOTH.,#14270);
#14270 = SURFACE_SIDE_STYLE('',(#14271));
#14271 = SURFACE_STYLE_FILL_AREA(#14272);
#14272 = FILL_AREA_STYLE('',(#14273));
#14273 = FILL_AREA_STYLE_COLOUR('',#14021);
#14274 = STYLED_ITEM('color',(#14275),#4646);
#14275 = PRESENTATION_STYLE_ASSIGNMENT((#14276));
#14276 = SURFACE_STYLE_USAGE(.BOTH.,#14277);
#14277 = SURFACE_SIDE_STYLE('',(#14278));
#14278 = SURFACE_STYLE_FILL_AREA(#14279);
#14279 = FILL_AREA_STYLE('',(#14280));
#14280 = FILL_AREA_STYLE_COLOUR('',#13637);
#14281 = STYLED_ITEM('color',(#14282),#4677);
#14282 = PRESENTATION_STYLE_ASSIGNMENT((#14283));
#14283 = SURFACE_STYLE_USAGE(.BOTH.,#14284);
#14284 = SURFACE_SIDE_STYLE('',(#14285));
#14285 = SURFACE_STYLE_FILL_AREA(#14286);
#14286 = FILL_AREA_STYLE('',(#14287));
#14287 = FILL_AREA_STYLE_COLOUR('',#13637);
#14288 = STYLED_ITEM('color',(#14289),#4708);
#14289 = PRESENTATION_STYLE_ASSIGNMENT((#14290));
#14290 = SURFACE_STYLE_USAGE(.BOTH.,#14291);
#14291 = SURFACE_SIDE_STYLE('',(#14292));
#14292 = SURFACE_STYLE_FILL_AREA(#14293);
#14293 = FILL_AREA_STYLE('',(#14294));
#14294 = FILL_AREA_STYLE_COLOUR('',#14021);
#14295 = STYLED_ITEM('color',(#14296),#4739);
#14296 = PRESENTATION_STYLE_ASSIGNMENT((#14297));
#14297 = SURFACE_STYLE_USAGE(.BOTH.,#14298);
#14298 = SURFACE_SIDE_STYLE('',(#14299));
#14299 = SURFACE_STYLE_FILL_AREA(#14300);
#14300 = FILL_AREA_STYLE('',(#14301));
#14301 = FILL_AREA_STYLE_COLOUR('',#14021);
#14302 = STYLED_ITEM('color',(#14303),#4756);
#14303 = PRESENTATION_STYLE_ASSIGNMENT((#14304));
#14304 = SURFACE_STYLE_USAGE(.BOTH.,#14305);
#14305 = SURFACE_SIDE_STYLE('',(#14306));
#14306 = SURFACE_STYLE_FILL_AREA(#14307);
#14307 = FILL_AREA_STYLE('',(#14308));
#14308 = FILL_AREA_STYLE_COLOUR('',#14021);
#14309 = STYLED_ITEM('color',(#14310),#4786);
#14310 = PRESENTATION_STYLE_ASSIGNMENT((#14311));
#14311 = SURFACE_STYLE_USAGE(.BOTH.,#14312);
#14312 = SURFACE_SIDE_STYLE('',(#14313));
#14313 = SURFACE_STYLE_FILL_AREA(#14314);
#14314 = FILL_AREA_STYLE('',(#14315));
#14315 = FILL_AREA_STYLE_COLOUR('',#13637);
#14316 = STYLED_ITEM('color',(#14317),#4844);
#14317 = PRESENTATION_STYLE_ASSIGNMENT((#14318));
#14318 = SURFACE_STYLE_USAGE(.BOTH.,#14319);
#14319 = SURFACE_SIDE_STYLE('',(#14320));
#14320 = SURFACE_STYLE_FILL_AREA(#14321);
#14321 = FILL_AREA_STYLE('',(#14322));
#14322 = FILL_AREA_STYLE_COLOUR('',#13637);
#14323 = STYLED_ITEM('color',(#14324),#4902);
#14324 = PRESENTATION_STYLE_ASSIGNMENT((#14325));
#14325 = SURFACE_STYLE_USAGE(.BOTH.,#14326);
#14326 = SURFACE_SIDE_STYLE('',(#14327));
#14327 = SURFACE_STYLE_FILL_AREA(#14328);
#14328 = FILL_AREA_STYLE('',(#14329));
#14329 = FILL_AREA_STYLE_COLOUR('',#14021);
#14330 = STYLED_ITEM('color',(#14331),#4932);
#14331 = PRESENTATION_STYLE_ASSIGNMENT((#14332));
#14332 = SURFACE_STYLE_USAGE(.BOTH.,#14333);
#14333 = SURFACE_SIDE_STYLE('',(#14334));
#14334 = SURFACE_STYLE_FILL_AREA(#14335);
#14335 = FILL_AREA_STYLE('',(#14336));
#14336 = FILL_AREA_STYLE_COLOUR('',#13637);
#14337 = STYLED_ITEM('color',(#14338),#4990);
#14338 = PRESENTATION_STYLE_ASSIGNMENT((#14339));
#14339 = SURFACE_STYLE_USAGE(.BOTH.,#14340);
#14340 = SURFACE_SIDE_STYLE('',(#14341));
#14341 = SURFACE_STYLE_FILL_AREA(#14342);
#14342 = FILL_AREA_STYLE('',(#14343));
#14343 = FILL_AREA_STYLE_COLOUR('',#13637);
#14344 = STYLED_ITEM('color',(#14345),#5007);
#14345 = PRESENTATION_STYLE_ASSIGNMENT((#14346));
#14346 = SURFACE_STYLE_USAGE(.BOTH.,#14347);
#14347 = SURFACE_SIDE_STYLE('',(#14348));
#14348 = SURFACE_STYLE_FILL_AREA(#14349);
#14349 = FILL_AREA_STYLE('',(#14350));
#14350 = FILL_AREA_STYLE_COLOUR('',#13637);
#14351 = STYLED_ITEM('color',(#14352),#5032);
#14352 = PRESENTATION_STYLE_ASSIGNMENT((#14353));
#14353 = SURFACE_STYLE_USAGE(.BOTH.,#14354);
#14354 = SURFACE_SIDE_STYLE('',(#14355));
#14355 = SURFACE_STYLE_FILL_AREA(#14356);
#14356 = FILL_AREA_STYLE('',(#14357));
#14357 = FILL_AREA_STYLE_COLOUR('',#13637);
#14358 = STYLED_ITEM('color',(#14359),#5082);
#14359 = PRESENTATION_STYLE_ASSIGNMENT((#14360));
#14360 = SURFACE_STYLE_USAGE(.BOTH.,#14361);
#14361 = SURFACE_SIDE_STYLE('',(#14362));
#14362 = SURFACE_STYLE_FILL_AREA(#14363);
#14363 = FILL_AREA_STYLE('',(#14364));
#14364 = FILL_AREA_STYLE_COLOUR('',#14021);
#14365 = STYLED_ITEM('color',(#14366),#5113);
#14366 = PRESENTATION_STYLE_ASSIGNMENT((#14367));
#14367 = SURFACE_STYLE_USAGE(.BOTH.,#14368);
#14368 = SURFACE_SIDE_STYLE('',(#14369));
#14369 = SURFACE_STYLE_FILL_AREA(#14370);
#14370 = FILL_AREA_STYLE('',(#14371));
#14371 = FILL_AREA_STYLE_COLOUR('',#13637);
#14372 = STYLED_ITEM('color',(#14373),#5171);
#14373 = PRESENTATION_STYLE_ASSIGNMENT((#14374));
#14374 = SURFACE_STYLE_USAGE(.BOTH.,#14375);
#14375 = SURFACE_SIDE_STYLE('',(#14376));
#14376 = SURFACE_STYLE_FILL_AREA(#14377);
#14377 = FILL_AREA_STYLE('',(#14378));
#14378 = FILL_AREA_STYLE_COLOUR('',#13637);
#14379 = STYLED_ITEM('color',(#14380),#5229);
#14380 = PRESENTATION_STYLE_ASSIGNMENT((#14381));
#14381 = SURFACE_STYLE_USAGE(.BOTH.,#14382);
#14382 = SURFACE_SIDE_STYLE('',(#14383));
#14383 = SURFACE_STYLE_FILL_AREA(#14384);
#14384 = FILL_AREA_STYLE('',(#14385));
#14385 = FILL_AREA_STYLE_COLOUR('',#14021);
#14386 = STYLED_ITEM('color',(#14387),#5260);
#14387 = PRESENTATION_STYLE_ASSIGNMENT((#14388));
#14388 = SURFACE_STYLE_USAGE(.BOTH.,#14389);
#14389 = SURFACE_SIDE_STYLE('',(#14390));
#14390 = SURFACE_STYLE_FILL_AREA(#14391);
#14391 = FILL_AREA_STYLE('',(#14392));
#14392 = FILL_AREA_STYLE_COLOUR('',#13637);
#14393 = STYLED_ITEM('color',(#14394),#5318);
#14394 = PRESENTATION_STYLE_ASSIGNMENT((#14395));
#14395 = SURFACE_STYLE_USAGE(.BOTH.,#14396);
#14396 = SURFACE_SIDE_STYLE('',(#14397));
#14397 = SURFACE_STYLE_FILL_AREA(#14398);
#14398 = FILL_AREA_STYLE('',(#14399));
#14399 = FILL_AREA_STYLE_COLOUR('',#13637);
#14400 = STYLED_ITEM('color',(#14401),#5335);
#14401 = PRESENTATION_STYLE_ASSIGNMENT((#14402));
#14402 = SURFACE_STYLE_USAGE(.BOTH.,#14403);
#14403 = SURFACE_SIDE_STYLE('',(#14404));
#14404 = SURFACE_STYLE_FILL_AREA(#14405);
#14405 = FILL_AREA_STYLE('',(#14406));
#14406 = FILL_AREA_STYLE_COLOUR('',#13637);
#14407 = STYLED_ITEM('color',(#14408),#5360);
#14408 = PRESENTATION_STYLE_ASSIGNMENT((#14409));
#14409 = SURFACE_STYLE_USAGE(.BOTH.,#14410);
#14410 = SURFACE_SIDE_STYLE('',(#14411));
#14411 = SURFACE_STYLE_FILL_AREA(#14412);
#14412 = FILL_AREA_STYLE('',(#14413));
#14413 = FILL_AREA_STYLE_COLOUR('',#13637);
#14414 = STYLED_ITEM('color',(#14415),#5410);
#14415 = PRESENTATION_STYLE_ASSIGNMENT((#14416));
#14416 = SURFACE_STYLE_USAGE(.BOTH.,#14417);
#14417 = SURFACE_SIDE_STYLE('',(#14418));
#14418 = SURFACE_STYLE_FILL_AREA(#14419);
#14419 = FILL_AREA_STYLE('',(#14420));
#14420 = FILL_AREA_STYLE_COLOUR('',#14021);
#14421 = STYLED_ITEM('color',(#14422),#5441);
#14422 = PRESENTATION_STYLE_ASSIGNMENT((#14423));
#14423 = SURFACE_STYLE_USAGE(.BOTH.,#14424);
#14424 = SURFACE_SIDE_STYLE('',(#14425));
#14425 = SURFACE_STYLE_FILL_AREA(#14426);
#14426 = FILL_AREA_STYLE('',(#14427));
#14427 = FILL_AREA_STYLE_COLOUR('',#13637);
#14428 = STYLED_ITEM('color',(#14429),#5499);
#14429 = PRESENTATION_STYLE_ASSIGNMENT((#14430));
#14430 = SURFACE_STYLE_USAGE(.BOTH.,#14431);
#14431 = SURFACE_SIDE_STYLE('',(#14432));
#14432 = SURFACE_STYLE_FILL_AREA(#14433);
#14433 = FILL_AREA_STYLE('',(#14434));
#14434 = FILL_AREA_STYLE_COLOUR('',#13637);
#14435 = STYLED_ITEM('color',(#14436),#5557);
#14436 = PRESENTATION_STYLE_ASSIGNMENT((#14437));
#14437 = SURFACE_STYLE_USAGE(.BOTH.,#14438);
#14438 = SURFACE_SIDE_STYLE('',(#14439));
#14439 = SURFACE_STYLE_FILL_AREA(#14440);
#14440 = FILL_AREA_STYLE('',(#14441));
#14441 = FILL_AREA_STYLE_COLOUR('',#14021);
#14442 = STYLED_ITEM('color',(#14443),#5588);
#14443 = PRESENTATION_STYLE_ASSIGNMENT((#14444));
#14444 = SURFACE_STYLE_USAGE(.BOTH.,#14445);
#14445 = SURFACE_SIDE_STYLE('',(#14446));
#14446 = SURFACE_STYLE_FILL_AREA(#14447);
#14447 = FILL_AREA_STYLE('',(#14448));
#14448 = FILL_AREA_STYLE_COLOUR('',#13637);
#14449 = STYLED_ITEM('color',(#14450),#5646);
#14450 = PRESENTATION_STYLE_ASSIGNMENT((#14451));
#14451 = SURFACE_STYLE_USAGE(.BOTH.,#14452);
#14452 = SURFACE_SIDE_STYLE('',(#14453));
#14453 = SURFACE_STYLE_FILL_AREA(#14454);
#14454 = FILL_AREA_STYLE('',(#14455));
#14455 = FILL_AREA_STYLE_COLOUR('',#13637);
#14456 = STYLED_ITEM('color',(#14457),#5663);
#14457 = PRESENTATION_STYLE_ASSIGNMENT((#14458));
#14458 = SURFACE_STYLE_USAGE(.BOTH.,#14459);
#14459 = SURFACE_SIDE_STYLE('',(#14460));
#14460 = SURFACE_STYLE_FILL_AREA(#14461);
#14461 = FILL_AREA_STYLE('',(#14462));
#14462 = FILL_AREA_STYLE_COLOUR('',#13637);
#14463 = STYLED_ITEM('color',(#14464),#5688);
#14464 = PRESENTATION_STYLE_ASSIGNMENT((#14465));
#14465 = SURFACE_STYLE_USAGE(.BOTH.,#14466);
#14466 = SURFACE_SIDE_STYLE('',(#14467));
#14467 = SURFACE_STYLE_FILL_AREA(#14468);
#14468 = FILL_AREA_STYLE('',(#14469));
#14469 = FILL_AREA_STYLE_COLOUR('',#13637);
#14470 = STYLED_ITEM('color',(#14471),#5738);
#14471 = PRESENTATION_STYLE_ASSIGNMENT((#14472));
#14472 = SURFACE_STYLE_USAGE(.BOTH.,#14473);
#14473 = SURFACE_SIDE_STYLE('',(#14474));
#14474 = SURFACE_STYLE_FILL_AREA(#14475);
#14475 = FILL_AREA_STYLE('',(#14476));
#14476 = FILL_AREA_STYLE_COLOUR('',#14021);
#14477 = STYLED_ITEM('color',(#14478),#5769);
#14478 = PRESENTATION_STYLE_ASSIGNMENT((#14479));
#14479 = SURFACE_STYLE_USAGE(.BOTH.,#14480);
#14480 = SURFACE_SIDE_STYLE('',(#14481));
#14481 = SURFACE_STYLE_FILL_AREA(#14482);
#14482 = FILL_AREA_STYLE('',(#14483));
#14483 = FILL_AREA_STYLE_COLOUR('',#13637);
#14484 = STYLED_ITEM('color',(#14485),#5827);
#14485 = PRESENTATION_STYLE_ASSIGNMENT((#14486));
#14486 = SURFACE_STYLE_USAGE(.BOTH.,#14487);
#14487 = SURFACE_SIDE_STYLE('',(#14488));
#14488 = SURFACE_STYLE_FILL_AREA(#14489);
#14489 = FILL_AREA_STYLE('',(#14490));
#14490 = FILL_AREA_STYLE_COLOUR('',#13637);
#14491 = STYLED_ITEM('color',(#14492),#5885);
#14492 = PRESENTATION_STYLE_ASSIGNMENT((#14493));
#14493 = SURFACE_STYLE_USAGE(.BOTH.,#14494);
#14494 = SURFACE_SIDE_STYLE('',(#14495));
#14495 = SURFACE_STYLE_FILL_AREA(#14496);
#14496 = FILL_AREA_STYLE('',(#14497));
#14497 = FILL_AREA_STYLE_COLOUR('',#14021);
#14498 = STYLED_ITEM('color',(#14499),#5916);
#14499 = PRESENTATION_STYLE_ASSIGNMENT((#14500));
#14500 = SURFACE_STYLE_USAGE(.BOTH.,#14501);
#14501 = SURFACE_SIDE_STYLE('',(#14502));
#14502 = SURFACE_STYLE_FILL_AREA(#14503);
#14503 = FILL_AREA_STYLE('',(#14504));
#14504 = FILL_AREA_STYLE_COLOUR('',#13637);
#14505 = STYLED_ITEM('color',(#14506),#5974);
#14506 = PRESENTATION_STYLE_ASSIGNMENT((#14507));
#14507 = SURFACE_STYLE_USAGE(.BOTH.,#14508);
#14508 = SURFACE_SIDE_STYLE('',(#14509));
#14509 = SURFACE_STYLE_FILL_AREA(#14510);
#14510 = FILL_AREA_STYLE('',(#14511));
#14511 = FILL_AREA_STYLE_COLOUR('',#13637);
#14512 = STYLED_ITEM('color',(#14513),#5991);
#14513 = PRESENTATION_STYLE_ASSIGNMENT((#14514));
#14514 = SURFACE_STYLE_USAGE(.BOTH.,#14515);
#14515 = SURFACE_SIDE_STYLE('',(#14516));
#14516 = SURFACE_STYLE_FILL_AREA(#14517);
#14517 = FILL_AREA_STYLE('',(#14518));
#14518 = FILL_AREA_STYLE_COLOUR('',#13637);
#14519 = STYLED_ITEM('color',(#14520),#6016);
#14520 = PRESENTATION_STYLE_ASSIGNMENT((#14521));
#14521 = SURFACE_STYLE_USAGE(.BOTH.,#14522);
#14522 = SURFACE_SIDE_STYLE('',(#14523));
#14523 = SURFACE_STYLE_FILL_AREA(#14524);
#14524 = FILL_AREA_STYLE('',(#14525));
#14525 = FILL_AREA_STYLE_COLOUR('',#13637);
#14526 = STYLED_ITEM('color',(#14527),#6066);
#14527 = PRESENTATION_STYLE_ASSIGNMENT((#14528));
#14528 = SURFACE_STYLE_USAGE(.BOTH.,#14529);
#14529 = SURFACE_SIDE_STYLE('',(#14530));
#14530 = SURFACE_STYLE_FILL_AREA(#14531);
#14531 = FILL_AREA_STYLE('',(#14532));
#14532 = FILL_AREA_STYLE_COLOUR('',#14021);
#14533 = STYLED_ITEM('color',(#14534),#6097);
#14534 = PRESENTATION_STYLE_ASSIGNMENT((#14535));
#14535 = SURFACE_STYLE_USAGE(.BOTH.,#14536);
#14536 = SURFACE_SIDE_STYLE('',(#14537));
#14537 = SURFACE_STYLE_FILL_AREA(#14538);
#14538 = FILL_AREA_STYLE('',(#14539));
#14539 = FILL_AREA_STYLE_COLOUR('',#14021);
#14540 = STYLED_ITEM('color',(#14541),#6120);
#14541 = PRESENTATION_STYLE_ASSIGNMENT((#14542));
#14542 = SURFACE_STYLE_USAGE(.BOTH.,#14543);
#14543 = SURFACE_SIDE_STYLE('',(#14544));
#14544 = SURFACE_STYLE_FILL_AREA(#14545);
#14545 = FILL_AREA_STYLE('',(#14546));
#14546 = FILL_AREA_STYLE_COLOUR('',#14021);
#14547 = STYLED_ITEM('color',(#14548),#6144);
#14548 = PRESENTATION_STYLE_ASSIGNMENT((#14549));
#14549 = SURFACE_STYLE_USAGE(.BOTH.,#14550);
#14550 = SURFACE_SIDE_STYLE('',(#14551));
#14551 = SURFACE_STYLE_FILL_AREA(#14552);
#14552 = FILL_AREA_STYLE('',(#14553));
#14553 = FILL_AREA_STYLE_COLOUR('',#13637);
#14554 = STYLED_ITEM('color',(#14555),#6202);
#14555 = PRESENTATION_STYLE_ASSIGNMENT((#14556));
#14556 = SURFACE_STYLE_USAGE(.BOTH.,#14557);
#14557 = SURFACE_SIDE_STYLE('',(#14558));
#14558 = SURFACE_STYLE_FILL_AREA(#14559);
#14559 = FILL_AREA_STYLE('',(#14560));
#14560 = FILL_AREA_STYLE_COLOUR('',#13637);
#14561 = STYLED_ITEM('color',(#14562),#6260);
#14562 = PRESENTATION_STYLE_ASSIGNMENT((#14563));
#14563 = SURFACE_STYLE_USAGE(.BOTH.,#14564);
#14564 = SURFACE_SIDE_STYLE('',(#14565));
#14565 = SURFACE_STYLE_FILL_AREA(#14566);
#14566 = FILL_AREA_STYLE('',(#14567));
#14567 = FILL_AREA_STYLE_COLOUR('',#14021);
#14568 = STYLED_ITEM('color',(#14569),#6290);
#14569 = PRESENTATION_STYLE_ASSIGNMENT((#14570));
#14570 = SURFACE_STYLE_USAGE(.BOTH.,#14571);
#14571 = SURFACE_SIDE_STYLE('',(#14572));
#14572 = SURFACE_STYLE_FILL_AREA(#14573);
#14573 = FILL_AREA_STYLE('',(#14574));
#14574 = FILL_AREA_STYLE_COLOUR('',#13637);
#14575 = STYLED_ITEM('color',(#14576),#6348);
#14576 = PRESENTATION_STYLE_ASSIGNMENT((#14577));
#14577 = SURFACE_STYLE_USAGE(.BOTH.,#14578);
#14578 = SURFACE_SIDE_STYLE('',(#14579));
#14579 = SURFACE_STYLE_FILL_AREA(#14580);
#14580 = FILL_AREA_STYLE('',(#14581));
#14581 = FILL_AREA_STYLE_COLOUR('',#13637);
#14582 = STYLED_ITEM('color',(#14583),#6365);
#14583 = PRESENTATION_STYLE_ASSIGNMENT((#14584));
#14584 = SURFACE_STYLE_USAGE(.BOTH.,#14585);
#14585 = SURFACE_SIDE_STYLE('',(#14586));
#14586 = SURFACE_STYLE_FILL_AREA(#14587);
#14587 = FILL_AREA_STYLE('',(#14588));
#14588 = FILL_AREA_STYLE_COLOUR('',#13637);
#14589 = STYLED_ITEM('color',(#14590),#6423);
#14590 = PRESENTATION_STYLE_ASSIGNMENT((#14591));
#14591 = SURFACE_STYLE_USAGE(.BOTH.,#14592);
#14592 = SURFACE_SIDE_STYLE('',(#14593));
#14593 = SURFACE_STYLE_FILL_AREA(#14594);
#14594 = FILL_AREA_STYLE('',(#14595));
#14595 = FILL_AREA_STYLE_COLOUR('',#13637);
#14596 = STYLED_ITEM('color',(#14597),#6440);
#14597 = PRESENTATION_STYLE_ASSIGNMENT((#14598));
#14598 = SURFACE_STYLE_USAGE(.BOTH.,#14599);
#14599 = SURFACE_SIDE_STYLE('',(#14600));
#14600 = SURFACE_STYLE_FILL_AREA(#14601);
#14601 = FILL_AREA_STYLE('',(#14602));
#14602 = FILL_AREA_STYLE_COLOUR('',#14021);
#14603 = STYLED_ITEM('color',(#14604),#6471);
#14604 = PRESENTATION_STYLE_ASSIGNMENT((#14605));
#14605 = SURFACE_STYLE_USAGE(.BOTH.,#14606);
#14606 = SURFACE_SIDE_STYLE('',(#14607));
#14607 = SURFACE_STYLE_FILL_AREA(#14608);
#14608 = FILL_AREA_STYLE('',(#14609));
#14609 = FILL_AREA_STYLE_COLOUR('',#13637);
#14610 = STYLED_ITEM('color',(#14611),#6529);
#14611 = PRESENTATION_STYLE_ASSIGNMENT((#14612));
#14612 = SURFACE_STYLE_USAGE(.BOTH.,#14613);
#14613 = SURFACE_SIDE_STYLE('',(#14614));
#14614 = SURFACE_STYLE_FILL_AREA(#14615);
#14615 = FILL_AREA_STYLE('',(#14616));
#14616 = FILL_AREA_STYLE_COLOUR('',#13637);
#14617 = STYLED_ITEM('color',(#14618),#6587);
#14618 = PRESENTATION_STYLE_ASSIGNMENT((#14619));
#14619 = SURFACE_STYLE_USAGE(.BOTH.,#14620);
#14620 = SURFACE_SIDE_STYLE('',(#14621));
#14621 = SURFACE_STYLE_FILL_AREA(#14622);
#14622 = FILL_AREA_STYLE('',(#14623));
#14623 = FILL_AREA_STYLE_COLOUR('',#14021);
#14624 = STYLED_ITEM('color',(#14625),#6618);
#14625 = PRESENTATION_STYLE_ASSIGNMENT((#14626));
#14626 = SURFACE_STYLE_USAGE(.BOTH.,#14627);
#14627 = SURFACE_SIDE_STYLE('',(#14628));
#14628 = SURFACE_STYLE_FILL_AREA(#14629);
#14629 = FILL_AREA_STYLE('',(#14630));
#14630 = FILL_AREA_STYLE_COLOUR('',#13637);
#14631 = STYLED_ITEM('color',(#14632),#6676);
#14632 = PRESENTATION_STYLE_ASSIGNMENT((#14633));
#14633 = SURFACE_STYLE_USAGE(.BOTH.,#14634);
#14634 = SURFACE_SIDE_STYLE('',(#14635));
#14635 = SURFACE_STYLE_FILL_AREA(#14636);
#14636 = FILL_AREA_STYLE('',(#14637));
#14637 = FILL_AREA_STYLE_COLOUR('',#13637);
#14638 = STYLED_ITEM('color',(#14639),#6693);
#14639 = PRESENTATION_STYLE_ASSIGNMENT((#14640));
#14640 = SURFACE_STYLE_USAGE(.BOTH.,#14641);
#14641 = SURFACE_SIDE_STYLE('',(#14642));
#14642 = SURFACE_STYLE_FILL_AREA(#14643);
#14643 = FILL_AREA_STYLE('',(#14644));
#14644 = FILL_AREA_STYLE_COLOUR('',#13637);
#14645 = STYLED_ITEM('color',(#14646),#6751);
#14646 = PRESENTATION_STYLE_ASSIGNMENT((#14647));
#14647 = SURFACE_STYLE_USAGE(.BOTH.,#14648);
#14648 = SURFACE_SIDE_STYLE('',(#14649));
#14649 = SURFACE_STYLE_FILL_AREA(#14650);
#14650 = FILL_AREA_STYLE('',(#14651));
#14651 = FILL_AREA_STYLE_COLOUR('',#13637);
#14652 = STYLED_ITEM('color',(#14653),#6768);
#14653 = PRESENTATION_STYLE_ASSIGNMENT((#14654));
#14654 = SURFACE_STYLE_USAGE(.BOTH.,#14655);
#14655 = SURFACE_SIDE_STYLE('',(#14656));
#14656 = SURFACE_STYLE_FILL_AREA(#14657);
#14657 = FILL_AREA_STYLE('',(#14658));
#14658 = FILL_AREA_STYLE_COLOUR('',#14021);
#14659 = STYLED_ITEM('color',(#14660),#6799);
#14660 = PRESENTATION_STYLE_ASSIGNMENT((#14661));
#14661 = SURFACE_STYLE_USAGE(.BOTH.,#14662);
#14662 = SURFACE_SIDE_STYLE('',(#14663));
#14663 = SURFACE_STYLE_FILL_AREA(#14664);
#14664 = FILL_AREA_STYLE('',(#14665));
#14665 = FILL_AREA_STYLE_COLOUR('',#13637);
#14666 = STYLED_ITEM('color',(#14667),#6857);
#14667 = PRESENTATION_STYLE_ASSIGNMENT((#14668));
#14668 = SURFACE_STYLE_USAGE(.BOTH.,#14669);
#14669 = SURFACE_SIDE_STYLE('',(#14670));
#14670 = SURFACE_STYLE_FILL_AREA(#14671);
#14671 = FILL_AREA_STYLE('',(#14672));
#14672 = FILL_AREA_STYLE_COLOUR('',#13637);
#14673 = STYLED_ITEM('color',(#14674),#6915);
#14674 = PRESENTATION_STYLE_ASSIGNMENT((#14675));
#14675 = SURFACE_STYLE_USAGE(.BOTH.,#14676);
#14676 = SURFACE_SIDE_STYLE('',(#14677));
#14677 = SURFACE_STYLE_FILL_AREA(#14678);
#14678 = FILL_AREA_STYLE('',(#14679));
#14679 = FILL_AREA_STYLE_COLOUR('',#14021);
#14680 = STYLED_ITEM('color',(#14681),#6946);
#14681 = PRESENTATION_STYLE_ASSIGNMENT((#14682));
#14682 = SURFACE_STYLE_USAGE(.BOTH.,#14683);
#14683 = SURFACE_SIDE_STYLE('',(#14684));
#14684 = SURFACE_STYLE_FILL_AREA(#14685);
#14685 = FILL_AREA_STYLE('',(#14686));
#14686 = FILL_AREA_STYLE_COLOUR('',#13637);
#14687 = STYLED_ITEM('color',(#14688),#7004);
#14688 = PRESENTATION_STYLE_ASSIGNMENT((#14689));
#14689 = SURFACE_STYLE_USAGE(.BOTH.,#14690);
#14690 = SURFACE_SIDE_STYLE('',(#14691));
#14691 = SURFACE_STYLE_FILL_AREA(#14692);
#14692 = FILL_AREA_STYLE('',(#14693));
#14693 = FILL_AREA_STYLE_COLOUR('',#13637);
#14694 = STYLED_ITEM('color',(#14695),#7021);
#14695 = PRESENTATION_STYLE_ASSIGNMENT((#14696));
#14696 = SURFACE_STYLE_USAGE(.BOTH.,#14697);
#14697 = SURFACE_SIDE_STYLE('',(#14698));
#14698 = SURFACE_STYLE_FILL_AREA(#14699);
#14699 = FILL_AREA_STYLE('',(#14700));
#14700 = FILL_AREA_STYLE_COLOUR('',#13637);
#14701 = STYLED_ITEM('color',(#14702),#7079);
#14702 = PRESENTATION_STYLE_ASSIGNMENT((#14703));
#14703 = SURFACE_STYLE_USAGE(.BOTH.,#14704);
#14704 = SURFACE_SIDE_STYLE('',(#14705));
#14705 = SURFACE_STYLE_FILL_AREA(#14706);
#14706 = FILL_AREA_STYLE('',(#14707));
#14707 = FILL_AREA_STYLE_COLOUR('',#13637);
#14708 = STYLED_ITEM('color',(#14709),#7096);
#14709 = PRESENTATION_STYLE_ASSIGNMENT((#14710));
#14710 = SURFACE_STYLE_USAGE(.BOTH.,#14711);
#14711 = SURFACE_SIDE_STYLE('',(#14712));
#14712 = SURFACE_STYLE_FILL_AREA(#14713);
#14713 = FILL_AREA_STYLE('',(#14714));
#14714 = FILL_AREA_STYLE_COLOUR('',#14021);
#14715 = STYLED_ITEM('color',(#14716),#7127);
#14716 = PRESENTATION_STYLE_ASSIGNMENT((#14717));
#14717 = SURFACE_STYLE_USAGE(.BOTH.,#14718);
#14718 = SURFACE_SIDE_STYLE('',(#14719));
#14719 = SURFACE_STYLE_FILL_AREA(#14720);
#14720 = FILL_AREA_STYLE('',(#14721));
#14721 = FILL_AREA_STYLE_COLOUR('',#13637);
#14722 = STYLED_ITEM('color',(#14723),#7185);
#14723 = PRESENTATION_STYLE_ASSIGNMENT((#14724));
#14724 = SURFACE_STYLE_USAGE(.BOTH.,#14725);
#14725 = SURFACE_SIDE_STYLE('',(#14726));
#14726 = SURFACE_STYLE_FILL_AREA(#14727);
#14727 = FILL_AREA_STYLE('',(#14728));
#14728 = FILL_AREA_STYLE_COLOUR('',#13637);
#14729 = STYLED_ITEM('color',(#14730),#7243);
#14730 = PRESENTATION_STYLE_ASSIGNMENT((#14731));
#14731 = SURFACE_STYLE_USAGE(.BOTH.,#14732);
#14732 = SURFACE_SIDE_STYLE('',(#14733));
#14733 = SURFACE_STYLE_FILL_AREA(#14734);
#14734 = FILL_AREA_STYLE('',(#14735));
#14735 = FILL_AREA_STYLE_COLOUR('',#14021);
#14736 = STYLED_ITEM('color',(#14737),#7274);
#14737 = PRESENTATION_STYLE_ASSIGNMENT((#14738));
#14738 = SURFACE_STYLE_USAGE(.BOTH.,#14739);
#14739 = SURFACE_SIDE_STYLE('',(#14740));
#14740 = SURFACE_STYLE_FILL_AREA(#14741);
#14741 = FILL_AREA_STYLE('',(#14742));
#14742 = FILL_AREA_STYLE_COLOUR('',#13637);
#14743 = STYLED_ITEM('color',(#14744),#7332);
#14744 = PRESENTATION_STYLE_ASSIGNMENT((#14745));
#14745 = SURFACE_STYLE_USAGE(.BOTH.,#14746);
#14746 = SURFACE_SIDE_STYLE('',(#14747));
#14747 = SURFACE_STYLE_FILL_AREA(#14748);
#14748 = FILL_AREA_STYLE('',(#14749));
#14749 = FILL_AREA_STYLE_COLOUR('',#13637);
#14750 = STYLED_ITEM('color',(#14751),#7349);
#14751 = PRESENTATION_STYLE_ASSIGNMENT((#14752));
#14752 = SURFACE_STYLE_USAGE(.BOTH.,#14753);
#14753 = SURFACE_SIDE_STYLE('',(#14754));
#14754 = SURFACE_STYLE_FILL_AREA(#14755);
#14755 = FILL_AREA_STYLE('',(#14756));
#14756 = FILL_AREA_STYLE_COLOUR('',#13637);
#14757 = STYLED_ITEM('color',(#14758),#7407);
#14758 = PRESENTATION_STYLE_ASSIGNMENT((#14759));
#14759 = SURFACE_STYLE_USAGE(.BOTH.,#14760);
#14760 = SURFACE_SIDE_STYLE('',(#14761));
#14761 = SURFACE_STYLE_FILL_AREA(#14762);
#14762 = FILL_AREA_STYLE('',(#14763));
#14763 = FILL_AREA_STYLE_COLOUR('',#13637);
#14764 = STYLED_ITEM('color',(#14765),#7424);
#14765 = PRESENTATION_STYLE_ASSIGNMENT((#14766));
#14766 = SURFACE_STYLE_USAGE(.BOTH.,#14767);
#14767 = SURFACE_SIDE_STYLE('',(#14768));
#14768 = SURFACE_STYLE_FILL_AREA(#14769);
#14769 = FILL_AREA_STYLE('',(#14770));
#14770 = FILL_AREA_STYLE_COLOUR('',#14021);
#14771 = STYLED_ITEM('color',(#14772),#7455);
#14772 = PRESENTATION_STYLE_ASSIGNMENT((#14773));
#14773 = SURFACE_STYLE_USAGE(.BOTH.,#14774);
#14774 = SURFACE_SIDE_STYLE('',(#14775));
#14775 = SURFACE_STYLE_FILL_AREA(#14776);
#14776 = FILL_AREA_STYLE('',(#14777));
#14777 = FILL_AREA_STYLE_COLOUR('',#14021);
#14778 = STYLED_ITEM('color',(#14779),#7472);
#14779 = PRESENTATION_STYLE_ASSIGNMENT((#14780));
#14780 = SURFACE_STYLE_USAGE(.BOTH.,#14781);
#14781 = SURFACE_SIDE_STYLE('',(#14782));
#14782 = SURFACE_STYLE_FILL_AREA(#14783);
#14783 = FILL_AREA_STYLE('',(#14784));
#14784 = FILL_AREA_STYLE_COLOUR('',#14021);
#14785 = STYLED_ITEM('color',(#14786),#7557);
#14786 = PRESENTATION_STYLE_ASSIGNMENT((#14787));
#14787 = SURFACE_STYLE_USAGE(.BOTH.,#14788);
#14788 = SURFACE_SIDE_STYLE('',(#14789));
#14789 = SURFACE_STYLE_FILL_AREA(#14790);
#14790 = FILL_AREA_STYLE('',(#14791));
#14791 = FILL_AREA_STYLE_COLOUR('',#13637);
#14792 = STYLED_ITEM('color',(#14793),#7576);
#14793 = PRESENTATION_STYLE_ASSIGNMENT((#14794));
#14794 = SURFACE_STYLE_USAGE(.BOTH.,#14795);
#14795 = SURFACE_SIDE_STYLE('',(#14796));
#14796 = SURFACE_STYLE_FILL_AREA(#14797);
#14797 = FILL_AREA_STYLE('',(#14798));
#14798 = FILL_AREA_STYLE_COLOUR('',#13637);
#14799 = STYLED_ITEM('color',(#14800),#7625);
#14800 = PRESENTATION_STYLE_ASSIGNMENT((#14801));
#14801 = SURFACE_STYLE_USAGE(.BOTH.,#14802);
#14802 = SURFACE_SIDE_STYLE('',(#14803));
#14803 = SURFACE_STYLE_FILL_AREA(#14804);
#14804 = FILL_AREA_STYLE('',(#14805));
#14805 = FILL_AREA_STYLE_COLOUR('',#13637);
#14806 = STYLED_ITEM('color',(#14807),#7649);
#14807 = PRESENTATION_STYLE_ASSIGNMENT((#14808));
#14808 = SURFACE_STYLE_USAGE(.BOTH.,#14809);
#14809 = SURFACE_SIDE_STYLE('',(#14810));
#14810 = SURFACE_STYLE_FILL_AREA(#14811);
#14811 = FILL_AREA_STYLE('',(#14812));
#14812 = FILL_AREA_STYLE_COLOUR('',#13637);
#14813 = STYLED_ITEM('color',(#14814),#7696);
#14814 = PRESENTATION_STYLE_ASSIGNMENT((#14815));
#14815 = SURFACE_STYLE_USAGE(.BOTH.,#14816);
#14816 = SURFACE_SIDE_STYLE('',(#14817));
#14817 = SURFACE_STYLE_FILL_AREA(#14818);
#14818 = FILL_AREA_STYLE('',(#14819));
#14819 = FILL_AREA_STYLE_COLOUR('',#13637);
#14820 = STYLED_ITEM('color',(#14821),#7708);
#14821 = PRESENTATION_STYLE_ASSIGNMENT((#14822));
#14822 = SURFACE_STYLE_USAGE(.BOTH.,#14823);
#14823 = SURFACE_SIDE_STYLE('',(#14824));
#14824 = SURFACE_STYLE_FILL_AREA(#14825);
#14825 = FILL_AREA_STYLE('',(#14826));
#14826 = FILL_AREA_STYLE_COLOUR('',#13637);
#14827 = STYLED_ITEM('color',(#14828),#7727);
#14828 = PRESENTATION_STYLE_ASSIGNMENT((#14829));
#14829 = SURFACE_STYLE_USAGE(.BOTH.,#14830);
#14830 = SURFACE_SIDE_STYLE('',(#14831));
#14831 = SURFACE_STYLE_FILL_AREA(#14832);
#14832 = FILL_AREA_STYLE('',(#14833));
#14833 = FILL_AREA_STYLE_COLOUR('',#13637);
#14834 = STYLED_ITEM('color',(#14835),#7744);
#14835 = PRESENTATION_STYLE_ASSIGNMENT((#14836));
#14836 = SURFACE_STYLE_USAGE(.BOTH.,#14837);
#14837 = SURFACE_SIDE_STYLE('',(#14838));
#14838 = SURFACE_STYLE_FILL_AREA(#14839);
#14839 = FILL_AREA_STYLE('',(#14840));
#14840 = FILL_AREA_STYLE_COLOUR('',#13637);
#14841 = STYLED_ITEM('color',(#14842),#7793);
#14842 = PRESENTATION_STYLE_ASSIGNMENT((#14843));
#14843 = SURFACE_STYLE_USAGE(.BOTH.,#14844);
#14844 = SURFACE_SIDE_STYLE('',(#14845));
#14845 = SURFACE_STYLE_FILL_AREA(#14846);
#14846 = FILL_AREA_STYLE('',(#14847));
#14847 = FILL_AREA_STYLE_COLOUR('',#13637);
#14848 = STYLED_ITEM('color',(#14849),#7817);
#14849 = PRESENTATION_STYLE_ASSIGNMENT((#14850));
#14850 = SURFACE_STYLE_USAGE(.BOTH.,#14851);
#14851 = SURFACE_SIDE_STYLE('',(#14852));
#14852 = SURFACE_STYLE_FILL_AREA(#14853);
#14853 = FILL_AREA_STYLE('',(#14854));
#14854 = FILL_AREA_STYLE_COLOUR('',#13637);
#14855 = STYLED_ITEM('color',(#14856),#7859);
#14856 = PRESENTATION_STYLE_ASSIGNMENT((#14857));
#14857 = SURFACE_STYLE_USAGE(.BOTH.,#14858);
#14858 = SURFACE_SIDE_STYLE('',(#14859));
#14859 = SURFACE_STYLE_FILL_AREA(#14860);
#14860 = FILL_AREA_STYLE('',(#14861));
#14861 = FILL_AREA_STYLE_COLOUR('',#13637);
#14862 = STYLED_ITEM('color',(#14863),#7876);
#14863 = PRESENTATION_STYLE_ASSIGNMENT((#14864));
#14864 = SURFACE_STYLE_USAGE(.BOTH.,#14865);
#14865 = SURFACE_SIDE_STYLE('',(#14866));
#14866 = SURFACE_STYLE_FILL_AREA(#14867);
#14867 = FILL_AREA_STYLE('',(#14868));
#14868 = FILL_AREA_STYLE_COLOUR('',#13637);
#14869 = STYLED_ITEM('color',(#14870),#7893);
#14870 = PRESENTATION_STYLE_ASSIGNMENT((#14871));
#14871 = SURFACE_STYLE_USAGE(.BOTH.,#14872);
#14872 = SURFACE_SIDE_STYLE('',(#14873));
#14873 = SURFACE_STYLE_FILL_AREA(#14874);
#14874 = FILL_AREA_STYLE('',(#14875));
#14875 = FILL_AREA_STYLE_COLOUR('',#13637);
#14876 = STYLED_ITEM('color',(#14877),#7912);
#14877 = PRESENTATION_STYLE_ASSIGNMENT((#14878));
#14878 = SURFACE_STYLE_USAGE(.BOTH.,#14879);
#14879 = SURFACE_SIDE_STYLE('',(#14880));
#14880 = SURFACE_STYLE_FILL_AREA(#14881);
#14881 = FILL_AREA_STYLE('',(#14882));
#14882 = FILL_AREA_STYLE_COLOUR('',#13637);
#14883 = STYLED_ITEM('color',(#14884),#7977);
#14884 = PRESENTATION_STYLE_ASSIGNMENT((#14885));
#14885 = SURFACE_STYLE_USAGE(.BOTH.,#14886);
#14886 = SURFACE_SIDE_STYLE('',(#14887));
#14887 = SURFACE_STYLE_FILL_AREA(#14888);
#14888 = FILL_AREA_STYLE('',(#14889));
#14889 = FILL_AREA_STYLE_COLOUR('',#13637);
#14890 = STYLED_ITEM('color',(#14891),#8001);
#14891 = PRESENTATION_STYLE_ASSIGNMENT((#14892));
#14892 = SURFACE_STYLE_USAGE(.BOTH.,#14893);
#14893 = SURFACE_SIDE_STYLE('',(#14894));
#14894 = SURFACE_STYLE_FILL_AREA(#14895);
#14895 = FILL_AREA_STYLE('',(#14896));
#14896 = FILL_AREA_STYLE_COLOUR('',#13637);
#14897 = STYLED_ITEM('color',(#14898),#8064);
#14898 = PRESENTATION_STYLE_ASSIGNMENT((#14899));
#14899 = SURFACE_STYLE_USAGE(.BOTH.,#14900);
#14900 = SURFACE_SIDE_STYLE('',(#14901));
#14901 = SURFACE_STYLE_FILL_AREA(#14902);
#14902 = FILL_AREA_STYLE('',(#14903));
#14903 = FILL_AREA_STYLE_COLOUR('',#13637);
#14904 = STYLED_ITEM('color',(#14905),#8076);
#14905 = PRESENTATION_STYLE_ASSIGNMENT((#14906));
#14906 = SURFACE_STYLE_USAGE(.BOTH.,#14907);
#14907 = SURFACE_SIDE_STYLE('',(#14908));
#14908 = SURFACE_STYLE_FILL_AREA(#14909);
#14909 = FILL_AREA_STYLE('',(#14910));
#14910 = FILL_AREA_STYLE_COLOUR('',#13637);
#14911 = STYLED_ITEM('color',(#14912),#8141);
#14912 = PRESENTATION_STYLE_ASSIGNMENT((#14913));
#14913 = SURFACE_STYLE_USAGE(.BOTH.,#14914);
#14914 = SURFACE_SIDE_STYLE('',(#14915));
#14915 = SURFACE_STYLE_FILL_AREA(#14916);
#14916 = FILL_AREA_STYLE('',(#14917));
#14917 = FILL_AREA_STYLE_COLOUR('',#13637);
#14918 = STYLED_ITEM('color',(#14919),#8165);
#14919 = PRESENTATION_STYLE_ASSIGNMENT((#14920));
#14920 = SURFACE_STYLE_USAGE(.BOTH.,#14921);
#14921 = SURFACE_SIDE_STYLE('',(#14922));
#14922 = SURFACE_STYLE_FILL_AREA(#14923);
#14923 = FILL_AREA_STYLE('',(#14924));
#14924 = FILL_AREA_STYLE_COLOUR('',#13637);
#14925 = STYLED_ITEM('color',(#14926),#8228);
#14926 = PRESENTATION_STYLE_ASSIGNMENT((#14927));
#14927 = SURFACE_STYLE_USAGE(.BOTH.,#14928);
#14928 = SURFACE_SIDE_STYLE('',(#14929));
#14929 = SURFACE_STYLE_FILL_AREA(#14930);
#14930 = FILL_AREA_STYLE('',(#14931));
#14931 = FILL_AREA_STYLE_COLOUR('',#13637);
#14932 = STYLED_ITEM('color',(#14933),#8245);
#14933 = PRESENTATION_STYLE_ASSIGNMENT((#14934));
#14934 = SURFACE_STYLE_USAGE(.BOTH.,#14935);
#14935 = SURFACE_SIDE_STYLE('',(#14936));
#14936 = SURFACE_STYLE_FILL_AREA(#14937);
#14937 = FILL_AREA_STYLE('',(#14938));
#14938 = FILL_AREA_STYLE_COLOUR('',#13637);
#14939 = STYLED_ITEM('color',(#14940),#8259);
#14940 = PRESENTATION_STYLE_ASSIGNMENT((#14941));
#14941 = SURFACE_STYLE_USAGE(.BOTH.,#14942);
#14942 = SURFACE_SIDE_STYLE('',(#14943));
#14943 = SURFACE_STYLE_FILL_AREA(#14944);
#14944 = FILL_AREA_STYLE('',(#14945));
#14945 = FILL_AREA_STYLE_COLOUR('',#13637);
#14946 = STYLED_ITEM('color',(#14947),#8276);
#14947 = PRESENTATION_STYLE_ASSIGNMENT((#14948));
#14948 = SURFACE_STYLE_USAGE(.BOTH.,#14949);
#14949 = SURFACE_SIDE_STYLE('',(#14950));
#14950 = SURFACE_STYLE_FILL_AREA(#14951);
#14951 = FILL_AREA_STYLE('',(#14952));
#14952 = FILL_AREA_STYLE_COLOUR('',#13637);
#14953 = STYLED_ITEM('color',(#14954),#8293);
#14954 = PRESENTATION_STYLE_ASSIGNMENT((#14955));
#14955 = SURFACE_STYLE_USAGE(.BOTH.,#14956);
#14956 = SURFACE_SIDE_STYLE('',(#14957));
#14957 = SURFACE_STYLE_FILL_AREA(#14958);
#14958 = FILL_AREA_STYLE('',(#14959));
#14959 = FILL_AREA_STYLE_COLOUR('',#13637);
#14960 = STYLED_ITEM('color',(#14961),#8312);
#14961 = PRESENTATION_STYLE_ASSIGNMENT((#14962));
#14962 = SURFACE_STYLE_USAGE(.BOTH.,#14963);
#14963 = SURFACE_SIDE_STYLE('',(#14964));
#14964 = SURFACE_STYLE_FILL_AREA(#14965);
#14965 = FILL_AREA_STYLE('',(#14966));
#14966 = FILL_AREA_STYLE_COLOUR('',#13637);
#14967 = STYLED_ITEM('color',(#14968),#8377);
#14968 = PRESENTATION_STYLE_ASSIGNMENT((#14969));
#14969 = SURFACE_STYLE_USAGE(.BOTH.,#14970);
#14970 = SURFACE_SIDE_STYLE('',(#14971));
#14971 = SURFACE_STYLE_FILL_AREA(#14972);
#14972 = FILL_AREA_STYLE('',(#14973));
#14973 = FILL_AREA_STYLE_COLOUR('',#13637);
#14974 = STYLED_ITEM('color',(#14975),#8401);
#14975 = PRESENTATION_STYLE_ASSIGNMENT((#14976));
#14976 = SURFACE_STYLE_USAGE(.BOTH.,#14977);
#14977 = SURFACE_SIDE_STYLE('',(#14978));
#14978 = SURFACE_STYLE_FILL_AREA(#14979);
#14979 = FILL_AREA_STYLE('',(#14980));
#14980 = FILL_AREA_STYLE_COLOUR('',#13637);
#14981 = STYLED_ITEM('color',(#14982),#8464);
#14982 = PRESENTATION_STYLE_ASSIGNMENT((#14983));
#14983 = SURFACE_STYLE_USAGE(.BOTH.,#14984);
#14984 = SURFACE_SIDE_STYLE('',(#14985));
#14985 = SURFACE_STYLE_FILL_AREA(#14986);
#14986 = FILL_AREA_STYLE('',(#14987));
#14987 = FILL_AREA_STYLE_COLOUR('',#13637);
#14988 = STYLED_ITEM('color',(#14989),#8476);
#14989 = PRESENTATION_STYLE_ASSIGNMENT((#14990));
#14990 = SURFACE_STYLE_USAGE(.BOTH.,#14991);
#14991 = SURFACE_SIDE_STYLE('',(#14992));
#14992 = SURFACE_STYLE_FILL_AREA(#14993);
#14993 = FILL_AREA_STYLE('',(#14994));
#14994 = FILL_AREA_STYLE_COLOUR('',#13637);
#14995 = STYLED_ITEM('color',(#14996),#8541);
#14996 = PRESENTATION_STYLE_ASSIGNMENT((#14997));
#14997 = SURFACE_STYLE_USAGE(.BOTH.,#14998);
#14998 = SURFACE_SIDE_STYLE('',(#14999));
#14999 = SURFACE_STYLE_FILL_AREA(#15000);
#15000 = FILL_AREA_STYLE('',(#15001));
#15001 = FILL_AREA_STYLE_COLOUR('',#13637);
#15002 = STYLED_ITEM('color',(#15003),#8565);
#15003 = PRESENTATION_STYLE_ASSIGNMENT((#15004));
#15004 = SURFACE_STYLE_USAGE(.BOTH.,#15005);
#15005 = SURFACE_SIDE_STYLE('',(#15006));
#15006 = SURFACE_STYLE_FILL_AREA(#15007);
#15007 = FILL_AREA_STYLE('',(#15008));
#15008 = FILL_AREA_STYLE_COLOUR('',#13637);
#15009 = STYLED_ITEM('color',(#15010),#8628);
#15010 = PRESENTATION_STYLE_ASSIGNMENT((#15011));
#15011 = SURFACE_STYLE_USAGE(.BOTH.,#15012);
#15012 = SURFACE_SIDE_STYLE('',(#15013));
#15013 = SURFACE_STYLE_FILL_AREA(#15014);
#15014 = FILL_AREA_STYLE('',(#15015));
#15015 = FILL_AREA_STYLE_COLOUR('',#13637);
#15016 = STYLED_ITEM('color',(#15017),#8645);
#15017 = PRESENTATION_STYLE_ASSIGNMENT((#15018));
#15018 = SURFACE_STYLE_USAGE(.BOTH.,#15019);
#15019 = SURFACE_SIDE_STYLE('',(#15020));
#15020 = SURFACE_STYLE_FILL_AREA(#15021);
#15021 = FILL_AREA_STYLE('',(#15022));
#15022 = FILL_AREA_STYLE_COLOUR('',#13637);
#15023 = STYLED_ITEM('color',(#15024),#8659);
#15024 = PRESENTATION_STYLE_ASSIGNMENT((#15025));
#15025 = SURFACE_STYLE_USAGE(.BOTH.,#15026);
#15026 = SURFACE_SIDE_STYLE('',(#15027));
#15027 = SURFACE_STYLE_FILL_AREA(#15028);
#15028 = FILL_AREA_STYLE('',(#15029));
#15029 = FILL_AREA_STYLE_COLOUR('',#13637);
#15030 = STYLED_ITEM('color',(#15031),#8676);
#15031 = PRESENTATION_STYLE_ASSIGNMENT((#15032));
#15032 = SURFACE_STYLE_USAGE(.BOTH.,#15033);
#15033 = SURFACE_SIDE_STYLE('',(#15034));
#15034 = SURFACE_STYLE_FILL_AREA(#15035);
#15035 = FILL_AREA_STYLE('',(#15036));
#15036 = FILL_AREA_STYLE_COLOUR('',#13637);
#15037 = STYLED_ITEM('color',(#15038),#8693);
#15038 = PRESENTATION_STYLE_ASSIGNMENT((#15039));
#15039 = SURFACE_STYLE_USAGE(.BOTH.,#15040);
#15040 = SURFACE_SIDE_STYLE('',(#15041));
#15041 = SURFACE_STYLE_FILL_AREA(#15042);
#15042 = FILL_AREA_STYLE('',(#15043));
#15043 = FILL_AREA_STYLE_COLOUR('',#13637);
#15044 = STYLED_ITEM('color',(#15045),#8712);
#15045 = PRESENTATION_STYLE_ASSIGNMENT((#15046));
#15046 = SURFACE_STYLE_USAGE(.BOTH.,#15047);
#15047 = SURFACE_SIDE_STYLE('',(#15048));
#15048 = SURFACE_STYLE_FILL_AREA(#15049);
#15049 = FILL_AREA_STYLE('',(#15050));
#15050 = FILL_AREA_STYLE_COLOUR('',#13637);
#15051 = STYLED_ITEM('color',(#15052),#8777);
#15052 = PRESENTATION_STYLE_ASSIGNMENT((#15053));
#15053 = SURFACE_STYLE_USAGE(.BOTH.,#15054);
#15054 = SURFACE_SIDE_STYLE('',(#15055));
#15055 = SURFACE_STYLE_FILL_AREA(#15056);
#15056 = FILL_AREA_STYLE('',(#15057));
#15057 = FILL_AREA_STYLE_COLOUR('',#13637);
#15058 = STYLED_ITEM('color',(#15059),#8801);
#15059 = PRESENTATION_STYLE_ASSIGNMENT((#15060));
#15060 = SURFACE_STYLE_USAGE(.BOTH.,#15061);
#15061 = SURFACE_SIDE_STYLE('',(#15062));
#15062 = SURFACE_STYLE_FILL_AREA(#15063);
#15063 = FILL_AREA_STYLE('',(#15064));
#15064 = FILL_AREA_STYLE_COLOUR('',#13637);
#15065 = STYLED_ITEM('color',(#15066),#8864);
#15066 = PRESENTATION_STYLE_ASSIGNMENT((#15067));
#15067 = SURFACE_STYLE_USAGE(.BOTH.,#15068);
#15068 = SURFACE_SIDE_STYLE('',(#15069));
#15069 = SURFACE_STYLE_FILL_AREA(#15070);
#15070 = FILL_AREA_STYLE('',(#15071));
#15071 = FILL_AREA_STYLE_COLOUR('',#13637);
#15072 = STYLED_ITEM('color',(#15073),#8876);
#15073 = PRESENTATION_STYLE_ASSIGNMENT((#15074));
#15074 = SURFACE_STYLE_USAGE(.BOTH.,#15075);
#15075 = SURFACE_SIDE_STYLE('',(#15076));
#15076 = SURFACE_STYLE_FILL_AREA(#15077);
#15077 = FILL_AREA_STYLE('',(#15078));
#15078 = FILL_AREA_STYLE_COLOUR('',#13637);
#15079 = STYLED_ITEM('color',(#15080),#8941);
#15080 = PRESENTATION_STYLE_ASSIGNMENT((#15081));
#15081 = SURFACE_STYLE_USAGE(.BOTH.,#15082);
#15082 = SURFACE_SIDE_STYLE('',(#15083));
#15083 = SURFACE_STYLE_FILL_AREA(#15084);
#15084 = FILL_AREA_STYLE('',(#15085));
#15085 = FILL_AREA_STYLE_COLOUR('',#13637);
#15086 = STYLED_ITEM('color',(#15087),#8965);
#15087 = PRESENTATION_STYLE_ASSIGNMENT((#15088));
#15088 = SURFACE_STYLE_USAGE(.BOTH.,#15089);
#15089 = SURFACE_SIDE_STYLE('',(#15090));
#15090 = SURFACE_STYLE_FILL_AREA(#15091);
#15091 = FILL_AREA_STYLE('',(#15092));
#15092 = FILL_AREA_STYLE_COLOUR('',#13637);
#15093 = STYLED_ITEM('color',(#15094),#9028);
#15094 = PRESENTATION_STYLE_ASSIGNMENT((#15095));
#15095 = SURFACE_STYLE_USAGE(.BOTH.,#15096);
#15096 = SURFACE_SIDE_STYLE('',(#15097));
#15097 = SURFACE_STYLE_FILL_AREA(#15098);
#15098 = FILL_AREA_STYLE('',(#15099));
#15099 = FILL_AREA_STYLE_COLOUR('',#13637);
#15100 = STYLED_ITEM('color',(#15101),#9045);
#15101 = PRESENTATION_STYLE_ASSIGNMENT((#15102));
#15102 = SURFACE_STYLE_USAGE(.BOTH.,#15103);
#15103 = SURFACE_SIDE_STYLE('',(#15104));
#15104 = SURFACE_STYLE_FILL_AREA(#15105);
#15105 = FILL_AREA_STYLE('',(#15106));
#15106 = FILL_AREA_STYLE_COLOUR('',#13637);
#15107 = STYLED_ITEM('color',(#15108),#9059);
#15108 = PRESENTATION_STYLE_ASSIGNMENT((#15109));
#15109 = SURFACE_STYLE_USAGE(.BOTH.,#15110);
#15110 = SURFACE_SIDE_STYLE('',(#15111));
#15111 = SURFACE_STYLE_FILL_AREA(#15112);
#15112 = FILL_AREA_STYLE('',(#15113));
#15113 = FILL_AREA_STYLE_COLOUR('',#13637);
#15114 = STYLED_ITEM('color',(#15115),#9076);
#15115 = PRESENTATION_STYLE_ASSIGNMENT((#15116));
#15116 = SURFACE_STYLE_USAGE(.BOTH.,#15117);
#15117 = SURFACE_SIDE_STYLE('',(#15118));
#15118 = SURFACE_STYLE_FILL_AREA(#15119);
#15119 = FILL_AREA_STYLE('',(#15120));
#15120 = FILL_AREA_STYLE_COLOUR('',#13637);
#15121 = STYLED_ITEM('color',(#15122),#9093);
#15122 = PRESENTATION_STYLE_ASSIGNMENT((#15123));
#15123 = SURFACE_STYLE_USAGE(.BOTH.,#15124);
#15124 = SURFACE_SIDE_STYLE('',(#15125));
#15125 = SURFACE_STYLE_FILL_AREA(#15126);
#15126 = FILL_AREA_STYLE('',(#15127));
#15127 = FILL_AREA_STYLE_COLOUR('',#14021);
#15128 = STYLED_ITEM('color',(#15129),#9442);
#15129 = PRESENTATION_STYLE_ASSIGNMENT((#15130));
#15130 = SURFACE_STYLE_USAGE(.BOTH.,#15131);
#15131 = SURFACE_SIDE_STYLE('',(#15132));
#15132 = SURFACE_STYLE_FILL_AREA(#15133);
#15133 = FILL_AREA_STYLE('',(#15134));
#15134 = FILL_AREA_STYLE_COLOUR('',#14021);
#15135 = STYLED_ITEM('color',(#15136),#9521);
#15136 = PRESENTATION_STYLE_ASSIGNMENT((#15137));
#15137 = SURFACE_STYLE_USAGE(.BOTH.,#15138);
#15138 = SURFACE_SIDE_STYLE('',(#15139));
#15139 = SURFACE_STYLE_FILL_AREA(#15140);
#15140 = FILL_AREA_STYLE('',(#15141));
#15141 = FILL_AREA_STYLE_COLOUR('',#13637);
#15142 = STYLED_ITEM('color',(#15143),#9540);
#15143 = PRESENTATION_STYLE_ASSIGNMENT((#15144));
#15144 = SURFACE_STYLE_USAGE(.BOTH.,#15145);
#15145 = SURFACE_SIDE_STYLE('',(#15146));
#15146 = SURFACE_STYLE_FILL_AREA(#15147);
#15147 = FILL_AREA_STYLE('',(#15148));
#15148 = FILL_AREA_STYLE_COLOUR('',#13637);
#15149 = STYLED_ITEM('color',(#15150),#9589);
#15150 = PRESENTATION_STYLE_ASSIGNMENT((#15151));
#15151 = SURFACE_STYLE_USAGE(.BOTH.,#15152);
#15152 = SURFACE_SIDE_STYLE('',(#15153));
#15153 = SURFACE_STYLE_FILL_AREA(#15154);
#15154 = FILL_AREA_STYLE('',(#15155));
#15155 = FILL_AREA_STYLE_COLOUR('',#13637);
#15156 = STYLED_ITEM('color',(#15157),#9613);
#15157 = PRESENTATION_STYLE_ASSIGNMENT((#15158));
#15158 = SURFACE_STYLE_USAGE(.BOTH.,#15159);
#15159 = SURFACE_SIDE_STYLE('',(#15160));
#15160 = SURFACE_STYLE_FILL_AREA(#15161);
#15161 = FILL_AREA_STYLE('',(#15162));
#15162 = FILL_AREA_STYLE_COLOUR('',#13637);
#15163 = STYLED_ITEM('color',(#15164),#9660);
#15164 = PRESENTATION_STYLE_ASSIGNMENT((#15165));
#15165 = SURFACE_STYLE_USAGE(.BOTH.,#15166);
#15166 = SURFACE_SIDE_STYLE('',(#15167));
#15167 = SURFACE_STYLE_FILL_AREA(#15168);
#15168 = FILL_AREA_STYLE('',(#15169));
#15169 = FILL_AREA_STYLE_COLOUR('',#13637);
#15170 = STYLED_ITEM('color',(#15171),#9672);
#15171 = PRESENTATION_STYLE_ASSIGNMENT((#15172));
#15172 = SURFACE_STYLE_USAGE(.BOTH.,#15173);
#15173 = SURFACE_SIDE_STYLE('',(#15174));
#15174 = SURFACE_STYLE_FILL_AREA(#15175);
#15175 = FILL_AREA_STYLE('',(#15176));
#15176 = FILL_AREA_STYLE_COLOUR('',#13637);
#15177 = STYLED_ITEM('color',(#15178),#9726);
#15178 = PRESENTATION_STYLE_ASSIGNMENT((#15179));
#15179 = SURFACE_STYLE_USAGE(.BOTH.,#15180);
#15180 = SURFACE_SIDE_STYLE('',(#15181));
#15181 = SURFACE_STYLE_FILL_AREA(#15182);
#15182 = FILL_AREA_STYLE('',(#15183));
#15183 = FILL_AREA_STYLE_COLOUR('',#13637);
#15184 = STYLED_ITEM('color',(#15185),#9750);
#15185 = PRESENTATION_STYLE_ASSIGNMENT((#15186));
#15186 = SURFACE_STYLE_USAGE(.BOTH.,#15187);
#15187 = SURFACE_SIDE_STYLE('',(#15188));
#15188 = SURFACE_STYLE_FILL_AREA(#15189);
#15189 = FILL_AREA_STYLE('',(#15190));
#15190 = FILL_AREA_STYLE_COLOUR('',#13637);
#15191 = STYLED_ITEM('color',(#15192),#9792);
#15192 = PRESENTATION_STYLE_ASSIGNMENT((#15193));
#15193 = SURFACE_STYLE_USAGE(.BOTH.,#15194);
#15194 = SURFACE_SIDE_STYLE('',(#15195));
#15195 = SURFACE_STYLE_FILL_AREA(#15196);
#15196 = FILL_AREA_STYLE('',(#15197));
#15197 = FILL_AREA_STYLE_COLOUR('',#13637);
#15198 = STYLED_ITEM('color',(#15199),#9811);
#15199 = PRESENTATION_STYLE_ASSIGNMENT((#15200));
#15200 = SURFACE_STYLE_USAGE(.BOTH.,#15201);
#15201 = SURFACE_SIDE_STYLE('',(#15202));
#15202 = SURFACE_STYLE_FILL_AREA(#15203);
#15203 = FILL_AREA_STYLE('',(#15204));
#15204 = FILL_AREA_STYLE_COLOUR('',#13637);
#15205 = STYLED_ITEM('color',(#15206),#9823);
#15206 = PRESENTATION_STYLE_ASSIGNMENT((#15207));
#15207 = SURFACE_STYLE_USAGE(.BOTH.,#15208);
#15208 = SURFACE_SIDE_STYLE('',(#15209));
#15209 = SURFACE_STYLE_FILL_AREA(#15210);
#15210 = FILL_AREA_STYLE('',(#15211));
#15211 = FILL_AREA_STYLE_COLOUR('',#13637);
#15212 = STYLED_ITEM('color',(#15213),#9840);
#15213 = PRESENTATION_STYLE_ASSIGNMENT((#15214));
#15214 = SURFACE_STYLE_USAGE(.BOTH.,#15215);
#15215 = SURFACE_SIDE_STYLE('',(#15216));
#15216 = SURFACE_STYLE_FILL_AREA(#15217);
#15217 = FILL_AREA_STYLE('',(#15218));
#15218 = FILL_AREA_STYLE_COLOUR('',#13637);
#15219 = STYLED_ITEM('color',(#15220),#9857);
#15220 = PRESENTATION_STYLE_ASSIGNMENT((#15221));
#15221 = SURFACE_STYLE_USAGE(.BOTH.,#15222);
#15222 = SURFACE_SIDE_STYLE('',(#15223));
#15223 = SURFACE_STYLE_FILL_AREA(#15224);
#15224 = FILL_AREA_STYLE('',(#15225));
#15225 = FILL_AREA_STYLE_COLOUR('',#13637);
#15226 = STYLED_ITEM('color',(#15227),#9876);
#15227 = PRESENTATION_STYLE_ASSIGNMENT((#15228));
#15228 = SURFACE_STYLE_USAGE(.BOTH.,#15229);
#15229 = SURFACE_SIDE_STYLE('',(#15230));
#15230 = SURFACE_STYLE_FILL_AREA(#15231);
#15231 = FILL_AREA_STYLE('',(#15232));
#15232 = FILL_AREA_STYLE_COLOUR('',#13637);
#15233 = STYLED_ITEM('color',(#15234),#9893);
#15234 = PRESENTATION_STYLE_ASSIGNMENT((#15235));
#15235 = SURFACE_STYLE_USAGE(.BOTH.,#15236);
#15236 = SURFACE_SIDE_STYLE('',(#15237));
#15237 = SURFACE_STYLE_FILL_AREA(#15238);
#15238 = FILL_AREA_STYLE('',(#15239));
#15239 = FILL_AREA_STYLE_COLOUR('',#13637);
#15240 = STYLED_ITEM('color',(#15241),#9958);
#15241 = PRESENTATION_STYLE_ASSIGNMENT((#15242));
#15242 = SURFACE_STYLE_USAGE(.BOTH.,#15243);
#15243 = SURFACE_SIDE_STYLE('',(#15244));
#15244 = SURFACE_STYLE_FILL_AREA(#15245);
#15245 = FILL_AREA_STYLE('',(#15246));
#15246 = FILL_AREA_STYLE_COLOUR('',#13637);
#15247 = STYLED_ITEM('color',(#15248),#9982);
#15248 = PRESENTATION_STYLE_ASSIGNMENT((#15249));
#15249 = SURFACE_STYLE_USAGE(.BOTH.,#15250);
#15250 = SURFACE_SIDE_STYLE('',(#15251));
#15251 = SURFACE_STYLE_FILL_AREA(#15252);
#15252 = FILL_AREA_STYLE('',(#15253));
#15253 = FILL_AREA_STYLE_COLOUR('',#13637);
#15254 = STYLED_ITEM('color',(#15255),#10040);
#15255 = PRESENTATION_STYLE_ASSIGNMENT((#15256));
#15256 = SURFACE_STYLE_USAGE(.BOTH.,#15257);
#15257 = SURFACE_SIDE_STYLE('',(#15258));
#15258 = SURFACE_STYLE_FILL_AREA(#15259);
#15259 = FILL_AREA_STYLE('',(#15260));
#15260 = FILL_AREA_STYLE_COLOUR('',#13637);
#15261 = STYLED_ITEM('color',(#15262),#10062);
#15262 = PRESENTATION_STYLE_ASSIGNMENT((#15263));
#15263 = SURFACE_STYLE_USAGE(.BOTH.,#15264);
#15264 = SURFACE_SIDE_STYLE('',(#15265));
#15265 = SURFACE_STYLE_FILL_AREA(#15266);
#15266 = FILL_AREA_STYLE('',(#15267));
#15267 = FILL_AREA_STYLE_COLOUR('',#13637);
#15268 = STYLED_ITEM('color',(#15269),#10127);
#15269 = PRESENTATION_STYLE_ASSIGNMENT((#15270));
#15270 = SURFACE_STYLE_USAGE(.BOTH.,#15271);
#15271 = SURFACE_SIDE_STYLE('',(#15272));
#15272 = SURFACE_STYLE_FILL_AREA(#15273);
#15273 = FILL_AREA_STYLE('',(#15274));
#15274 = FILL_AREA_STYLE_COLOUR('',#13637);
#15275 = STYLED_ITEM('color',(#15276),#10151);
#15276 = PRESENTATION_STYLE_ASSIGNMENT((#15277));
#15277 = SURFACE_STYLE_USAGE(.BOTH.,#15278);
#15278 = SURFACE_SIDE_STYLE('',(#15279));
#15279 = SURFACE_STYLE_FILL_AREA(#15280);
#15280 = FILL_AREA_STYLE('',(#15281));
#15281 = FILL_AREA_STYLE_COLOUR('',#13637);
#15282 = STYLED_ITEM('color',(#15283),#10209);
#15283 = PRESENTATION_STYLE_ASSIGNMENT((#15284));
#15284 = SURFACE_STYLE_USAGE(.BOTH.,#15285);
#15285 = SURFACE_SIDE_STYLE('',(#15286));
#15286 = SURFACE_STYLE_FILL_AREA(#15287);
#15287 = FILL_AREA_STYLE('',(#15288));
#15288 = FILL_AREA_STYLE_COLOUR('',#13637);
#15289 = STYLED_ITEM('color',(#15290),#10223);
#15290 = PRESENTATION_STYLE_ASSIGNMENT((#15291));
#15291 = SURFACE_STYLE_USAGE(.BOTH.,#15292);
#15292 = SURFACE_SIDE_STYLE('',(#15293));
#15293 = SURFACE_STYLE_FILL_AREA(#15294);
#15294 = FILL_AREA_STYLE('',(#15295));
#15295 = FILL_AREA_STYLE_COLOUR('',#13637);
#15296 = STYLED_ITEM('color',(#15297),#10240);
#15297 = PRESENTATION_STYLE_ASSIGNMENT((#15298));
#15298 = SURFACE_STYLE_USAGE(.BOTH.,#15299);
#15299 = SURFACE_SIDE_STYLE('',(#15300));
#15300 = SURFACE_STYLE_FILL_AREA(#15301);
#15301 = FILL_AREA_STYLE('',(#15302));
#15302 = FILL_AREA_STYLE_COLOUR('',#13637);
#15303 = STYLED_ITEM('color',(#15304),#10257);
#15304 = PRESENTATION_STYLE_ASSIGNMENT((#15305));
#15305 = SURFACE_STYLE_USAGE(.BOTH.,#15306);
#15306 = SURFACE_SIDE_STYLE('',(#15307));
#15307 = SURFACE_STYLE_FILL_AREA(#15308);
#15308 = FILL_AREA_STYLE('',(#15309));
#15309 = FILL_AREA_STYLE_COLOUR('',#13637);
#15310 = STYLED_ITEM('color',(#15311),#10276);
#15311 = PRESENTATION_STYLE_ASSIGNMENT((#15312));
#15312 = SURFACE_STYLE_USAGE(.BOTH.,#15313);
#15313 = SURFACE_SIDE_STYLE('',(#15314));
#15314 = SURFACE_STYLE_FILL_AREA(#15315);
#15315 = FILL_AREA_STYLE('',(#15316));
#15316 = FILL_AREA_STYLE_COLOUR('',#13637);
#15317 = STYLED_ITEM('color',(#15318),#10293);
#15318 = PRESENTATION_STYLE_ASSIGNMENT((#15319));
#15319 = SURFACE_STYLE_USAGE(.BOTH.,#15320);
#15320 = SURFACE_SIDE_STYLE('',(#15321));
#15321 = SURFACE_STYLE_FILL_AREA(#15322);
#15322 = FILL_AREA_STYLE('',(#15323));
#15323 = FILL_AREA_STYLE_COLOUR('',#13637);
#15324 = STYLED_ITEM('color',(#15325),#10358);
#15325 = PRESENTATION_STYLE_ASSIGNMENT((#15326));
#15326 = SURFACE_STYLE_USAGE(.BOTH.,#15327);
#15327 = SURFACE_SIDE_STYLE('',(#15328));
#15328 = SURFACE_STYLE_FILL_AREA(#15329);
#15329 = FILL_AREA_STYLE('',(#15330));
#15330 = FILL_AREA_STYLE_COLOUR('',#13637);
#15331 = STYLED_ITEM('color',(#15332),#10382);
#15332 = PRESENTATION_STYLE_ASSIGNMENT((#15333));
#15333 = SURFACE_STYLE_USAGE(.BOTH.,#15334);
#15334 = SURFACE_SIDE_STYLE('',(#15335));
#15335 = SURFACE_STYLE_FILL_AREA(#15336);
#15336 = FILL_AREA_STYLE('',(#15337));
#15337 = FILL_AREA_STYLE_COLOUR('',#13637);
#15338 = STYLED_ITEM('color',(#15339),#10440);
#15339 = PRESENTATION_STYLE_ASSIGNMENT((#15340));
#15340 = SURFACE_STYLE_USAGE(.BOTH.,#15341);
#15341 = SURFACE_SIDE_STYLE('',(#15342));
#15342 = SURFACE_STYLE_FILL_AREA(#15343);
#15343 = FILL_AREA_STYLE('',(#15344));
#15344 = FILL_AREA_STYLE_COLOUR('',#13637);
#15345 = STYLED_ITEM('color',(#15346),#10462);
#15346 = PRESENTATION_STYLE_ASSIGNMENT((#15347));
#15347 = SURFACE_STYLE_USAGE(.BOTH.,#15348);
#15348 = SURFACE_SIDE_STYLE('',(#15349));
#15349 = SURFACE_STYLE_FILL_AREA(#15350);
#15350 = FILL_AREA_STYLE('',(#15351));
#15351 = FILL_AREA_STYLE_COLOUR('',#13637);
#15352 = STYLED_ITEM('color',(#15353),#10527);
#15353 = PRESENTATION_STYLE_ASSIGNMENT((#15354));
#15354 = SURFACE_STYLE_USAGE(.BOTH.,#15355);
#15355 = SURFACE_SIDE_STYLE('',(#15356));
#15356 = SURFACE_STYLE_FILL_AREA(#15357);
#15357 = FILL_AREA_STYLE('',(#15358));
#15358 = FILL_AREA_STYLE_COLOUR('',#13637);
#15359 = STYLED_ITEM('color',(#15360),#10551);
#15360 = PRESENTATION_STYLE_ASSIGNMENT((#15361));
#15361 = SURFACE_STYLE_USAGE(.BOTH.,#15362);
#15362 = SURFACE_SIDE_STYLE('',(#15363));
#15363 = SURFACE_STYLE_FILL_AREA(#15364);
#15364 = FILL_AREA_STYLE('',(#15365));
#15365 = FILL_AREA_STYLE_COLOUR('',#13637);
#15366 = STYLED_ITEM('color',(#15367),#10609);
#15367 = PRESENTATION_STYLE_ASSIGNMENT((#15368));
#15368 = SURFACE_STYLE_USAGE(.BOTH.,#15369);
#15369 = SURFACE_SIDE_STYLE('',(#15370));
#15370 = SURFACE_STYLE_FILL_AREA(#15371);
#15371 = FILL_AREA_STYLE('',(#15372));
#15372 = FILL_AREA_STYLE_COLOUR('',#13637);
#15373 = STYLED_ITEM('color',(#15374),#10623);
#15374 = PRESENTATION_STYLE_ASSIGNMENT((#15375));
#15375 = SURFACE_STYLE_USAGE(.BOTH.,#15376);
#15376 = SURFACE_SIDE_STYLE('',(#15377));
#15377 = SURFACE_STYLE_FILL_AREA(#15378);
#15378 = FILL_AREA_STYLE('',(#15379));
#15379 = FILL_AREA_STYLE_COLOUR('',#13637);
#15380 = STYLED_ITEM('color',(#15381),#10640);
#15381 = PRESENTATION_STYLE_ASSIGNMENT((#15382));
#15382 = SURFACE_STYLE_USAGE(.BOTH.,#15383);
#15383 = SURFACE_SIDE_STYLE('',(#15384));
#15384 = SURFACE_STYLE_FILL_AREA(#15385);
#15385 = FILL_AREA_STYLE('',(#15386));
#15386 = FILL_AREA_STYLE_COLOUR('',#13637);
#15387 = STYLED_ITEM('color',(#15388),#10657);
#15388 = PRESENTATION_STYLE_ASSIGNMENT((#15389));
#15389 = SURFACE_STYLE_USAGE(.BOTH.,#15390);
#15390 = SURFACE_SIDE_STYLE('',(#15391));
#15391 = SURFACE_STYLE_FILL_AREA(#15392);
#15392 = FILL_AREA_STYLE('',(#15393));
#15393 = FILL_AREA_STYLE_COLOUR('',#13637);
#15394 = STYLED_ITEM('color',(#15395),#10676);
#15395 = PRESENTATION_STYLE_ASSIGNMENT((#15396));
#15396 = SURFACE_STYLE_USAGE(.BOTH.,#15397);
#15397 = SURFACE_SIDE_STYLE('',(#15398));
#15398 = SURFACE_STYLE_FILL_AREA(#15399);
#15399 = FILL_AREA_STYLE('',(#15400));
#15400 = FILL_AREA_STYLE_COLOUR('',#13637);
#15401 = STYLED_ITEM('color',(#15402),#10693);
#15402 = PRESENTATION_STYLE_ASSIGNMENT((#15403));
#15403 = SURFACE_STYLE_USAGE(.BOTH.,#15404);
#15404 = SURFACE_SIDE_STYLE('',(#15405));
#15405 = SURFACE_STYLE_FILL_AREA(#15406);
#15406 = FILL_AREA_STYLE('',(#15407));
#15407 = FILL_AREA_STYLE_COLOUR('',#13637);
#15408 = STYLED_ITEM('color',(#15409),#10758);
#15409 = PRESENTATION_STYLE_ASSIGNMENT((#15410));
#15410 = SURFACE_STYLE_USAGE(.BOTH.,#15411);
#15411 = SURFACE_SIDE_STYLE('',(#15412));
#15412 = SURFACE_STYLE_FILL_AREA(#15413);
#15413 = FILL_AREA_STYLE('',(#15414));
#15414 = FILL_AREA_STYLE_COLOUR('',#13637);
#15415 = STYLED_ITEM('color',(#15416),#10782);
#15416 = PRESENTATION_STYLE_ASSIGNMENT((#15417));
#15417 = SURFACE_STYLE_USAGE(.BOTH.,#15418);
#15418 = SURFACE_SIDE_STYLE('',(#15419));
#15419 = SURFACE_STYLE_FILL_AREA(#15420);
#15420 = FILL_AREA_STYLE('',(#15421));
#15421 = FILL_AREA_STYLE_COLOUR('',#13637);
#15422 = STYLED_ITEM('color',(#15423),#10840);
#15423 = PRESENTATION_STYLE_ASSIGNMENT((#15424));
#15424 = SURFACE_STYLE_USAGE(.BOTH.,#15425);
#15425 = SURFACE_SIDE_STYLE('',(#15426));
#15426 = SURFACE_STYLE_FILL_AREA(#15427);
#15427 = FILL_AREA_STYLE('',(#15428));
#15428 = FILL_AREA_STYLE_COLOUR('',#13637);
#15429 = STYLED_ITEM('color',(#15430),#10862);
#15430 = PRESENTATION_STYLE_ASSIGNMENT((#15431));
#15431 = SURFACE_STYLE_USAGE(.BOTH.,#15432);
#15432 = SURFACE_SIDE_STYLE('',(#15433));
#15433 = SURFACE_STYLE_FILL_AREA(#15434);
#15434 = FILL_AREA_STYLE('',(#15435));
#15435 = FILL_AREA_STYLE_COLOUR('',#13637);
#15436 = STYLED_ITEM('color',(#15437),#10927);
#15437 = PRESENTATION_STYLE_ASSIGNMENT((#15438));
#15438 = SURFACE_STYLE_USAGE(.BOTH.,#15439);
#15439 = SURFACE_SIDE_STYLE('',(#15440));
#15440 = SURFACE_STYLE_FILL_AREA(#15441);
#15441 = FILL_AREA_STYLE('',(#15442));
#15442 = FILL_AREA_STYLE_COLOUR('',#13637);
#15443 = STYLED_ITEM('color',(#15444),#10951);
#15444 = PRESENTATION_STYLE_ASSIGNMENT((#15445));
#15445 = SURFACE_STYLE_USAGE(.BOTH.,#15446);
#15446 = SURFACE_SIDE_STYLE('',(#15447));
#15447 = SURFACE_STYLE_FILL_AREA(#15448);
#15448 = FILL_AREA_STYLE('',(#15449));
#15449 = FILL_AREA_STYLE_COLOUR('',#13637);
#15450 = STYLED_ITEM('color',(#15451),#11009);
#15451 = PRESENTATION_STYLE_ASSIGNMENT((#15452));
#15452 = SURFACE_STYLE_USAGE(.BOTH.,#15453);
#15453 = SURFACE_SIDE_STYLE('',(#15454));
#15454 = SURFACE_STYLE_FILL_AREA(#15455);
#15455 = FILL_AREA_STYLE('',(#15456));
#15456 = FILL_AREA_STYLE_COLOUR('',#13637);
#15457 = STYLED_ITEM('color',(#15458),#11023);
#15458 = PRESENTATION_STYLE_ASSIGNMENT((#15459));
#15459 = SURFACE_STYLE_USAGE(.BOTH.,#15460);
#15460 = SURFACE_SIDE_STYLE('',(#15461));
#15461 = SURFACE_STYLE_FILL_AREA(#15462);
#15462 = FILL_AREA_STYLE('',(#15463));
#15463 = FILL_AREA_STYLE_COLOUR('',#13637);
#15464 = STYLED_ITEM('color',(#15465),#11040);
#15465 = PRESENTATION_STYLE_ASSIGNMENT((#15466));
#15466 = SURFACE_STYLE_USAGE(.BOTH.,#15467);
#15467 = SURFACE_SIDE_STYLE('',(#15468));
#15468 = SURFACE_STYLE_FILL_AREA(#15469);
#15469 = FILL_AREA_STYLE('',(#15470));
#15470 = FILL_AREA_STYLE_COLOUR('',#13637);
#15471 = STYLED_ITEM('color',(#15472),#11057);
#15472 = PRESENTATION_STYLE_ASSIGNMENT((#15473));
#15473 = SURFACE_STYLE_USAGE(.BOTH.,#15474);
#15474 = SURFACE_SIDE_STYLE('',(#15475));
#15475 = SURFACE_STYLE_FILL_AREA(#15476);
#15476 = FILL_AREA_STYLE('',(#15477));
#15477 = FILL_AREA_STYLE_COLOUR('',#14021);
#15478 = STYLED_ITEM('color',(#15479),#11074);
#15479 = PRESENTATION_STYLE_ASSIGNMENT((#15480));
#15480 = SURFACE_STYLE_USAGE(.BOTH.,#15481);
#15481 = SURFACE_SIDE_STYLE('',(#15482));
#15482 = SURFACE_STYLE_FILL_AREA(#15483);
#15483 = FILL_AREA_STYLE('',(#15484));
#15484 = FILL_AREA_STYLE_COLOUR('',#14021);
#15485 = STYLED_ITEM('color',(#15486),#11103);
#15486 = PRESENTATION_STYLE_ASSIGNMENT((#15487));
#15487 = SURFACE_STYLE_USAGE(.BOTH.,#15488);
#15488 = SURFACE_SIDE_STYLE('',(#15489));
#15489 = SURFACE_STYLE_FILL_AREA(#15490);
#15490 = FILL_AREA_STYLE('',(#15491));
#15491 = FILL_AREA_STYLE_COLOUR('',#13637);
#15492 = STYLED_ITEM('color',(#15493),#11120);
#15493 = PRESENTATION_STYLE_ASSIGNMENT((#15494));
#15494 = SURFACE_STYLE_USAGE(.BOTH.,#15495);
#15495 = SURFACE_SIDE_STYLE('',(#15496));
#15496 = SURFACE_STYLE_FILL_AREA(#15497);
#15497 = FILL_AREA_STYLE('',(#15498));
#15498 = FILL_AREA_STYLE_COLOUR('',#13637);
#15499 = STYLED_ITEM('color',(#15500),#11137);
#15500 = PRESENTATION_STYLE_ASSIGNMENT((#15501));
#15501 = SURFACE_STYLE_USAGE(.BOTH.,#15502);
#15502 = SURFACE_SIDE_STYLE('',(#15503));
#15503 = SURFACE_STYLE_FILL_AREA(#15504);
#15504 = FILL_AREA_STYLE('',(#15505));
#15505 = FILL_AREA_STYLE_COLOUR('',#13637);
#15506 = STYLED_ITEM('color',(#15507),#11149);
#15507 = PRESENTATION_STYLE_ASSIGNMENT((#15508));
#15508 = SURFACE_STYLE_USAGE(.BOTH.,#15509);
#15509 = SURFACE_SIDE_STYLE('',(#15510));
#15510 = SURFACE_STYLE_FILL_AREA(#15511);
#15511 = FILL_AREA_STYLE('',(#15512));
#15512 = FILL_AREA_STYLE_COLOUR('',#13637);
#15513 = STYLED_ITEM('color',(#15514),#11166);
#15514 = PRESENTATION_STYLE_ASSIGNMENT((#15515));
#15515 = SURFACE_STYLE_USAGE(.BOTH.,#15516);
#15516 = SURFACE_SIDE_STYLE('',(#15517));
#15517 = SURFACE_STYLE_FILL_AREA(#15518);
#15518 = FILL_AREA_STYLE('',(#15519));
#15519 = FILL_AREA_STYLE_COLOUR('',#13637);
#15520 = STYLED_ITEM('color',(#15521),#11183);
#15521 = PRESENTATION_STYLE_ASSIGNMENT((#15522));
#15522 = SURFACE_STYLE_USAGE(.BOTH.,#15523);
#15523 = SURFACE_SIDE_STYLE('',(#15524));
#15524 = SURFACE_STYLE_FILL_AREA(#15525);
#15525 = FILL_AREA_STYLE('',(#15526));
#15526 = FILL_AREA_STYLE_COLOUR('',#13637);
#15527 = STYLED_ITEM('color',(#15528),#11195);
#15528 = PRESENTATION_STYLE_ASSIGNMENT((#15529));
#15529 = SURFACE_STYLE_USAGE(.BOTH.,#15530);
#15530 = SURFACE_SIDE_STYLE('',(#15531));
#15531 = SURFACE_STYLE_FILL_AREA(#15532);
#15532 = FILL_AREA_STYLE('',(#15533));
#15533 = FILL_AREA_STYLE_COLOUR('',#13637);
#15534 = STYLED_ITEM('color',(#15535),#11212);
#15535 = PRESENTATION_STYLE_ASSIGNMENT((#15536));
#15536 = SURFACE_STYLE_USAGE(.BOTH.,#15537);
#15537 = SURFACE_SIDE_STYLE('',(#15538));
#15538 = SURFACE_STYLE_FILL_AREA(#15539);
#15539 = FILL_AREA_STYLE('',(#15540));
#15540 = FILL_AREA_STYLE_COLOUR('',#13637);
#15541 = STYLED_ITEM('color',(#15542),#11229);
#15542 = PRESENTATION_STYLE_ASSIGNMENT((#15543));
#15543 = SURFACE_STYLE_USAGE(.BOTH.,#15544);
#15544 = SURFACE_SIDE_STYLE('',(#15545));
#15545 = SURFACE_STYLE_FILL_AREA(#15546);
#15546 = FILL_AREA_STYLE('',(#15547));
#15547 = FILL_AREA_STYLE_COLOUR('',#13637);
#15548 = STYLED_ITEM('color',(#15549),#11246);
#15549 = PRESENTATION_STYLE_ASSIGNMENT((#15550));
#15550 = SURFACE_STYLE_USAGE(.BOTH.,#15551);
#15551 = SURFACE_SIDE_STYLE('',(#15552));
#15552 = SURFACE_STYLE_FILL_AREA(#15553);
#15553 = FILL_AREA_STYLE('',(#15554));
#15554 = FILL_AREA_STYLE_COLOUR('',#13637);
#15555 = STYLED_ITEM('color',(#15556),#11263);
#15556 = PRESENTATION_STYLE_ASSIGNMENT((#15557));
#15557 = SURFACE_STYLE_USAGE(.BOTH.,#15558);
#15558 = SURFACE_SIDE_STYLE('',(#15559));
#15559 = SURFACE_STYLE_FILL_AREA(#15560);
#15560 = FILL_AREA_STYLE('',(#15561));
#15561 = FILL_AREA_STYLE_COLOUR('',#13637);
#15562 = STYLED_ITEM('color',(#15563),#11275);
#15563 = PRESENTATION_STYLE_ASSIGNMENT((#15564));
#15564 = SURFACE_STYLE_USAGE(.BOTH.,#15565);
#15565 = SURFACE_SIDE_STYLE('',(#15566));
#15566 = SURFACE_STYLE_FILL_AREA(#15567);
#15567 = FILL_AREA_STYLE('',(#15568));
#15568 = FILL_AREA_STYLE_COLOUR('',#13637);
#15569 = STYLED_ITEM('color',(#15570),#11292);
#15570 = PRESENTATION_STYLE_ASSIGNMENT((#15571));
#15571 = SURFACE_STYLE_USAGE(.BOTH.,#15572);
#15572 = SURFACE_SIDE_STYLE('',(#15573));
#15573 = SURFACE_STYLE_FILL_AREA(#15574);
#15574 = FILL_AREA_STYLE('',(#15575));
#15575 = FILL_AREA_STYLE_COLOUR('',#13637);
#15576 = STYLED_ITEM('color',(#15577),#11309);
#15577 = PRESENTATION_STYLE_ASSIGNMENT((#15578));
#15578 = SURFACE_STYLE_USAGE(.BOTH.,#15579);
#15579 = SURFACE_SIDE_STYLE('',(#15580));
#15580 = SURFACE_STYLE_FILL_AREA(#15581);
#15581 = FILL_AREA_STYLE('',(#15582));
#15582 = FILL_AREA_STYLE_COLOUR('',#13637);
#15583 = STYLED_ITEM('color',(#15584),#11326);
#15584 = PRESENTATION_STYLE_ASSIGNMENT((#15585));
#15585 = SURFACE_STYLE_USAGE(.BOTH.,#15586);
#15586 = SURFACE_SIDE_STYLE('',(#15587));
#15587 = SURFACE_STYLE_FILL_AREA(#15588);
#15588 = FILL_AREA_STYLE('',(#15589));
#15589 = FILL_AREA_STYLE_COLOUR('',#13637);
#15590 = STYLED_ITEM('color',(#15591),#11343);
#15591 = PRESENTATION_STYLE_ASSIGNMENT((#15592));
#15592 = SURFACE_STYLE_USAGE(.BOTH.,#15593);
#15593 = SURFACE_SIDE_STYLE('',(#15594));
#15594 = SURFACE_STYLE_FILL_AREA(#15595);
#15595 = FILL_AREA_STYLE('',(#15596));
#15596 = FILL_AREA_STYLE_COLOUR('',#13637);
#15597 = STYLED_ITEM('color',(#15598),#11355);
#15598 = PRESENTATION_STYLE_ASSIGNMENT((#15599));
#15599 = SURFACE_STYLE_USAGE(.BOTH.,#15600);
#15600 = SURFACE_SIDE_STYLE('',(#15601));
#15601 = SURFACE_STYLE_FILL_AREA(#15602);
#15602 = FILL_AREA_STYLE('',(#15603));
#15603 = FILL_AREA_STYLE_COLOUR('',#13637);
#15604 = STYLED_ITEM('color',(#15605),#11372);
#15605 = PRESENTATION_STYLE_ASSIGNMENT((#15606));
#15606 = SURFACE_STYLE_USAGE(.BOTH.,#15607);
#15607 = SURFACE_SIDE_STYLE('',(#15608));
#15608 = SURFACE_STYLE_FILL_AREA(#15609);
#15609 = FILL_AREA_STYLE('',(#15610));
#15610 = FILL_AREA_STYLE_COLOUR('',#13637);
#15611 = STYLED_ITEM('color',(#15612),#11389);
#15612 = PRESENTATION_STYLE_ASSIGNMENT((#15613));
#15613 = SURFACE_STYLE_USAGE(.BOTH.,#15614);
#15614 = SURFACE_SIDE_STYLE('',(#15615));
#15615 = SURFACE_STYLE_FILL_AREA(#15616);
#15616 = FILL_AREA_STYLE('',(#15617));
#15617 = FILL_AREA_STYLE_COLOUR('',#13637);
#15618 = STYLED_ITEM('color',(#15619),#11406);
#15619 = PRESENTATION_STYLE_ASSIGNMENT((#15620));
#15620 = SURFACE_STYLE_USAGE(.BOTH.,#15621);
#15621 = SURFACE_SIDE_STYLE('',(#15622));
#15622 = SURFACE_STYLE_FILL_AREA(#15623);
#15623 = FILL_AREA_STYLE('',(#15624));
#15624 = FILL_AREA_STYLE_COLOUR('',#13637);
#15625 = STYLED_ITEM('color',(#15626),#11423);
#15626 = PRESENTATION_STYLE_ASSIGNMENT((#15627));
#15627 = SURFACE_STYLE_USAGE(.BOTH.,#15628);
#15628 = SURFACE_SIDE_STYLE('',(#15629));
#15629 = SURFACE_STYLE_FILL_AREA(#15630);
#15630 = FILL_AREA_STYLE('',(#15631));
#15631 = FILL_AREA_STYLE_COLOUR('',#13637);
#15632 = STYLED_ITEM('color',(#15633),#11435);
#15633 = PRESENTATION_STYLE_ASSIGNMENT((#15634));
#15634 = SURFACE_STYLE_USAGE(.BOTH.,#15635);
#15635 = SURFACE_SIDE_STYLE('',(#15636));
#15636 = SURFACE_STYLE_FILL_AREA(#15637);
#15637 = FILL_AREA_STYLE('',(#15638));
#15638 = FILL_AREA_STYLE_COLOUR('',#13637);
#15639 = STYLED_ITEM('color',(#15640),#11452);
#15640 = PRESENTATION_STYLE_ASSIGNMENT((#15641));
#15641 = SURFACE_STYLE_USAGE(.BOTH.,#15642);
#15642 = SURFACE_SIDE_STYLE('',(#15643));
#15643 = SURFACE_STYLE_FILL_AREA(#15644);
#15644 = FILL_AREA_STYLE('',(#15645));
#15645 = FILL_AREA_STYLE_COLOUR('',#13637);
#15646 = STYLED_ITEM('color',(#15647),#11469);
#15647 = PRESENTATION_STYLE_ASSIGNMENT((#15648));
#15648 = SURFACE_STYLE_USAGE(.BOTH.,#15649);
#15649 = SURFACE_SIDE_STYLE('',(#15650));
#15650 = SURFACE_STYLE_FILL_AREA(#15651);
#15651 = FILL_AREA_STYLE('',(#15652));
#15652 = FILL_AREA_STYLE_COLOUR('',#13637);
#15653 = STYLED_ITEM('color',(#15654),#11486);
#15654 = PRESENTATION_STYLE_ASSIGNMENT((#15655));
#15655 = SURFACE_STYLE_USAGE(.BOTH.,#15656);
#15656 = SURFACE_SIDE_STYLE('',(#15657));
#15657 = SURFACE_STYLE_FILL_AREA(#15658);
#15658 = FILL_AREA_STYLE('',(#15659));
#15659 = FILL_AREA_STYLE_COLOUR('',#13637);
#15660 = STYLED_ITEM('color',(#15661),#11503);
#15661 = PRESENTATION_STYLE_ASSIGNMENT((#15662));
#15662 = SURFACE_STYLE_USAGE(.BOTH.,#15663);
#15663 = SURFACE_SIDE_STYLE('',(#15664));
#15664 = SURFACE_STYLE_FILL_AREA(#15665);
#15665 = FILL_AREA_STYLE('',(#15666));
#15666 = FILL_AREA_STYLE_COLOUR('',#13637);
#15667 = STYLED_ITEM('color',(#15668),#11515);
#15668 = PRESENTATION_STYLE_ASSIGNMENT((#15669));
#15669 = SURFACE_STYLE_USAGE(.BOTH.,#15670);
#15670 = SURFACE_SIDE_STYLE('',(#15671));
#15671 = SURFACE_STYLE_FILL_AREA(#15672);
#15672 = FILL_AREA_STYLE('',(#15673));
#15673 = FILL_AREA_STYLE_COLOUR('',#13637);
#15674 = STYLED_ITEM('color',(#15675),#11532);
#15675 = PRESENTATION_STYLE_ASSIGNMENT((#15676));
#15676 = SURFACE_STYLE_USAGE(.BOTH.,#15677);
#15677 = SURFACE_SIDE_STYLE('',(#15678));
#15678 = SURFACE_STYLE_FILL_AREA(#15679);
#15679 = FILL_AREA_STYLE('',(#15680));
#15680 = FILL_AREA_STYLE_COLOUR('',#13637);
#15681 = STYLED_ITEM('color',(#15682),#11549);
#15682 = PRESENTATION_STYLE_ASSIGNMENT((#15683));
#15683 = SURFACE_STYLE_USAGE(.BOTH.,#15684);
#15684 = SURFACE_SIDE_STYLE('',(#15685));
#15685 = SURFACE_STYLE_FILL_AREA(#15686);
#15686 = FILL_AREA_STYLE('',(#15687));
#15687 = FILL_AREA_STYLE_COLOUR('',#13637);
#15688 = STYLED_ITEM('color',(#15689),#11566);
#15689 = PRESENTATION_STYLE_ASSIGNMENT((#15690));
#15690 = SURFACE_STYLE_USAGE(.BOTH.,#15691);
#15691 = SURFACE_SIDE_STYLE('',(#15692));
#15692 = SURFACE_STYLE_FILL_AREA(#15693);
#15693 = FILL_AREA_STYLE('',(#15694));
#15694 = FILL_AREA_STYLE_COLOUR('',#13637);
#15695 = STYLED_ITEM('color',(#15696),#11583);
#15696 = PRESENTATION_STYLE_ASSIGNMENT((#15697));
#15697 = SURFACE_STYLE_USAGE(.BOTH.,#15698);
#15698 = SURFACE_SIDE_STYLE('',(#15699));
#15699 = SURFACE_STYLE_FILL_AREA(#15700);
#15700 = FILL_AREA_STYLE('',(#15701));
#15701 = FILL_AREA_STYLE_COLOUR('',#13637);
#15702 = STYLED_ITEM('color',(#15703),#11595);
#15703 = PRESENTATION_STYLE_ASSIGNMENT((#15704));
#15704 = SURFACE_STYLE_USAGE(.BOTH.,#15705);
#15705 = SURFACE_SIDE_STYLE('',(#15706));
#15706 = SURFACE_STYLE_FILL_AREA(#15707);
#15707 = FILL_AREA_STYLE('',(#15708));
#15708 = FILL_AREA_STYLE_COLOUR('',#13637);
#15709 = STYLED_ITEM('color',(#15710),#11612);
#15710 = PRESENTATION_STYLE_ASSIGNMENT((#15711));
#15711 = SURFACE_STYLE_USAGE(.BOTH.,#15712);
#15712 = SURFACE_SIDE_STYLE('',(#15713));
#15713 = SURFACE_STYLE_FILL_AREA(#15714);
#15714 = FILL_AREA_STYLE('',(#15715));
#15715 = FILL_AREA_STYLE_COLOUR('',#13637);
#15716 = STYLED_ITEM('color',(#15717),#11629);
#15717 = PRESENTATION_STYLE_ASSIGNMENT((#15718));
#15718 = SURFACE_STYLE_USAGE(.BOTH.,#15719);
#15719 = SURFACE_SIDE_STYLE('',(#15720));
#15720 = SURFACE_STYLE_FILL_AREA(#15721);
#15721 = FILL_AREA_STYLE('',(#15722));
#15722 = FILL_AREA_STYLE_COLOUR('',#13637);
#15723 = STYLED_ITEM('color',(#15724),#11646);
#15724 = PRESENTATION_STYLE_ASSIGNMENT((#15725));
#15725 = SURFACE_STYLE_USAGE(.BOTH.,#15726);
#15726 = SURFACE_SIDE_STYLE('',(#15727));
#15727 = SURFACE_STYLE_FILL_AREA(#15728);
#15728 = FILL_AREA_STYLE('',(#15729));
#15729 = FILL_AREA_STYLE_COLOUR('',#13637);
#15730 = STYLED_ITEM('color',(#15731),#11663);
#15731 = PRESENTATION_STYLE_ASSIGNMENT((#15732));
#15732 = SURFACE_STYLE_USAGE(.BOTH.,#15733);
#15733 = SURFACE_SIDE_STYLE('',(#15734));
#15734 = SURFACE_STYLE_FILL_AREA(#15735);
#15735 = FILL_AREA_STYLE('',(#15736));
#15736 = FILL_AREA_STYLE_COLOUR('',#13637);
#15737 = STYLED_ITEM('color',(#15738),#11675);
#15738 = PRESENTATION_STYLE_ASSIGNMENT((#15739));
#15739 = SURFACE_STYLE_USAGE(.BOTH.,#15740);
#15740 = SURFACE_SIDE_STYLE('',(#15741));
#15741 = SURFACE_STYLE_FILL_AREA(#15742);
#15742 = FILL_AREA_STYLE('',(#15743));
#15743 = FILL_AREA_STYLE_COLOUR('',#14021);
#15744 = STYLED_ITEM('color',(#15745),#11703);
#15745 = PRESENTATION_STYLE_ASSIGNMENT((#15746));
#15746 = SURFACE_STYLE_USAGE(.BOTH.,#15747);
#15747 = SURFACE_SIDE_STYLE('',(#15748));
#15748 = SURFACE_STYLE_FILL_AREA(#15749);
#15749 = FILL_AREA_STYLE('',(#15750));
#15750 = FILL_AREA_STYLE_COLOUR('',#14021);
#15751 = STYLED_ITEM('color',(#15752),#11714);
#15752 = PRESENTATION_STYLE_ASSIGNMENT((#15753));
#15753 = SURFACE_STYLE_USAGE(.BOTH.,#15754);
#15754 = SURFACE_SIDE_STYLE('',(#15755));
#15755 = SURFACE_STYLE_FILL_AREA(#15756);
#15756 = FILL_AREA_STYLE('',(#15757));
#15757 = FILL_AREA_STYLE_COLOUR('',#13637);
#15758 = STYLED_ITEM('color',(#15759),#11731);
#15759 = PRESENTATION_STYLE_ASSIGNMENT((#15760));
#15760 = SURFACE_STYLE_USAGE(.BOTH.,#15761);
#15761 = SURFACE_SIDE_STYLE('',(#15762));
#15762 = SURFACE_STYLE_FILL_AREA(#15763);
#15763 = FILL_AREA_STYLE('',(#15764));
#15764 = FILL_AREA_STYLE_COLOUR('',#13637);
#15765 = STYLED_ITEM('color',(#15766),#11748);
#15766 = PRESENTATION_STYLE_ASSIGNMENT((#15767));
#15767 = SURFACE_STYLE_USAGE(.BOTH.,#15768);
#15768 = SURFACE_SIDE_STYLE('',(#15769));
#15769 = SURFACE_STYLE_FILL_AREA(#15770);
#15770 = FILL_AREA_STYLE('',(#15771));
#15771 = FILL_AREA_STYLE_COLOUR('',#13637);
#15772 = STYLED_ITEM('color',(#15773),#11760);
#15773 = PRESENTATION_STYLE_ASSIGNMENT((#15774));
#15774 = SURFACE_STYLE_USAGE(.BOTH.,#15775);
#15775 = SURFACE_SIDE_STYLE('',(#15776));
#15776 = SURFACE_STYLE_FILL_AREA(#15777);
#15777 = FILL_AREA_STYLE('',(#15778));
#15778 = FILL_AREA_STYLE_COLOUR('',#13637);
#15779 = STYLED_ITEM('color',(#15780),#11777);
#15780 = PRESENTATION_STYLE_ASSIGNMENT((#15781));
#15781 = SURFACE_STYLE_USAGE(.BOTH.,#15782);
#15782 = SURFACE_SIDE_STYLE('',(#15783));
#15783 = SURFACE_STYLE_FILL_AREA(#15784);
#15784 = FILL_AREA_STYLE('',(#15785));
#15785 = FILL_AREA_STYLE_COLOUR('',#13637);
#15786 = STYLED_ITEM('color',(#15787),#11794);
#15787 = PRESENTATION_STYLE_ASSIGNMENT((#15788));
#15788 = SURFACE_STYLE_USAGE(.BOTH.,#15789);
#15789 = SURFACE_SIDE_STYLE('',(#15790));
#15790 = SURFACE_STYLE_FILL_AREA(#15791);
#15791 = FILL_AREA_STYLE('',(#15792));
#15792 = FILL_AREA_STYLE_COLOUR('',#13637);
#15793 = STYLED_ITEM('color',(#15794),#11806);
#15794 = PRESENTATION_STYLE_ASSIGNMENT((#15795));
#15795 = SURFACE_STYLE_USAGE(.BOTH.,#15796);
#15796 = SURFACE_SIDE_STYLE('',(#15797));
#15797 = SURFACE_STYLE_FILL_AREA(#15798);
#15798 = FILL_AREA_STYLE('',(#15799));
#15799 = FILL_AREA_STYLE_COLOUR('',#13637);
#15800 = STYLED_ITEM('color',(#15801),#11823);
#15801 = PRESENTATION_STYLE_ASSIGNMENT((#15802));
#15802 = SURFACE_STYLE_USAGE(.BOTH.,#15803);
#15803 = SURFACE_SIDE_STYLE('',(#15804));
#15804 = SURFACE_STYLE_FILL_AREA(#15805);
#15805 = FILL_AREA_STYLE('',(#15806));
#15806 = FILL_AREA_STYLE_COLOUR('',#13637);
#15807 = STYLED_ITEM('color',(#15808),#11840);
#15808 = PRESENTATION_STYLE_ASSIGNMENT((#15809));
#15809 = SURFACE_STYLE_USAGE(.BOTH.,#15810);
#15810 = SURFACE_SIDE_STYLE('',(#15811));
#15811 = SURFACE_STYLE_FILL_AREA(#15812);
#15812 = FILL_AREA_STYLE('',(#15813));
#15813 = FILL_AREA_STYLE_COLOUR('',#13637);
#15814 = STYLED_ITEM('color',(#15815),#11857);
#15815 = PRESENTATION_STYLE_ASSIGNMENT((#15816));
#15816 = SURFACE_STYLE_USAGE(.BOTH.,#15817);
#15817 = SURFACE_SIDE_STYLE('',(#15818));
#15818 = SURFACE_STYLE_FILL_AREA(#15819);
#15819 = FILL_AREA_STYLE('',(#15820));
#15820 = FILL_AREA_STYLE_COLOUR('',#13637);
#15821 = STYLED_ITEM('color',(#15822),#11874);
#15822 = PRESENTATION_STYLE_ASSIGNMENT((#15823));
#15823 = SURFACE_STYLE_USAGE(.BOTH.,#15824);
#15824 = SURFACE_SIDE_STYLE('',(#15825));
#15825 = SURFACE_STYLE_FILL_AREA(#15826);
#15826 = FILL_AREA_STYLE('',(#15827));
#15827 = FILL_AREA_STYLE_COLOUR('',#13637);
#15828 = STYLED_ITEM('color',(#15829),#11886);
#15829 = PRESENTATION_STYLE_ASSIGNMENT((#15830));
#15830 = SURFACE_STYLE_USAGE(.BOTH.,#15831);
#15831 = SURFACE_SIDE_STYLE('',(#15832));
#15832 = SURFACE_STYLE_FILL_AREA(#15833);
#15833 = FILL_AREA_STYLE('',(#15834));
#15834 = FILL_AREA_STYLE_COLOUR('',#13637);
#15835 = STYLED_ITEM('color',(#15836),#11903);
#15836 = PRESENTATION_STYLE_ASSIGNMENT((#15837));
#15837 = SURFACE_STYLE_USAGE(.BOTH.,#15838);
#15838 = SURFACE_SIDE_STYLE('',(#15839));
#15839 = SURFACE_STYLE_FILL_AREA(#15840);
#15840 = FILL_AREA_STYLE('',(#15841));
#15841 = FILL_AREA_STYLE_COLOUR('',#13637);
#15842 = STYLED_ITEM('color',(#15843),#11920);
#15843 = PRESENTATION_STYLE_ASSIGNMENT((#15844));
#15844 = SURFACE_STYLE_USAGE(.BOTH.,#15845);
#15845 = SURFACE_SIDE_STYLE('',(#15846));
#15846 = SURFACE_STYLE_FILL_AREA(#15847);
#15847 = FILL_AREA_STYLE('',(#15848));
#15848 = FILL_AREA_STYLE_COLOUR('',#13637);
#15849 = STYLED_ITEM('color',(#15850),#11937);
#15850 = PRESENTATION_STYLE_ASSIGNMENT((#15851));
#15851 = SURFACE_STYLE_USAGE(.BOTH.,#15852);
#15852 = SURFACE_SIDE_STYLE('',(#15853));
#15853 = SURFACE_STYLE_FILL_AREA(#15854);
#15854 = FILL_AREA_STYLE('',(#15855));
#15855 = FILL_AREA_STYLE_COLOUR('',#13637);
#15856 = STYLED_ITEM('color',(#15857),#11954);
#15857 = PRESENTATION_STYLE_ASSIGNMENT((#15858));
#15858 = SURFACE_STYLE_USAGE(.BOTH.,#15859);
#15859 = SURFACE_SIDE_STYLE('',(#15860));
#15860 = SURFACE_STYLE_FILL_AREA(#15861);
#15861 = FILL_AREA_STYLE('',(#15862));
#15862 = FILL_AREA_STYLE_COLOUR('',#13637);
#15863 = STYLED_ITEM('color',(#15864),#11966);
#15864 = PRESENTATION_STYLE_ASSIGNMENT((#15865));
#15865 = SURFACE_STYLE_USAGE(.BOTH.,#15866);
#15866 = SURFACE_SIDE_STYLE('',(#15867));
#15867 = SURFACE_STYLE_FILL_AREA(#15868);
#15868 = FILL_AREA_STYLE('',(#15869));
#15869 = FILL_AREA_STYLE_COLOUR('',#13637);
#15870 = STYLED_ITEM('color',(#15871),#11983);
#15871 = PRESENTATION_STYLE_ASSIGNMENT((#15872));
#15872 = SURFACE_STYLE_USAGE(.BOTH.,#15873);
#15873 = SURFACE_SIDE_STYLE('',(#15874));
#15874 = SURFACE_STYLE_FILL_AREA(#15875);
#15875 = FILL_AREA_STYLE('',(#15876));
#15876 = FILL_AREA_STYLE_COLOUR('',#13637);
#15877 = STYLED_ITEM('color',(#15878),#12000);
#15878 = PRESENTATION_STYLE_ASSIGNMENT((#15879));
#15879 = SURFACE_STYLE_USAGE(.BOTH.,#15880);
#15880 = SURFACE_SIDE_STYLE('',(#15881));
#15881 = SURFACE_STYLE_FILL_AREA(#15882);
#15882 = FILL_AREA_STYLE('',(#15883));
#15883 = FILL_AREA_STYLE_COLOUR('',#13637);
#15884 = STYLED_ITEM('color',(#15885),#12017);
#15885 = PRESENTATION_STYLE_ASSIGNMENT((#15886));
#15886 = SURFACE_STYLE_USAGE(.BOTH.,#15887);
#15887 = SURFACE_SIDE_STYLE('',(#15888));
#15888 = SURFACE_STYLE_FILL_AREA(#15889);
#15889 = FILL_AREA_STYLE('',(#15890));
#15890 = FILL_AREA_STYLE_COLOUR('',#13637);
#15891 = STYLED_ITEM('color',(#15892),#12034);
#15892 = PRESENTATION_STYLE_ASSIGNMENT((#15893));
#15893 = SURFACE_STYLE_USAGE(.BOTH.,#15894);
#15894 = SURFACE_SIDE_STYLE('',(#15895));
#15895 = SURFACE_STYLE_FILL_AREA(#15896);
#15896 = FILL_AREA_STYLE('',(#15897));
#15897 = FILL_AREA_STYLE_COLOUR('',#13637);
#15898 = STYLED_ITEM('color',(#15899),#12046);
#15899 = PRESENTATION_STYLE_ASSIGNMENT((#15900));
#15900 = SURFACE_STYLE_USAGE(.BOTH.,#15901);
#15901 = SURFACE_SIDE_STYLE('',(#15902));
#15902 = SURFACE_STYLE_FILL_AREA(#15903);
#15903 = FILL_AREA_STYLE('',(#15904));
#15904 = FILL_AREA_STYLE_COLOUR('',#13637);
#15905 = STYLED_ITEM('color',(#15906),#12063);
#15906 = PRESENTATION_STYLE_ASSIGNMENT((#15907));
#15907 = SURFACE_STYLE_USAGE(.BOTH.,#15908);
#15908 = SURFACE_SIDE_STYLE('',(#15909));
#15909 = SURFACE_STYLE_FILL_AREA(#15910);
#15910 = FILL_AREA_STYLE('',(#15911));
#15911 = FILL_AREA_STYLE_COLOUR('',#13637);
#15912 = STYLED_ITEM('color',(#15913),#12080);
#15913 = PRESENTATION_STYLE_ASSIGNMENT((#15914));
#15914 = SURFACE_STYLE_USAGE(.BOTH.,#15915);
#15915 = SURFACE_SIDE_STYLE('',(#15916));
#15916 = SURFACE_STYLE_FILL_AREA(#15917);
#15917 = FILL_AREA_STYLE('',(#15918));
#15918 = FILL_AREA_STYLE_COLOUR('',#13637);
#15919 = STYLED_ITEM('color',(#15920),#12097);
#15920 = PRESENTATION_STYLE_ASSIGNMENT((#15921));
#15921 = SURFACE_STYLE_USAGE(.BOTH.,#15922);
#15922 = SURFACE_SIDE_STYLE('',(#15923));
#15923 = SURFACE_STYLE_FILL_AREA(#15924);
#15924 = FILL_AREA_STYLE('',(#15925));
#15925 = FILL_AREA_STYLE_COLOUR('',#13637);
#15926 = STYLED_ITEM('color',(#15927),#12114);
#15927 = PRESENTATION_STYLE_ASSIGNMENT((#15928));
#15928 = SURFACE_STYLE_USAGE(.BOTH.,#15929);
#15929 = SURFACE_SIDE_STYLE('',(#15930));
#15930 = SURFACE_STYLE_FILL_AREA(#15931);
#15931 = FILL_AREA_STYLE('',(#15932));
#15932 = FILL_AREA_STYLE_COLOUR('',#13637);
#15933 = STYLED_ITEM('color',(#15934),#12126);
#15934 = PRESENTATION_STYLE_ASSIGNMENT((#15935));
#15935 = SURFACE_STYLE_USAGE(.BOTH.,#15936);
#15936 = SURFACE_SIDE_STYLE('',(#15937));
#15937 = SURFACE_STYLE_FILL_AREA(#15938);
#15938 = FILL_AREA_STYLE('',(#15939));
#15939 = FILL_AREA_STYLE_COLOUR('',#13637);
#15940 = STYLED_ITEM('color',(#15941),#12143);
#15941 = PRESENTATION_STYLE_ASSIGNMENT((#15942));
#15942 = SURFACE_STYLE_USAGE(.BOTH.,#15943);
#15943 = SURFACE_SIDE_STYLE('',(#15944));
#15944 = SURFACE_STYLE_FILL_AREA(#15945);
#15945 = FILL_AREA_STYLE('',(#15946));
#15946 = FILL_AREA_STYLE_COLOUR('',#13637);
#15947 = STYLED_ITEM('color',(#15948),#12160);
#15948 = PRESENTATION_STYLE_ASSIGNMENT((#15949));
#15949 = SURFACE_STYLE_USAGE(.BOTH.,#15950);
#15950 = SURFACE_SIDE_STYLE('',(#15951));
#15951 = SURFACE_STYLE_FILL_AREA(#15952);
#15952 = FILL_AREA_STYLE('',(#15953));
#15953 = FILL_AREA_STYLE_COLOUR('',#13637);
#15954 = STYLED_ITEM('color',(#15955),#12177);
#15955 = PRESENTATION_STYLE_ASSIGNMENT((#15956));
#15956 = SURFACE_STYLE_USAGE(.BOTH.,#15957);
#15957 = SURFACE_SIDE_STYLE('',(#15958));
#15958 = SURFACE_STYLE_FILL_AREA(#15959);
#15959 = FILL_AREA_STYLE('',(#15960));
#15960 = FILL_AREA_STYLE_COLOUR('',#13637);
#15961 = STYLED_ITEM('color',(#15962),#12194);
#15962 = PRESENTATION_STYLE_ASSIGNMENT((#15963));
#15963 = SURFACE_STYLE_USAGE(.BOTH.,#15964);
#15964 = SURFACE_SIDE_STYLE('',(#15965));
#15965 = SURFACE_STYLE_FILL_AREA(#15966);
#15966 = FILL_AREA_STYLE('',(#15967));
#15967 = FILL_AREA_STYLE_COLOUR('',#13637);
#15968 = STYLED_ITEM('color',(#15969),#12206);
#15969 = PRESENTATION_STYLE_ASSIGNMENT((#15970));
#15970 = SURFACE_STYLE_USAGE(.BOTH.,#15971);
#15971 = SURFACE_SIDE_STYLE('',(#15972));
#15972 = SURFACE_STYLE_FILL_AREA(#15973);
#15973 = FILL_AREA_STYLE('',(#15974));
#15974 = FILL_AREA_STYLE_COLOUR('',#13637);
#15975 = STYLED_ITEM('color',(#15976),#12223);
#15976 = PRESENTATION_STYLE_ASSIGNMENT((#15977));
#15977 = SURFACE_STYLE_USAGE(.BOTH.,#15978);
#15978 = SURFACE_SIDE_STYLE('',(#15979));
#15979 = SURFACE_STYLE_FILL_AREA(#15980);
#15980 = FILL_AREA_STYLE('',(#15981));
#15981 = FILL_AREA_STYLE_COLOUR('',#13637);
#15982 = STYLED_ITEM('color',(#15983),#12240);
#15983 = PRESENTATION_STYLE_ASSIGNMENT((#15984));
#15984 = SURFACE_STYLE_USAGE(.BOTH.,#15985);
#15985 = SURFACE_SIDE_STYLE('',(#15986));
#15986 = SURFACE_STYLE_FILL_AREA(#15987);
#15987 = FILL_AREA_STYLE('',(#15988));
#15988 = FILL_AREA_STYLE_COLOUR('',#13637);
#15989 = STYLED_ITEM('color',(#15990),#12257);
#15990 = PRESENTATION_STYLE_ASSIGNMENT((#15991));
#15991 = SURFACE_STYLE_USAGE(.BOTH.,#15992);
#15992 = SURFACE_SIDE_STYLE('',(#15993));
#15993 = SURFACE_STYLE_FILL_AREA(#15994);
#15994 = FILL_AREA_STYLE('',(#15995));
#15995 = FILL_AREA_STYLE_COLOUR('',#13637);
#15996 = STYLED_ITEM('color',(#15997),#12274);
#15997 = PRESENTATION_STYLE_ASSIGNMENT((#15998));
#15998 = SURFACE_STYLE_USAGE(.BOTH.,#15999);
#15999 = SURFACE_SIDE_STYLE('',(#16000));
#16000 = SURFACE_STYLE_FILL_AREA(#16001);
#16001 = FILL_AREA_STYLE('',(#16002));
#16002 = FILL_AREA_STYLE_COLOUR('',#13637);
#16003 = MECHANICAL_DESIGN_GEOMETRIC_PRESENTATION_REPRESENTATION('',(
    #16004,#16011,#16018,#16025,#16032,#16039,#16046,#16053,#16061,
    #16068,#16075,#16082,#16089,#16096,#16103,#16110,#16117,#16124,
    #16131,#16138,#16145,#16152,#16159,#16166,#16173,#16180,#16187,
    #16194,#16201,#16208,#16215,#16222,#16229,#16236,#16243,#16250,
    #16258,#16265,#16272,#16279,#16286,#16293,#16300,#16307,#16314,
    #16321,#16328,#16335,#16342,#16349),#1576);
#16004 = STYLED_ITEM('color',(#16005),#55);
#16005 = PRESENTATION_STYLE_ASSIGNMENT((#16006));
#16006 = SURFACE_STYLE_USAGE(.BOTH.,#16007);
#16007 = SURFACE_SIDE_STYLE('',(#16008));
#16008 = SURFACE_STYLE_FILL_AREA(#16009);
#16009 = FILL_AREA_STYLE('',(#16010));
#16010 = FILL_AREA_STYLE_COLOUR('',#13687);
#16011 = STYLED_ITEM('color',(#16012),#95);
#16012 = PRESENTATION_STYLE_ASSIGNMENT((#16013));
#16013 = SURFACE_STYLE_USAGE(.BOTH.,#16014);
#16014 = SURFACE_SIDE_STYLE('',(#16015));
#16015 = SURFACE_STYLE_FILL_AREA(#16016);
#16016 = FILL_AREA_STYLE('',(#16017));
#16017 = FILL_AREA_STYLE_COLOUR('',#13687);
#16018 = STYLED_ITEM('color',(#16019),#142);
#16019 = PRESENTATION_STYLE_ASSIGNMENT((#16020));
#16020 = SURFACE_STYLE_USAGE(.BOTH.,#16021);
#16021 = SURFACE_SIDE_STYLE('',(#16022));
#16022 = SURFACE_STYLE_FILL_AREA(#16023);
#16023 = FILL_AREA_STYLE('',(#16024));
#16024 = FILL_AREA_STYLE_COLOUR('',#13687);
#16025 = STYLED_ITEM('color',(#16026),#221);
#16026 = PRESENTATION_STYLE_ASSIGNMENT((#16027));
#16027 = SURFACE_STYLE_USAGE(.BOTH.,#16028);
#16028 = SURFACE_SIDE_STYLE('',(#16029));
#16029 = SURFACE_STYLE_FILL_AREA(#16030);
#16030 = FILL_AREA_STYLE('',(#16031));
#16031 = FILL_AREA_STYLE_COLOUR('',#13687);
#16032 = STYLED_ITEM('color',(#16033),#245);
#16033 = PRESENTATION_STYLE_ASSIGNMENT((#16034));
#16034 = SURFACE_STYLE_USAGE(.BOTH.,#16035);
#16035 = SURFACE_SIDE_STYLE('',(#16036));
#16036 = SURFACE_STYLE_FILL_AREA(#16037);
#16037 = FILL_AREA_STYLE('',(#16038));
#16038 = FILL_AREA_STYLE_COLOUR('',#13687);
#16039 = STYLED_ITEM('color',(#16040),#285);
#16040 = PRESENTATION_STYLE_ASSIGNMENT((#16041));
#16041 = SURFACE_STYLE_USAGE(.BOTH.,#16042);
#16042 = SURFACE_SIDE_STYLE('',(#16043));
#16043 = SURFACE_STYLE_FILL_AREA(#16044);
#16044 = FILL_AREA_STYLE('',(#16045));
#16045 = FILL_AREA_STYLE_COLOUR('',#13687);
#16046 = STYLED_ITEM('color',(#16047),#316);
#16047 = PRESENTATION_STYLE_ASSIGNMENT((#16048));
#16048 = SURFACE_STYLE_USAGE(.BOTH.,#16049);
#16049 = SURFACE_SIDE_STYLE('',(#16050));
#16050 = SURFACE_STYLE_FILL_AREA(#16051);
#16051 = FILL_AREA_STYLE('',(#16052));
#16052 = FILL_AREA_STYLE_COLOUR('',#13687);
#16053 = STYLED_ITEM('color',(#16054),#333);
#16054 = PRESENTATION_STYLE_ASSIGNMENT((#16055));
#16055 = SURFACE_STYLE_USAGE(.BOTH.,#16056);
#16056 = SURFACE_SIDE_STYLE('',(#16057));
#16057 = SURFACE_STYLE_FILL_AREA(#16058);
#16058 = FILL_AREA_STYLE('',(#16059));
#16059 = FILL_AREA_STYLE_COLOUR('',#16060);
#16060 = COLOUR_RGB('',0.859000020776,0.737999965183,0.495999988746);
#16061 = STYLED_ITEM('color',(#16062),#366);
#16062 = PRESENTATION_STYLE_ASSIGNMENT((#16063));
#16063 = SURFACE_STYLE_USAGE(.BOTH.,#16064);
#16064 = SURFACE_SIDE_STYLE('',(#16065));
#16065 = SURFACE_STYLE_FILL_AREA(#16066);
#16066 = FILL_AREA_STYLE('',(#16067));
#16067 = FILL_AREA_STYLE_COLOUR('',#13687);
#16068 = STYLED_ITEM('color',(#16069),#390);
#16069 = PRESENTATION_STYLE_ASSIGNMENT((#16070));
#16070 = SURFACE_STYLE_USAGE(.BOTH.,#16071);
#16071 = SURFACE_SIDE_STYLE('',(#16072));
#16072 = SURFACE_STYLE_FILL_AREA(#16073);
#16073 = FILL_AREA_STYLE('',(#16074));
#16074 = FILL_AREA_STYLE_COLOUR('',#16060);
#16075 = STYLED_ITEM('color',(#16076),#457);
#16076 = PRESENTATION_STYLE_ASSIGNMENT((#16077));
#16077 = SURFACE_STYLE_USAGE(.BOTH.,#16078);
#16078 = SURFACE_SIDE_STYLE('',(#16079));
#16079 = SURFACE_STYLE_FILL_AREA(#16080);
#16080 = FILL_AREA_STYLE('',(#16081));
#16081 = FILL_AREA_STYLE_COLOUR('',#13687);
#16082 = STYLED_ITEM('color',(#16083),#578);
#16083 = PRESENTATION_STYLE_ASSIGNMENT((#16084));
#16084 = SURFACE_STYLE_USAGE(.BOTH.,#16085);
#16085 = SURFACE_SIDE_STYLE('',(#16086));
#16086 = SURFACE_STYLE_FILL_AREA(#16087);
#16087 = FILL_AREA_STYLE('',(#16088));
#16088 = FILL_AREA_STYLE_COLOUR('',#16060);
#16089 = STYLED_ITEM('color',(#16090),#645);
#16090 = PRESENTATION_STYLE_ASSIGNMENT((#16091));
#16091 = SURFACE_STYLE_USAGE(.BOTH.,#16092);
#16092 = SURFACE_SIDE_STYLE('',(#16093));
#16093 = SURFACE_STYLE_FILL_AREA(#16094);
#16094 = FILL_AREA_STYLE('',(#16095));
#16095 = FILL_AREA_STYLE_COLOUR('',#13687);
#16096 = STYLED_ITEM('color',(#16097),#669);
#16097 = PRESENTATION_STYLE_ASSIGNMENT((#16098));
#16098 = SURFACE_STYLE_USAGE(.BOTH.,#16099);
#16099 = SURFACE_SIDE_STYLE('',(#16100));
#16100 = SURFACE_STYLE_FILL_AREA(#16101);
#16101 = FILL_AREA_STYLE('',(#16102));
#16102 = FILL_AREA_STYLE_COLOUR('',#13687);
#16103 = STYLED_ITEM('color',(#16104),#700);
#16104 = PRESENTATION_STYLE_ASSIGNMENT((#16105));
#16105 = SURFACE_STYLE_USAGE(.BOTH.,#16106);
#16106 = SURFACE_SIDE_STYLE('',(#16107));
#16107 = SURFACE_STYLE_FILL_AREA(#16108);
#16108 = FILL_AREA_STYLE('',(#16109));
#16109 = FILL_AREA_STYLE_COLOUR('',#16060);
#16110 = STYLED_ITEM('color',(#16111),#733);
#16111 = PRESENTATION_STYLE_ASSIGNMENT((#16112));
#16112 = SURFACE_STYLE_USAGE(.BOTH.,#16113);
#16113 = SURFACE_SIDE_STYLE('',(#16114));
#16114 = SURFACE_STYLE_FILL_AREA(#16115);
#16115 = FILL_AREA_STYLE('',(#16116));
#16116 = FILL_AREA_STYLE_COLOUR('',#13687);
#16117 = STYLED_ITEM('color',(#16118),#789);
#16118 = PRESENTATION_STYLE_ASSIGNMENT((#16119));
#16119 = SURFACE_STYLE_USAGE(.BOTH.,#16120);
#16120 = SURFACE_SIDE_STYLE('',(#16121));
#16121 = SURFACE_STYLE_FILL_AREA(#16122);
#16122 = FILL_AREA_STYLE('',(#16123));
#16123 = FILL_AREA_STYLE_COLOUR('',#16060);
#16124 = STYLED_ITEM('color',(#16125),#813);
#16125 = PRESENTATION_STYLE_ASSIGNMENT((#16126));
#16126 = SURFACE_STYLE_USAGE(.BOTH.,#16127);
#16127 = SURFACE_SIDE_STYLE('',(#16128));
#16128 = SURFACE_STYLE_FILL_AREA(#16129);
#16129 = FILL_AREA_STYLE('',(#16130));
#16130 = FILL_AREA_STYLE_COLOUR('',#16060);
#16131 = STYLED_ITEM('color',(#16132),#837);
#16132 = PRESENTATION_STYLE_ASSIGNMENT((#16133));
#16133 = SURFACE_STYLE_USAGE(.BOTH.,#16134);
#16134 = SURFACE_SIDE_STYLE('',(#16135));
#16135 = SURFACE_STYLE_FILL_AREA(#16136);
#16136 = FILL_AREA_STYLE('',(#16137));
#16137 = FILL_AREA_STYLE_COLOUR('',#16060);
#16138 = STYLED_ITEM('color',(#16139),#861);
#16139 = PRESENTATION_STYLE_ASSIGNMENT((#16140));
#16140 = SURFACE_STYLE_USAGE(.BOTH.,#16141);
#16141 = SURFACE_SIDE_STYLE('',(#16142));
#16142 = SURFACE_STYLE_FILL_AREA(#16143);
#16143 = FILL_AREA_STYLE('',(#16144));
#16144 = FILL_AREA_STYLE_COLOUR('',#16060);
#16145 = STYLED_ITEM('color',(#16146),#894);
#16146 = PRESENTATION_STYLE_ASSIGNMENT((#16147));
#16147 = SURFACE_STYLE_USAGE(.BOTH.,#16148);
#16148 = SURFACE_SIDE_STYLE('',(#16149));
#16149 = SURFACE_STYLE_FILL_AREA(#16150);
#16150 = FILL_AREA_STYLE('',(#16151));
#16151 = FILL_AREA_STYLE_COLOUR('',#16060);
#16152 = STYLED_ITEM('color',(#16153),#906);
#16153 = PRESENTATION_STYLE_ASSIGNMENT((#16154));
#16154 = SURFACE_STYLE_USAGE(.BOTH.,#16155);
#16155 = SURFACE_SIDE_STYLE('',(#16156));
#16156 = SURFACE_STYLE_FILL_AREA(#16157);
#16157 = FILL_AREA_STYLE('',(#16158));
#16158 = FILL_AREA_STYLE_COLOUR('',#16060);
#16159 = STYLED_ITEM('color',(#16160),#969);
#16160 = PRESENTATION_STYLE_ASSIGNMENT((#16161));
#16161 = SURFACE_STYLE_USAGE(.BOTH.,#16162);
#16162 = SURFACE_SIDE_STYLE('',(#16163));
#16163 = SURFACE_STYLE_FILL_AREA(#16164);
#16164 = FILL_AREA_STYLE('',(#16165));
#16165 = FILL_AREA_STYLE_COLOUR('',#16060);
#16166 = STYLED_ITEM('color',(#16167),#994);
#16167 = PRESENTATION_STYLE_ASSIGNMENT((#16168));
#16168 = SURFACE_STYLE_USAGE(.BOTH.,#16169);
#16169 = SURFACE_SIDE_STYLE('',(#16170));
#16170 = SURFACE_STYLE_FILL_AREA(#16171);
#16171 = FILL_AREA_STYLE('',(#16172));
#16172 = FILL_AREA_STYLE_COLOUR('',#16060);
#16173 = STYLED_ITEM('color',(#16174),#1011);
#16174 = PRESENTATION_STYLE_ASSIGNMENT((#16175));
#16175 = SURFACE_STYLE_USAGE(.BOTH.,#16176);
#16176 = SURFACE_SIDE_STYLE('',(#16177));
#16177 = SURFACE_STYLE_FILL_AREA(#16178);
#16178 = FILL_AREA_STYLE('',(#16179));
#16179 = FILL_AREA_STYLE_COLOUR('',#16060);
#16180 = STYLED_ITEM('color',(#16181),#1035);
#16181 = PRESENTATION_STYLE_ASSIGNMENT((#16182));
#16182 = SURFACE_STYLE_USAGE(.BOTH.,#16183);
#16183 = SURFACE_SIDE_STYLE('',(#16184));
#16184 = SURFACE_STYLE_FILL_AREA(#16185);
#16185 = FILL_AREA_STYLE('',(#16186));
#16186 = FILL_AREA_STYLE_COLOUR('',#16060);
#16187 = STYLED_ITEM('color',(#16188),#1053);
#16188 = PRESENTATION_STYLE_ASSIGNMENT((#16189));
#16189 = SURFACE_STYLE_USAGE(.BOTH.,#16190);
#16190 = SURFACE_SIDE_STYLE('',(#16191));
#16191 = SURFACE_STYLE_FILL_AREA(#16192);
#16192 = FILL_AREA_STYLE('',(#16193));
#16193 = FILL_AREA_STYLE_COLOUR('',#16060);
#16194 = STYLED_ITEM('color',(#16195),#1071);
#16195 = PRESENTATION_STYLE_ASSIGNMENT((#16196));
#16196 = SURFACE_STYLE_USAGE(.BOTH.,#16197);
#16197 = SURFACE_SIDE_STYLE('',(#16198));
#16198 = SURFACE_STYLE_FILL_AREA(#16199);
#16199 = FILL_AREA_STYLE('',(#16200));
#16200 = FILL_AREA_STYLE_COLOUR('',#16060);
#16201 = STYLED_ITEM('color',(#16202),#1089);
#16202 = PRESENTATION_STYLE_ASSIGNMENT((#16203));
#16203 = SURFACE_STYLE_USAGE(.BOTH.,#16204);
#16204 = SURFACE_SIDE_STYLE('',(#16205));
#16205 = SURFACE_STYLE_FILL_AREA(#16206);
#16206 = FILL_AREA_STYLE('',(#16207));
#16207 = FILL_AREA_STYLE_COLOUR('',#16060);
#16208 = STYLED_ITEM('color',(#16209),#1106);
#16209 = PRESENTATION_STYLE_ASSIGNMENT((#16210));
#16210 = SURFACE_STYLE_USAGE(.BOTH.,#16211);
#16211 = SURFACE_SIDE_STYLE('',(#16212));
#16212 = SURFACE_STYLE_FILL_AREA(#16213);
#16213 = FILL_AREA_STYLE('',(#16214));
#16214 = FILL_AREA_STYLE_COLOUR('',#16060);
#16215 = STYLED_ITEM('color',(#16216),#1123);
#16216 = PRESENTATION_STYLE_ASSIGNMENT((#16217));
#16217 = SURFACE_STYLE_USAGE(.BOTH.,#16218);
#16218 = SURFACE_SIDE_STYLE('',(#16219));
#16219 = SURFACE_STYLE_FILL_AREA(#16220);
#16220 = FILL_AREA_STYLE('',(#16221));
#16221 = FILL_AREA_STYLE_COLOUR('',#16060);
#16222 = STYLED_ITEM('color',(#16223),#1154);
#16223 = PRESENTATION_STYLE_ASSIGNMENT((#16224));
#16224 = SURFACE_STYLE_USAGE(.BOTH.,#16225);
#16225 = SURFACE_SIDE_STYLE('',(#16226));
#16226 = SURFACE_STYLE_FILL_AREA(#16227);
#16227 = FILL_AREA_STYLE('',(#16228));
#16228 = FILL_AREA_STYLE_COLOUR('',#16060);
#16229 = STYLED_ITEM('color',(#16230),#1179);
#16230 = PRESENTATION_STYLE_ASSIGNMENT((#16231));
#16231 = SURFACE_STYLE_USAGE(.BOTH.,#16232);
#16232 = SURFACE_SIDE_STYLE('',(#16233));
#16233 = SURFACE_STYLE_FILL_AREA(#16234);
#16234 = FILL_AREA_STYLE('',(#16235));
#16235 = FILL_AREA_STYLE_COLOUR('',#16060);
#16236 = STYLED_ITEM('color',(#16237),#1204);
#16237 = PRESENTATION_STYLE_ASSIGNMENT((#16238));
#16238 = SURFACE_STYLE_USAGE(.BOTH.,#16239);
#16239 = SURFACE_SIDE_STYLE('',(#16240));
#16240 = SURFACE_STYLE_FILL_AREA(#16241);
#16241 = FILL_AREA_STYLE('',(#16242));
#16242 = FILL_AREA_STYLE_COLOUR('',#16060);
#16243 = STYLED_ITEM('color',(#16244),#1228);
#16244 = PRESENTATION_STYLE_ASSIGNMENT((#16245));
#16245 = SURFACE_STYLE_USAGE(.BOTH.,#16246);
#16246 = SURFACE_SIDE_STYLE('',(#16247));
#16247 = SURFACE_STYLE_FILL_AREA(#16248);
#16248 = FILL_AREA_STYLE('',(#16249));
#16249 = FILL_AREA_STYLE_COLOUR('',#16060);
#16250 = STYLED_ITEM('color',(#16251),#1245);
#16251 = PRESENTATION_STYLE_ASSIGNMENT((#16252));
#16252 = SURFACE_STYLE_USAGE(.BOTH.,#16253);
#16253 = SURFACE_SIDE_STYLE('',(#16254));
#16254 = SURFACE_STYLE_FILL_AREA(#16255);
#16255 = FILL_AREA_STYLE('',(#16256));
#16256 = FILL_AREA_STYLE_COLOUR('',#16257);
#16257 = COLOUR_RGB('',0.340000006699,0.68000001254,0.444999988852);
#16258 = STYLED_ITEM('color',(#16259),#1276);
#16259 = PRESENTATION_STYLE_ASSIGNMENT((#16260));
#16260 = SURFACE_STYLE_USAGE(.BOTH.,#16261);
#16261 = SURFACE_SIDE_STYLE('',(#16262));
#16262 = SURFACE_STYLE_FILL_AREA(#16263);
#16263 = FILL_AREA_STYLE('',(#16264));
#16264 = FILL_AREA_STYLE_COLOUR('',#16257);
#16265 = STYLED_ITEM('color',(#16266),#1300);
#16266 = PRESENTATION_STYLE_ASSIGNMENT((#16267));
#16267 = SURFACE_STYLE_USAGE(.BOTH.,#16268);
#16268 = SURFACE_SIDE_STYLE('',(#16269));
#16269 = SURFACE_STYLE_FILL_AREA(#16270);
#16270 = FILL_AREA_STYLE('',(#16271));
#16271 = FILL_AREA_STYLE_COLOUR('',#16257);
#16272 = STYLED_ITEM('color',(#16273),#1317);
#16273 = PRESENTATION_STYLE_ASSIGNMENT((#16274));
#16274 = SURFACE_STYLE_USAGE(.BOTH.,#16275);
#16275 = SURFACE_SIDE_STYLE('',(#16276));
#16276 = SURFACE_STYLE_FILL_AREA(#16277);
#16277 = FILL_AREA_STYLE('',(#16278));
#16278 = FILL_AREA_STYLE_COLOUR('',#16060);
#16279 = STYLED_ITEM('color',(#16280),#1345);
#16280 = PRESENTATION_STYLE_ASSIGNMENT((#16281));
#16281 = SURFACE_STYLE_USAGE(.BOTH.,#16282);
#16282 = SURFACE_SIDE_STYLE('',(#16283));
#16283 = SURFACE_STYLE_FILL_AREA(#16284);
#16284 = FILL_AREA_STYLE('',(#16285));
#16285 = FILL_AREA_STYLE_COLOUR('',#16060);
#16286 = STYLED_ITEM('color',(#16287),#1370);
#16287 = PRESENTATION_STYLE_ASSIGNMENT((#16288));
#16288 = SURFACE_STYLE_USAGE(.BOTH.,#16289);
#16289 = SURFACE_SIDE_STYLE('',(#16290));
#16290 = SURFACE_STYLE_FILL_AREA(#16291);
#16291 = FILL_AREA_STYLE('',(#16292));
#16292 = FILL_AREA_STYLE_COLOUR('',#16060);
#16293 = STYLED_ITEM('color',(#16294),#1394);
#16294 = PRESENTATION_STYLE_ASSIGNMENT((#16295));
#16295 = SURFACE_STYLE_USAGE(.BOTH.,#16296);
#16296 = SURFACE_SIDE_STYLE('',(#16297));
#16297 = SURFACE_STYLE_FILL_AREA(#16298);
#16298 = FILL_AREA_STYLE('',(#16299));
#16299 = FILL_AREA_STYLE_COLOUR('',#16060);
#16300 = STYLED_ITEM('color',(#16301),#1419);
#16301 = PRESENTATION_STYLE_ASSIGNMENT((#16302));
#16302 = SURFACE_STYLE_USAGE(.BOTH.,#16303);
#16303 = SURFACE_SIDE_STYLE('',(#16304));
#16304 = SURFACE_STYLE_FILL_AREA(#16305);
#16305 = FILL_AREA_STYLE('',(#16306));
#16306 = FILL_AREA_STYLE_COLOUR('',#16060);
#16307 = STYLED_ITEM('color',(#16308),#1466);
#16308 = PRESENTATION_STYLE_ASSIGNMENT((#16309));
#16309 = SURFACE_STYLE_USAGE(.BOTH.,#16310);
#16310 = SURFACE_SIDE_STYLE('',(#16311));
#16311 = SURFACE_STYLE_FILL_AREA(#16312);
#16312 = FILL_AREA_STYLE('',(#16313));
#16313 = FILL_AREA_STYLE_COLOUR('',#16060);
#16314 = STYLED_ITEM('color',(#16315),#1483);
#16315 = PRESENTATION_STYLE_ASSIGNMENT((#16316));
#16316 = SURFACE_STYLE_USAGE(.BOTH.,#16317);
#16317 = SURFACE_SIDE_STYLE('',(#16318));
#16318 = SURFACE_STYLE_FILL_AREA(#16319);
#16319 = FILL_AREA_STYLE('',(#16320));
#16320 = FILL_AREA_STYLE_COLOUR('',#16060);
#16321 = STYLED_ITEM('color',(#16322),#1495);
#16322 = PRESENTATION_STYLE_ASSIGNMENT((#16323));
#16323 = SURFACE_STYLE_USAGE(.BOTH.,#16324);
#16324 = SURFACE_SIDE_STYLE('',(#16325));
#16325 = SURFACE_STYLE_FILL_AREA(#16326);
#16326 = FILL_AREA_STYLE('',(#16327));
#16327 = FILL_AREA_STYLE_COLOUR('',#16060);
#16328 = STYLED_ITEM('color',(#16329),#1517);
#16329 = PRESENTATION_STYLE_ASSIGNMENT((#16330));
#16330 = SURFACE_STYLE_USAGE(.BOTH.,#16331);
#16331 = SURFACE_SIDE_STYLE('',(#16332));
#16332 = SURFACE_STYLE_FILL_AREA(#16333);
#16333 = FILL_AREA_STYLE('',(#16334));
#16334 = FILL_AREA_STYLE_COLOUR('',#16060);
#16335 = STYLED_ITEM('color',(#16336),#1529);
#16336 = PRESENTATION_STYLE_ASSIGNMENT((#16337));
#16337 = SURFACE_STYLE_USAGE(.BOTH.,#16338);
#16338 = SURFACE_SIDE_STYLE('',(#16339));
#16339 = SURFACE_STYLE_FILL_AREA(#16340);
#16340 = FILL_AREA_STYLE('',(#16341));
#16341 = FILL_AREA_STYLE_COLOUR('',#16060);
#16342 = STYLED_ITEM('color',(#16343),#1547);
#16343 = PRESENTATION_STYLE_ASSIGNMENT((#16344));
#16344 = SURFACE_STYLE_USAGE(.BOTH.,#16345);
#16345 = SURFACE_SIDE_STYLE('',(#16346));
#16346 = SURFACE_STYLE_FILL_AREA(#16347);
#16347 = FILL_AREA_STYLE('',(#16348));
#16348 = FILL_AREA_STYLE_COLOUR('',#16060);
#16349 = STYLED_ITEM('color',(#16350),#1565);
#16350 = PRESENTATION_STYLE_ASSIGNMENT((#16351));
#16351 = SURFACE_STYLE_USAGE(.BOTH.,#16352);
#16352 = SURFACE_SIDE_STYLE('',(#16353));
#16353 = SURFACE_STYLE_FILL_AREA(#16354);
#16354 = FILL_AREA_STYLE('',(#16355));
#16355 = FILL_AREA_STYLE_COLOUR('',#16257);
ENDSEC;
END-ISO-10303-21;
